# Blender 5.2.1 LTS
# www.blender.org
o crew_exosuit_seated
v 0.201015 0.477224 0.215718
v 0.200579 0.463775 0.235542
v 0.196401 0.464150 0.259131
v 0.190076 0.478205 0.277475
v 0.184021 0.500571 0.283567
v 0.180548 0.522706 0.275080
v 0.180984 0.536155 0.255256
v 0.185162 0.535780 0.231667
v 0.191487 0.521725 0.213323
v 0.197542 0.499358 0.207231
v 0.181199 0.454474 0.189250
v 0.180445 0.431181 0.223586
v 0.173207 0.431829 0.264443
v 0.162253 0.456173 0.296216
v 0.151766 0.494913 0.306767
v 0.145750 0.533252 0.292068
v 0.146504 0.556545 0.257732
v 0.153742 0.555896 0.216875
v 0.164695 0.531552 0.185102
v 0.175185 0.492812 0.174551
v 0.146639 0.440045 0.174822
v 0.145768 0.413148 0.214470
v 0.137412 0.413897 0.261648
v 0.124763 0.442008 0.298336
v 0.112652 0.486740 0.310520
v 0.105706 0.531010 0.293546
v 0.106577 0.557907 0.253898
v 0.114934 0.557157 0.206720
v 0.127583 0.529047 0.170033
v 0.139693 0.484314 0.157849
v 0.106596 0.437803 0.176300
v 0.105840 0.414509 0.210637
v 0.098604 0.415159 0.251494
v 0.087649 0.439502 0.283266
v 0.077161 0.478242 0.293818
v 0.071145 0.516581 0.279118
v 0.071900 0.539874 0.244782
v 0.079137 0.539225 0.203925
v 0.090092 0.514881 0.172153
v 0.100580 0.476141 0.161601
v 0.071797 0.448349 0.193289
v 0.071361 0.434900 0.213113
v 0.067183 0.435275 0.236702
v 0.060858 0.449330 0.255045
v 0.054803 0.471696 0.261137
v 0.051330 0.493831 0.252651
v 0.051766 0.507280 0.232827
v 0.055944 0.506905 0.209238
v 0.062269 0.492850 0.190894
v 0.068324 0.470483 0.184802
v 0.200777 0.502198 0.247134
v 0.051568 0.468856 0.221235
v 0.251313 0.991463 0.313483
v 0.247599 1.009514 0.351965
v 0.249424 1.087801 0.370313
v 0.247113 1.123069 0.353587
v 0.198235 0.985932 0.315696
v 0.191132 1.002771 0.353535
v 0.171424 1.082263 0.372530
v 0.169921 1.117568 0.355779
v 0.241346 0.955653 0.325594
v 0.235206 0.998414 0.380731
v 0.203452 0.996496 0.382447
v 0.213484 0.953735 0.327310
v 0.234386 1.090876 0.398345
v 0.182859 1.088958 0.400062
v 0.234167 1.153857 0.373574
v 0.182639 1.151939 0.375291
v 0.241123 0.982195 0.311199
v 0.208024 0.978746 0.312579
v 0.234908 0.959863 0.318751
v 0.217533 0.958667 0.319821
v -0.000001 1.322932 0.430994
v 0.084946 1.323020 0.405490
v 0.206085 1.299053 0.288507
v -0.000001 1.304894 0.398234
v 0.076111 1.304972 0.375748
v 0.176771 1.287113 0.291325
v 0.214664 1.262496 0.227345
v 0.160184 1.318423 0.349331
v 0.195583 1.258615 0.230822
v 0.136174 1.301857 0.333407
v -0.000001 1.390995 0.399093
v 0.084946 1.386884 0.373590
v 0.076111 1.368836 0.343848
v -0.000001 1.368759 0.366333
v 0.212819 1.270273 0.229559
v 0.193738 1.266392 0.233036
v 0.174582 1.316348 0.266446
v 0.196930 1.332531 0.277000
v 0.153236 1.369311 0.330580
v 0.136174 1.351308 0.307624
v -0.000001 0.755020 0.089904
v -0.000001 0.847952 0.061271
v -0.000001 0.927381 0.043429
v -0.000001 0.965386 0.021685
v -0.000001 1.020591 -0.014479
v 0.083214 0.784122 0.421486
v -0.000001 0.924027 0.466025
v 0.079598 0.923953 0.449577
v -0.000001 1.048080 0.473813
v 0.088057 1.046026 0.452592
v -0.000001 1.187931 0.463814
v 0.088932 1.183814 0.439991
v 0.207418 1.260167 0.300659
v -0.000001 1.050984 0.038191
v -0.000001 1.290776 0.380379
v 0.063081 1.290846 0.360129
v 0.153737 1.274761 0.284097
v -0.000001 1.050304 0.060825
v -0.000001 1.273164 0.378852
v 0.061471 1.273229 0.360031
v 0.145725 1.258123 0.285004
v -0.000001 1.081499 0.094999
v -0.000001 1.266402 0.338097
v 0.055309 1.266113 0.329679
v 0.125251 1.253156 0.272070
v -0.000001 1.096317 0.136714
v -0.000001 1.237171 0.308795
v 0.047965 1.236933 0.304652
v 0.101417 1.226534 0.262836
v -0.000001 1.098479 0.179660
v -0.000001 1.207457 0.302408
v 0.046414 1.207139 0.300510
v 0.087812 1.199270 0.265530
v -0.000001 1.104625 0.185866
v -0.000001 1.194253 0.273401
v 0.024758 1.194362 0.274396
v 0.062120 1.183314 0.246921
v 0.144537 0.787403 0.099729
v 0.157722 0.852767 0.090768
v 0.087620 0.757553 0.101569
v 0.102693 0.852517 0.076874
v 0.173969 0.965820 0.079391
v 0.096998 0.937733 0.064540
v 0.220624 1.243270 0.232491
v 0.216230 1.077266 0.100927
v 0.197043 1.033033 0.083969
v 0.098228 0.977713 0.039522
v 0.198680 1.175375 0.113137
v 0.153895 1.099439 0.042246
v 0.085098 1.042209 0.000040
v 0.139972 0.791077 0.392894
v 0.153995 0.923786 0.408486
v 0.159299 1.049021 0.410057
v 0.156415 1.185051 0.386469
v 0.165754 1.242188 0.226953
v 0.153019 1.173668 0.138884
v 0.116854 1.113990 0.083382
v 0.062430 1.068724 0.050029
v 0.117175 1.288040 0.321996
v 0.157140 1.222904 0.238208
v 0.156554 1.230521 0.237932
v 0.156960 1.224911 0.229943
v 0.145322 1.159280 0.157516
v 0.146309 1.167545 0.157268
v 0.143542 1.160752 0.149876
v 0.111709 1.103817 0.106898
v 0.114291 1.112296 0.105784
v 0.108342 1.105489 0.100062
v 0.061102 1.061524 0.075826
v 0.065237 1.069173 0.073528
v 0.056255 1.064731 0.070356
v 0.111877 1.265823 0.326445
v 0.107852 1.271212 0.325044
v 0.115447 1.269787 0.318802
v 0.135453 1.223502 0.233099
v 0.136385 1.231148 0.236207
v 0.134592 1.221140 0.223086
v 0.126279 1.169568 0.168028
v 0.127609 1.181355 0.175601
v 0.119576 1.168799 0.160844
v 0.099625 1.125118 0.129711
v 0.099672 1.133687 0.132340
v 0.093579 1.126704 0.126781
v 0.054240 1.090845 0.104020
v 0.065493 1.099310 0.106946
v 0.042144 1.091413 0.101695
v 0.098353 1.259417 0.304043
v 0.092677 1.264027 0.305570
v 0.100527 1.262747 0.299558
v 0.108480 1.202402 0.234014
v 0.107989 1.209907 0.236888
v 0.108442 1.204357 0.229458
v 0.104608 1.165900 0.191043
v 0.107096 1.177174 0.199050
v 0.098447 1.163339 0.183662
v 0.082415 1.128040 0.160234
v 0.090803 1.143284 0.171348
v 0.071837 1.127526 0.154880
v 0.050973 1.100711 0.143362
v 0.056862 1.112723 0.145815
v 0.042651 1.105088 0.142248
v 0.081226 1.227887 0.288588
v 0.075359 1.234855 0.290825
v 0.087722 1.231531 0.281639
v 0.101813 1.186363 0.244252
v 0.092725 1.186672 0.246722
v 0.093055 1.181193 0.240339
v 0.095049 1.152074 0.212807
v 0.088363 1.155997 0.217632
v 0.085881 1.149774 0.212504
v 0.077156 1.123090 0.190888
v 0.073237 1.129467 0.197371
v 0.067976 1.123592 0.193427
v 0.050525 1.100653 0.177249
v 0.049753 1.108689 0.184915
v 0.041711 1.105052 0.182820
v 0.077103 1.209508 0.290638
v 0.067133 1.205910 0.288530
v 0.074030 1.204571 0.282952
v 0.065144 1.169240 0.231013
v 0.062943 1.150222 0.213757
v 0.054348 1.129234 0.197713
v 0.035614 1.114743 0.189381
v 0.048719 1.190801 0.262152
v 0.225759 1.166120 0.132779
v -0.000001 0.804417 0.400740
v 0.071570 0.805901 0.390460
v 0.081769 0.759856 0.134531
v -0.000001 0.759161 0.121678
v 0.139790 0.794291 0.135217
v 0.145455 0.869446 0.121352
v 0.156040 0.921065 0.109029
v 0.119011 0.789193 0.361838
v 0.132344 0.923925 0.378941
v 0.135315 1.048261 0.380234
v 0.271775 1.060382 0.119347
v 0.289105 1.150643 0.151198
v 0.241836 1.033034 0.083969
v 0.314357 1.244070 0.307394
v 0.209669 1.188761 0.395211
v 0.327562 1.226207 0.233405
v 0.271775 1.044013 0.135702
v 0.289105 1.126898 0.172483
v 0.197545 1.008373 0.089379
v 0.241836 1.008373 0.089379
v 0.163918 1.164361 0.384222
v 0.209669 1.167786 0.386170
v 0.314357 1.206628 0.300071
v 0.327562 1.183038 0.250145
v 0.217234 1.060897 0.117283
v 0.226763 1.128812 0.141384
v 0.208422 1.223349 0.297091
v 0.221627 1.200302 0.250439
v 0.142316 1.164891 0.354721
v 0.176969 1.104177 0.150000
v 0.171833 1.175508 0.258093
v 0.149906 1.028549 0.110340
v 0.187145 1.021416 0.101257
v 0.154225 0.791744 0.184312
v 0.191244 0.921488 0.186314
v 0.150586 0.795037 0.321324
v 0.177621 0.921579 0.329482
v 0.185990 0.922480 0.263951
v 0.174153 0.801667 0.257241
v -0.000001 1.030054 0.001919
v 0.078041 1.050464 0.015604
v 0.142363 1.103969 0.055053
v 0.184464 1.174843 0.121153
v 0.199326 1.259377 0.230140
v -0.000001 1.042335 0.023202
v 0.068881 1.061179 0.035804
v 0.127395 1.109850 0.071675
v 0.166012 1.174154 0.131557
v 0.179673 1.247967 0.227065
v 0.166650 1.282881 0.289157
v 0.127438 1.297096 0.331776
v 0.069303 1.300002 0.373037
v -0.000001 1.299926 0.394783
v 0.200133 0.995190 0.068927
v 0.117566 0.971014 0.029614
v 0.199738 1.014635 0.064661
v 0.116597 0.939489 0.049341
v 0.181543 0.961636 0.054156
v 0.121943 0.764180 0.101032
v 0.118882 0.769824 0.135407
v 0.163417 0.961970 0.069810
v 0.147849 0.852722 0.081100
v 0.118917 0.778065 0.089865
v 0.089479 0.769270 0.090857
v -0.000001 0.766308 0.078744
v 0.135522 0.794636 0.088983
v 0.057094 0.759646 0.130652
v 0.059236 0.756732 0.097790
v 0.061700 0.768350 0.087097
v 0.089985 0.806355 0.084628
v 0.063094 0.806408 0.080301
v 0.064067 0.774525 0.096443
v 0.064137 0.803640 0.091535
v 0.084304 0.803600 0.094781
v 0.084902 0.775214 0.099263
v 0.060626 0.769487 0.126085
v 0.062042 0.766270 0.102856
v 0.083330 0.766885 0.105690
v 0.079133 0.769644 0.128994
v 0.099998 1.070188 0.031373
v 0.109157 1.063682 0.017104
v 0.131874 1.081120 0.028736
v 0.126010 1.032398 0.038547
v 0.146405 1.049065 0.048747
v 0.122241 1.087231 0.042712
v 0.138107 1.054097 0.050687
v 0.127282 1.076710 0.038218
v 0.121649 1.041747 0.044057
v 0.110808 1.063006 0.028112
v 0.106195 1.065361 0.034121
v 0.122306 1.078763 0.044002
v -0.000001 0.772297 0.115331
v -0.000001 0.706220 0.383693
v 0.095173 0.736931 0.359031
v 0.110352 0.725999 0.168321
v 0.120895 0.725720 0.204183
v 0.118237 0.726080 0.304266
v 0.135452 0.726805 0.257455
v 0.059285 0.683552 0.152361
v -0.000001 0.683851 0.153796
v -0.000001 0.555312 0.394921
v 0.095173 0.553991 0.374014
v 0.110352 0.553460 0.168321
v 0.112100 0.533071 0.292407
v 0.130417 0.434800 0.297974
v 0.059285 0.550758 0.152361
v -0.000001 0.551056 0.153796
v -0.000001 0.469842 0.338033
v -0.000001 0.450018 0.278735
v 0.102155 0.400657 0.214238
v 0.085182 0.516852 0.211442
v 0.094328 0.500001 0.212371
v 0.103735 0.449535 0.215230
v 0.102505 0.472793 0.255911
v 0.063391 0.470991 0.196905
v -0.000001 0.471144 0.202678
v 0.165374 0.606958 0.204183
v 0.179930 0.608043 0.257455
v 0.179930 0.554266 0.257455
v 0.165374 0.553182 0.204183
v 0.162716 0.607318 0.304266
v 0.162716 0.553542 0.304266
v 0.150275 0.485095 0.233383
v 0.137265 0.510210 0.231246
v 0.146672 0.459745 0.234105
v 0.148202 0.917754 0.398931
v 0.127234 0.872290 0.372386
v 0.167279 0.873168 0.326361
v 0.181262 0.874225 0.253397
v 0.143732 0.876654 0.394310
v 0.177107 0.871941 0.185549
v 0.165919 0.916106 0.092696
v 0.155522 0.871715 0.101178
v 0.204371 0.876757 0.186021
v 0.218287 0.915416 0.185475
v 0.194543 0.877984 0.326833
v 0.204664 0.915506 0.328644
v 0.213032 0.916407 0.263113
v 0.208527 0.879040 0.253870
v 0.168784 1.047864 0.357457
v 0.166355 1.133075 0.335420
v 0.194044 0.980509 0.318652
v 0.203562 0.968517 0.262666
v 0.187272 1.148909 0.251645
v 0.193556 1.085546 0.163021
v 0.200972 0.991934 0.191148
v 0.156072 1.055023 0.333223
v 0.155682 1.118269 0.312091
v 0.175712 1.003048 0.303502
v 0.183533 0.990022 0.256550
v 0.171879 1.131312 0.256215
v 0.175280 1.084064 0.184615
v 0.179304 1.014493 0.207414
v -0.000001 1.188783 0.268061
v 0.020835 1.188877 0.268922
v -0.000001 1.149507 0.230914
v 0.053879 1.149568 0.215475
v 0.056445 1.166079 0.230264
v 0.046440 1.131405 0.201592
v 0.030229 1.118865 0.194381
v -0.000001 1.110109 0.191340
v 0.042070 1.185647 0.258048
v 0.053780 1.178779 0.244496
v 0.055121 0.923976 0.454635
v 0.080117 0.903895 0.445547
v -0.000001 0.807840 0.424446
v 0.071512 0.808874 0.416431
v 0.071488 0.896792 0.433199
v 0.046492 0.916873 0.442287
v -0.000001 0.916924 0.450520
v 0.158492 1.060444 0.407465
v 0.162873 1.155348 0.387465
v 0.135701 1.067923 0.424455
v 0.135659 1.150886 0.412484
v 0.151251 1.144635 0.376885
v 0.150133 1.070240 0.393588
v 0.130751 1.139610 0.398763
v 0.131420 1.074450 0.408943
v -0.000001 1.285388 0.440423
v 0.086147 1.281042 0.415894
v 0.160990 1.270731 0.359985
v 0.202657 1.252468 0.309104
v 0.161277 1.259227 0.362597
v 0.086498 1.268815 0.418924
v -0.000001 1.272396 0.443582
v 0.157491 1.266168 0.357691
v 0.200638 1.257315 0.305233
v 0.156648 1.260868 0.357799
v 0.198064 1.253212 0.304681
v 0.083341 1.270232 0.413151
v 0.084120 1.276255 0.412625
v -0.000001 1.273720 0.437356
v -0.000001 1.280508 0.436702
v 0.107588 1.278098 0.399883
v 0.110748 1.303097 0.390640
v 0.136681 1.300268 0.371503
v 0.142274 1.273178 0.373900
v 0.144147 1.261423 0.375501
v 0.107992 1.266059 0.402734
v 0.142518 1.230202 0.384692
v 0.112207 1.235020 0.407412
v 0.106853 1.272668 0.394122
v 0.106652 1.267254 0.395549
v 0.136666 1.268277 0.371840
v 0.136976 1.263381 0.372652
v 0.131138 1.296802 0.370023
v 0.110516 1.299108 0.385494
v 0.112052 1.236644 0.400528
v 0.136329 1.232799 0.382390
v -0.000001 0.745767 0.090602
v 0.134752 0.756527 0.102992
v 0.159191 0.783425 0.099397
v 0.088898 0.748299 0.102268
v 0.196707 0.828783 0.093491
v 0.090648 0.661491 0.130190
v -0.000001 0.658388 0.115897
v 0.149020 0.671571 0.145648
v 0.168109 0.743641 0.135118
v 0.217456 0.827918 0.151936
v -0.000001 0.690173 0.095712
v 0.089768 0.697922 0.107256
v 0.139897 0.708805 0.107488
v 0.197173 0.748832 0.254473
v 0.229227 0.826816 0.254473
v -0.000001 0.749761 0.132456
v 0.084844 0.752300 0.144357
v 0.119769 0.763674 0.139445
v 0.135209 0.796834 0.135323
v 0.139403 0.842839 0.135735
v 0.153982 0.842354 0.160784
v -0.000001 0.680776 0.151335
v 0.084076 0.683774 0.165845
v 0.111591 0.689257 0.189805
v 0.116549 0.710329 0.254473
v 0.165621 0.842101 0.254473
v 0.056964 0.747395 0.098104
v 0.057523 0.695156 0.103136
v 0.058088 0.660383 0.125088
v 0.053856 0.682704 0.160666
v 0.054352 0.751393 0.140109
v -0.000001 0.700354 0.094777
v 0.057421 0.704722 0.102214
v 0.089608 0.707147 0.106343
v 0.138955 0.717544 0.106665
v 0.060480 0.740789 0.106741
v 0.060359 0.711498 0.111392
v 0.083962 0.713276 0.114420
v 0.083898 0.741452 0.109795
v 0.080157 0.742384 0.147136
v 0.059020 0.741719 0.135908
v -0.000001 0.745767 0.438925
v 0.134752 0.756527 0.401138
v 0.159191 0.783425 0.404733
v 0.088898 0.748299 0.427260
v 0.196707 0.828783 0.410639
v 0.090648 0.661491 0.399337
v -0.000001 0.658388 0.413630
v 0.149020 0.671571 0.358482
v 0.168109 0.743641 0.369012
v 0.217456 0.827918 0.352194
v -0.000001 0.690173 0.433815
v 0.089768 0.697922 0.422271
v 0.139897 0.708805 0.396642
v -0.000001 0.749761 0.380361
v 0.083668 0.752300 0.360890
v 0.109642 0.763674 0.346669
v 0.124773 0.800545 0.350793
v 0.129919 0.838864 0.345256
v 0.149370 0.842354 0.332909
v -0.000001 0.680776 0.378192
v 0.084076 0.683774 0.363682
v 0.105151 0.689257 0.322837
v 0.056964 0.747395 0.431423
v 0.057523 0.695156 0.426392
v 0.058088 0.660383 0.404439
v 0.053856 0.682704 0.368862
v 0.054352 0.751393 0.372707
v -0.000001 0.700354 0.434751
v 0.057421 0.704722 0.427313
v 0.089608 0.707147 0.423185
v 0.138955 0.717544 0.397465
v 0.060480 0.740789 0.422786
v 0.060359 0.711498 0.418135
v 0.083962 0.713276 0.415108
v 0.083898 0.741452 0.419733
v 0.080029 0.742384 0.363712
v 0.057668 0.741719 0.366827
v 0.190414 0.718903 0.177834
v 0.201537 0.714898 0.253594
v 0.182507 0.661045 0.253594
v 0.172784 0.664467 0.184517
v 0.172784 0.664467 0.319613
v 0.190414 0.718903 0.326296
v 0.151227 0.788402 0.100810
v 0.189937 0.837738 0.096547
v 0.208646 0.836546 0.153164
v 0.220399 0.835562 0.254473
v 0.208646 0.836546 0.350966
v 0.189936 0.837738 0.407584
v 0.152511 0.790246 0.402727
v 0.294324 1.039928 0.302808
v 0.314544 1.062983 0.327028
v 0.333275 1.095664 0.322977
v 0.346796 1.127412 0.291370
v 0.346601 1.144228 0.245091
v 0.332365 1.139466 0.201913
v 0.309925 1.115169 0.178233
v 0.291194 1.082487 0.182284
v 0.279893 1.051983 0.213352
v 0.280088 1.035167 0.259631
v 0.185076 0.984829 0.302203
v 0.157548 1.040664 0.341547
v 0.157095 1.109680 0.341547
v 0.145561 1.165515 0.302203
v 0.183752 1.186842 0.238542
v 0.183892 1.165515 0.174882
v 0.159655 1.109680 0.135537
v 0.160106 1.040664 0.135537
v 0.185076 0.984829 0.174882
v 0.185216 0.963502 0.238543
v 0.326814 1.010657 0.269730
v 0.357505 1.016778 0.283969
v 0.353595 1.038240 0.231458
v 0.385221 1.031243 0.278692
v 0.361450 1.124772 0.282291
v 0.399511 1.061540 0.222528
v 0.380486 1.065814 0.193145
v 0.351346 1.059539 0.178338
v 0.323630 1.045074 0.183615
v 0.305878 1.028145 0.207707
v 0.306086 1.015099 0.240969
v 0.309345 1.017386 0.291536
v 0.350566 1.025932 0.311565
v 0.389826 1.045771 0.303907
v 0.414639 1.069075 0.270568
v 0.414214 1.087075 0.224765
v 0.385777 1.093184 0.185064
v 0.343127 1.084781 0.165558
v 0.303866 1.064942 0.173216
v 0.280483 1.041495 0.206032
v 0.280771 1.023510 0.251886
v 0.238345 1.076215 0.167760
v 0.251300 1.125720 0.164856
v 0.264361 1.163616 0.195208
v 0.272540 1.175426 0.247223
v 0.272712 1.156640 0.301032
v 0.264813 1.114433 0.336083
v 0.251883 1.064955 0.338983
v 0.239240 1.027512 0.308571
v 0.231030 1.015669 0.256561
v 0.230778 1.034368 0.202763
v 0.491652 1.134500 0.262145
v 0.465160 1.120511 0.329158
v 0.375535 1.003980 0.363923
v 0.305353 0.986107 0.353815
v 0.245732 1.042995 0.154248
v 0.309851 1.071258 0.130309
v 0.416297 1.167451 0.149308
v 0.472988 1.152431 0.193449
v 0.498995 0.863396 0.184498
v 0.479052 0.832541 0.236478
v 0.445297 0.760110 0.243817
v 0.385159 0.741728 0.233887
v 0.339773 0.793807 0.082365
v 0.389345 0.823975 0.056245
v 0.434105 0.882755 0.083467
v 0.481780 0.882777 0.126217
v 0.419130 0.944084 0.092170
v 0.364203 0.899854 0.069702
v 0.302672 0.870039 0.103165
v 0.354230 0.813173 0.280051
v 0.427774 0.829660 0.288031
v 0.469889 0.889252 0.269227
v 0.493156 0.923366 0.209000
v 0.473825 0.944430 0.141849
v 0.377419 1.057148 0.112496
v 0.324396 1.014095 0.084789
v 0.253334 0.982189 0.126317
v 0.313723 0.918386 0.340716
v 0.399383 0.935051 0.351197
v 0.436852 0.995804 0.327048
v 0.419014 1.127973 0.274503
v 0.412563 1.107458 0.319242
v 0.363623 1.022269 0.344311
v 0.309320 1.006788 0.335886
v 0.294230 1.010255 0.276226
v 0.279495 1.025480 0.223065
v 0.260653 1.052232 0.175615
v 0.311462 1.075465 0.159291
v 0.374467 1.144029 0.179035
v 0.404463 1.141943 0.220949
v 0.358788 1.026737 0.231154
v 0.400358 0.872038 0.077626
v 0.449025 0.813754 0.252316
v 0.480220 0.843437 0.175685
v 0.468802 0.819155 0.219299
v 0.448418 0.809208 0.226189
v 0.445075 0.765625 0.218815
v 0.394675 0.747431 0.211655
v 0.397437 0.828822 0.169337
v 0.360016 0.787409 0.096450
v 0.402435 0.814384 0.076097
v 0.411120 0.854350 0.093540
v 0.431617 0.861137 0.093771
v 0.467031 0.858416 0.131361
v 0.396390 0.805473 0.086547
v 0.387600 0.817525 0.069417
v 0.358839 0.892116 0.085939
v 0.321530 1.006742 0.103708
v 0.301913 1.066540 0.137817
v 0.304061 1.072011 0.163255
v 0.346129 1.019424 0.337574
v 0.353833 1.001334 0.354191
v 0.376524 0.935573 0.334460
v 0.405878 0.828556 0.275094
v 0.429004 0.759583 0.231371
v 0.427982 0.761147 0.209732
v 0.511321 1.129311 0.250137
v 0.487388 1.116675 0.310677
v 0.457558 1.015421 0.313424
v 0.484442 1.050525 0.246588
v 0.443244 1.159080 0.148198
v 0.494460 1.145510 0.188076
v 0.463930 1.071707 0.172558
v 0.403867 1.070840 0.119596
v 0.490861 0.908256 0.256946
v 0.511882 0.939074 0.202536
v 0.494418 0.958103 0.141871
v 0.445006 0.957791 0.096991
v 0.527395 1.185218 0.264381
v 0.490142 1.152695 0.329800
v 0.512370 1.148858 0.311319
v 0.547064 1.180029 0.252373
v 0.446249 1.199222 0.148527
v 0.508731 1.203148 0.195685
v 0.530203 1.196229 0.190312
v 0.473197 1.190851 0.147417
v 0.275193 1.010478 0.296373
v 0.262567 0.990772 0.307168
v 0.267404 0.920195 0.300615
v 0.316079 0.813772 0.246612
v 0.351752 0.742681 0.204862
v 0.367427 0.753777 0.191771
v 0.252903 1.032872 0.217785
v 0.233963 1.019541 0.206371
v 0.232621 0.955848 0.179699
v 0.286271 0.845991 0.147002
v 0.325533 0.772043 0.119353
v 0.347590 0.775747 0.126529
v 0.241644 0.986092 0.285117
v 0.227319 1.001627 0.231203
v 0.225167 0.941247 0.211011
v 0.242591 0.921915 0.275260
v 0.243966 1.013383 0.214998
v 0.244006 0.954360 0.192176
v 0.296446 0.846720 0.157944
v 0.279319 0.834528 0.173354
v 0.329318 0.775486 0.129154
v 0.314571 0.765714 0.144409
v 0.294285 0.816687 0.225394
v 0.328006 0.749242 0.190030
v 0.266334 1.005198 0.276728
v 0.254867 1.017580 0.233605
v 0.260844 1.023848 0.222527
v 0.341370 0.770606 0.142545
v 0.352520 0.756918 0.180279
v 0.346315 0.777164 0.132242
v 0.265654 0.990648 0.294015
v 0.278054 1.005925 0.285354
v 0.270140 0.926299 0.285519
v 0.318597 0.821507 0.233215
v 0.349961 0.751096 0.197592
v 0.363310 0.757022 0.188492
v 0.458423 0.814508 0.055791
v 0.412241 0.816442 0.051478
v 0.471644 0.754660 0.229909
v 0.508005 0.763093 0.206059
v 0.527408 0.789322 0.164355
v 0.506704 0.812433 0.096627
v 0.439096 0.864698 0.075524
v 0.402948 0.849461 0.060722
v 0.465153 0.784661 0.247418
v 0.490713 0.810809 0.232551
v 0.511275 0.837964 0.188269
v 0.489792 0.862029 0.117961
v 0.432339 0.857601 0.089101
v 0.400086 0.843739 0.076573
v 0.451667 0.807411 0.069368
v 0.409379 0.810721 0.067330
v 0.453663 0.788751 0.235553
v 0.476916 0.811888 0.223239
v 0.460154 0.758749 0.218044
v 0.494208 0.764172 0.196748
v 0.494988 0.833555 0.186198
v 0.511121 0.784913 0.162285
v 0.476231 0.854349 0.124921
v 0.493143 0.804754 0.103587
v 0.386606 0.627860 0.084751
v 0.500321 0.683502 0.055677
v 0.524722 0.663118 0.127967
v 0.407399 0.610491 0.146351
v 0.478265 0.772204 0.069205
v 0.512770 0.743381 0.171426
v 0.383521 0.698709 0.193190
v 0.354118 0.723270 0.106085
v 0.441562 0.757457 0.057614
v 0.477862 0.667268 0.043248
v 0.510993 0.639593 0.141400
v 0.487268 0.719278 0.193016
v 0.367142 0.726753 0.074055
v 0.398257 0.631612 0.060065
v 0.431388 0.603936 0.158217
v 0.413356 0.688783 0.209346
v 0.388335 0.708609 0.077862
v 0.413493 0.644888 0.069257
v 0.440526 0.731460 0.066693
v 0.464689 0.665815 0.057877
v 0.440633 0.622218 0.149659
v 0.491828 0.643145 0.138279
v 0.478699 0.697094 0.175166
v 0.426507 0.674242 0.186334
v 0.397206 0.697027 0.089867
v 0.414577 0.648841 0.087460
v 0.449368 0.719902 0.078611
v 0.462989 0.689469 0.082426
v 0.431843 0.634418 0.138612
v 0.487419 0.653121 0.125126
v 0.476079 0.697590 0.157744
v 0.423910 0.674720 0.168979
v 0.455169 0.832161 0.097376
v 0.486936 0.805624 0.191488
v 0.463002 0.788063 0.212530
v 0.405517 0.762623 0.224839
v 0.370412 0.753845 0.216013
v 0.338645 0.780381 0.121901
v 0.363462 0.797753 0.100251
v 0.420947 0.823193 0.087941
v 0.434434 0.879284 0.128000
v 0.459753 0.858134 0.203010
v 0.435654 0.842899 0.221168
v 0.389515 0.823573 0.231288
v 0.362530 0.817425 0.224187
v 0.337210 0.838575 0.149177
v 0.355996 0.851572 0.131988
v 0.402136 0.870899 0.121868
v 0.388702 0.655718 0.024284
v 0.397901 0.668472 0.022898
v 0.397177 0.690027 0.141692
v 0.403853 0.696045 0.150173
v 0.401352 0.700179 0.140290
v 0.470467 0.703536 0.023581
v 0.454826 0.701768 0.022408
v 0.438434 0.716258 0.149878
v 0.446845 0.719058 0.141268
v 0.435933 0.720392 0.139995
v 0.504351 0.617323 0.042079
v 0.513548 0.630079 0.040692
v 0.483469 0.639469 0.167765
v 0.487705 0.632116 0.160557
v 0.491881 0.642269 0.159155
v 0.431784 0.582262 0.041395
v 0.447426 0.584027 0.042569
v 0.448888 0.619257 0.168060
v 0.442212 0.613238 0.159579
v 0.453124 0.611904 0.160852
v 0.450626 0.712025 0.102564
v 0.495662 0.635236 0.120451
v 0.491486 0.625083 0.121853
v 0.456905 0.604871 0.122148
v 0.445993 0.606205 0.120875
v 0.400957 0.682994 0.102988
v 0.405133 0.693146 0.101586
v 0.439714 0.713359 0.101291
v 0.474331 0.731650 0.081609
v 0.528262 0.639694 0.103029
v 0.516747 0.623729 0.104764
v 0.445474 0.582070 0.105372
v 0.425892 0.579859 0.103903
v 0.371961 0.671815 0.082483
v 0.383476 0.687780 0.080748
v 0.454749 0.729439 0.080140
v 0.565122 0.698299 0.152606
v 0.566002 0.653237 0.185874
v 0.521035 0.597208 0.107374
v 0.416451 0.559251 0.110073
v 0.366581 0.584175 0.105309
v 0.340982 0.633402 0.097733
v 0.349420 0.688198 0.090712
v 0.444235 0.762741 0.082411
v 0.499795 0.784909 0.156938
v 0.538782 0.746689 0.142579
v 0.546195 0.624692 -0.197572
v 0.536788 0.581702 -0.180423
v 0.499446 0.548991 -0.167686
v 0.455094 0.540912 -0.173762
v 0.414875 0.560548 -0.181279
v 0.394151 0.600400 -0.187364
v 0.400837 0.645246 -0.189694
v 0.432381 0.677957 -0.187378
v 0.485251 0.684180 -0.211173
v 0.525470 0.664544 -0.203657
v 0.472550 0.697659 -0.105611
v 0.431492 0.689075 -0.118106
v 0.405760 0.662229 -0.111408
v 0.398812 0.616309 -0.109673
v 0.420063 0.575325 -0.104445
v 0.461312 0.555248 -0.097725
v 0.499479 0.558342 -0.102883
v 0.529460 0.588529 -0.091423
v 0.536319 0.635403 -0.093781
v 0.514563 0.677064 -0.099195
v 0.453534 0.746244 0.024821
v 0.408654 0.737106 -0.022574
v 0.379394 0.700562 -0.017237
v 0.369207 0.634798 -0.008573
v 0.399954 0.575682 0.000725
v 0.459946 0.545621 0.006243
v 0.508290 0.545408 0.005765
v 0.534055 0.591393 0.048696
v 0.544165 0.657486 0.042132
v 0.513408 0.716636 0.033031
v 0.547520 0.697795 0.161654
v 0.548081 0.662577 0.187490
v 0.510076 0.616298 0.123033
v 0.400410 0.569613 0.119663
v 0.369733 0.592781 0.109421
v 0.349777 0.631158 0.103533
v 0.348159 0.670117 0.104449
v 0.448246 0.745521 0.101594
v 0.497061 0.766309 0.164328
v 0.526979 0.735512 0.153832
v 0.503009 0.686162 0.114390
v 0.457571 0.681490 -0.199775
v 0.517581 0.561785 -0.181833
v 0.529551 0.620987 -0.205327
v 0.521743 0.588720 -0.188736
v 0.507128 0.573564 -0.189809
v 0.490915 0.564988 -0.164636
v 0.459021 0.554810 -0.181174
v 0.427043 0.570422 -0.187151
v 0.410565 0.602109 -0.191989
v 0.415881 0.637766 -0.193842
v 0.439884 0.663118 -0.179620
v 0.461466 0.664649 -0.203460
v 0.483178 0.666253 -0.215677
v 0.513782 0.651311 -0.209958
v 0.462649 0.615054 -0.154712
v 0.441486 0.655480 -0.191305
v 0.433064 0.667485 -0.186496
v 0.432131 0.678688 -0.117270
v 0.409647 0.721703 -0.019891
v 0.434112 0.745034 0.078575
v 0.501762 0.596955 0.108251
v 0.488239 0.553684 0.004979
v 0.485989 0.563578 -0.103238
v 0.486020 0.554278 -0.170101
v 0.483591 0.565470 -0.178268
v 0.422231 0.732917 0.033204
v 0.381586 0.706772 0.040550
v 0.494791 0.577083 0.058673
v 0.455769 0.563812 0.060644
v 0.481318 0.678612 0.070346
v 0.424536 0.693217 -0.084377
v 0.423876 0.705093 -0.086246
v 0.415993 0.709150 -0.039327
v 0.415371 0.722359 -0.042464
v 0.451240 0.708839 -0.082811
v 0.444348 0.724140 -0.039288
v 0.486152 0.557564 -0.014618
v 0.486719 0.560370 -0.068155
v 0.504431 0.549929 -0.011739
v 0.502527 0.553867 -0.065297
v 0.520963 0.573359 -0.006947
v 0.522120 0.575591 -0.059367
v 0.421664 0.709389 -0.042678
v 0.422940 0.718986 -0.044702
v 0.429591 0.705619 -0.080734
v 0.428345 0.697021 -0.079660
v 0.442390 0.717659 -0.041576
v 0.447832 0.705762 -0.077411
v 0.516354 0.575994 -0.054621
v 0.501870 0.558677 -0.059552
v 0.515136 0.574551 -0.012157
v 0.502941 0.555959 -0.016234
v 0.490018 0.561708 -0.018872
v 0.490798 0.563579 -0.062175
v 0.550832 0.594610 -0.306302
v 0.475160 0.640202 -0.273410
v 0.566957 0.618503 -0.299505
v 0.494471 0.661918 -0.268082
v 0.598836 0.574727 -0.165486
v 0.526350 0.618142 -0.134062
v 0.583867 0.549245 -0.167420
v 0.508196 0.594837 -0.134528
v 0.600965 0.541679 -0.185968
v 0.572840 0.580299 -0.304202
v 0.588134 0.605023 -0.297356
v 0.615273 0.567755 -0.183262
v 0.530109 0.635634 -0.154164
v 0.606041 0.542827 -0.213306
v 0.598260 0.561734 -0.199328
v 0.512092 0.612965 -0.155359
v 0.540880 0.630768 -0.171319
v 0.612725 0.586778 -0.196276
v 0.620172 0.568863 -0.209643
v 0.523254 0.607922 -0.173136
v 0.524511 0.653247 -0.240136
v 0.588757 0.566562 -0.285970
v 0.578542 0.588811 -0.282225
v 0.506290 0.631216 -0.244450
v 0.508422 0.665415 -0.245337
v 0.593697 0.612907 -0.276271
v 0.603493 0.591767 -0.279762
v 0.489618 0.643826 -0.249840
v 0.506121 0.620566 -0.287189
v 0.524348 0.642970 -0.281378
v 0.557120 0.598626 -0.147756
v 0.540083 0.574614 -0.148719
v 0.479724 0.629006 -0.299594
v 0.498874 0.651114 -0.293349
v 0.459663 0.641729 -0.290666
v 0.479516 0.663391 -0.284733
v 0.539794 0.595351 -0.124015
v 0.522128 0.571219 -0.124116
v 0.519856 0.607996 -0.115142
v 0.501467 0.584323 -0.114921
v 0.580472 0.587284 -0.308140
v 0.597407 0.572667 -0.288739
v 0.615799 0.547412 -0.211423
v 0.610397 0.546191 -0.182335
v 0.592219 0.554164 -0.162628
v 0.549190 0.579766 -0.144030
v 0.530086 0.576154 -0.117852
v 0.502689 0.594138 -0.105461
v 0.509849 0.605326 -0.126323
v 0.513994 0.624614 -0.148488
v 0.525871 0.619248 -0.167403
v 0.507822 0.644034 -0.243283
v 0.490081 0.657451 -0.249018
v 0.474698 0.653595 -0.274098
v 0.458208 0.655220 -0.292458
v 0.485895 0.637639 -0.304787
v 0.513983 0.628659 -0.291587
v 0.557068 0.602434 -0.310402
v 0.521751 0.616431 -0.217594
v 0.457958 0.663843 -0.225629
v 0.401580 0.658396 -0.225469
v 0.420790 0.597000 -0.216392
v 0.525440 0.556217 -0.206088
v 0.478087 0.540014 -0.199915
v 0.603495 0.554251 -0.271786
v 0.498266 0.568357 -0.385050
v 0.605666 0.477881 -0.179571
v 0.577762 0.448498 -0.199068
v 0.538807 0.525725 -0.306486
v 0.460699 0.558078 -0.382699
v 0.439328 0.539795 -0.463478
v 0.441281 0.505838 -0.451411
v 0.485724 0.547234 -0.471535
v 0.492769 0.520666 -0.462226
v 0.625969 0.511428 -0.356883
v 0.639099 0.425724 -0.232253
v 0.494027 0.528514 -0.165454
v 0.455721 0.545362 -0.258385
v 0.444632 0.587168 -0.306177
v 0.499532 0.611390 -0.280570
v 0.551820 0.604091 -0.207884
v 0.546522 0.564711 -0.153647
v 0.576856 0.562140 -0.299275
v 0.606452 0.536259 -0.349898
v 0.509271 0.533906 -0.396917
v 0.495554 0.572188 -0.409945
v 0.444620 0.561810 -0.408978
v 0.468365 0.525262 -0.359044
v 0.566519 0.513593 -0.346421
v 0.565588 0.501754 -0.275036
v 0.593790 0.483728 -0.355409
v 0.613107 0.420273 -0.233790
v 0.576829 0.524509 -0.461717
v 0.564899 0.552688 -0.436729
v 0.619663 0.409846 -0.348177
v 0.542612 0.533623 -0.423991
v 0.554300 0.500793 -0.452318
v 0.601334 0.402731 -0.344097
v 0.534924 0.566424 -0.320063
v 0.459769 0.540097 -0.474226
v 0.604534 0.536889 -0.268502
v 0.584882 0.548210 -0.333385
v 0.561023 0.536613 -0.330009
v 0.579758 0.521316 -0.272907
v 0.561910 0.514922 -0.388787
v 0.598429 0.531096 -0.396032
v 0.608188 0.509096 -0.419605
v 0.572999 0.487952 -0.420398
v 0.613408 0.396448 -0.311556
v 0.576520 0.525037 -0.300613
v 0.600468 0.536253 -0.302637
v 0.633161 0.402181 -0.314373
v 0.549112 0.546267 -0.430744
v 0.562627 0.511630 -0.460645
v 0.515666 0.541460 -0.369020
v 0.456059 0.510338 -0.401150
v 0.508307 0.525224 -0.306707
v 0.609846 0.533772 -0.224131
v 0.623455 0.494265 -0.267216
v 0.616568 0.488017 -0.312822
v 0.601545 0.501566 -0.350799
v 0.581988 0.491325 -0.347925
v 0.598080 0.479940 -0.316550
v 0.600463 0.478885 -0.272082
v 0.614332 0.448488 -0.354278
v 0.596224 0.439328 -0.350830
v 0.625534 0.441430 -0.321235
v 0.634002 0.450691 -0.250111
v 0.608099 0.499773 -0.198184
v 0.609638 0.429307 -0.318107
v 0.613783 0.439367 -0.258406
v 0.571966 0.478005 -0.232152
v 0.457157 0.562162 -0.370691
v 0.443832 0.585017 -0.313778
v 0.456084 0.526997 -0.350973
v 0.447379 0.541165 -0.273625
v 0.499529 0.579819 -0.374831
v 0.499045 0.613915 -0.297164
v 0.527321 0.578480 -0.325282
v 0.618773 0.515705 -0.415544
v 0.631239 0.520682 -0.363922
v 0.610840 0.533582 -0.396403
v 0.615384 0.540853 -0.358248
v 0.629685 0.485021 -0.308877
v 0.637785 0.443145 -0.316350
v 0.633750 0.494359 -0.275019
v 0.643348 0.455249 -0.259590
v 0.615453 0.527955 -0.299759
v 0.616934 0.532362 -0.276367
v 0.647885 0.433182 -0.243729
v 0.644534 0.408513 -0.310264
v 0.460195 0.649287 -0.209858
v 0.506459 0.618355 -0.204451
v 0.429207 0.600245 -0.203470
v 0.431847 0.636931 -0.207234
v 0.506748 0.575720 -0.196486
v 0.469026 0.564995 -0.187547
v 0.456368 0.651418 -0.155932
v 0.493770 0.626331 -0.151733
v 0.460057 0.618317 -0.150506
v 0.431368 0.611804 -0.150813
v 0.436312 0.640241 -0.153376
v 0.493997 0.591924 -0.145304
v 0.464458 0.581095 -0.141710
v -0.031530 0.472089 0.382211
v 0.031527 0.472089 0.382211
v -0.056912 0.617957 0.422612
v 0.056909 0.617957 0.422612
v -0.056912 0.619383 0.408976
v 0.056909 0.619383 0.408976
v -0.031530 0.497646 0.357573
v 0.031527 0.497646 0.357573
v -0.047734 0.542083 0.435422
v -0.047734 0.545776 0.388190
v 0.047732 0.545776 0.388190
v 0.047732 0.542083 0.435422
v 0.034145 0.617957 0.422612
v 0.034145 0.619383 0.408976
v 0.023789 0.604634 0.424268
v 0.023789 0.604616 0.407140
v -0.023792 0.604634 0.424268
v -0.023792 0.604616 0.407140
v -0.034148 0.617957 0.422612
v -0.034148 0.619383 0.408976
v -0.031530 0.462384 0.294620
v -0.031530 0.434649 0.297381
v 0.031527 0.462384 0.294620
v 0.031527 0.434649 0.297381
v -0.097087 0.584747 0.398682
v -0.097087 0.581752 0.376088
v -0.099497 0.629673 0.393480
v -0.099497 0.631525 0.373522
v 0.098229 0.581752 0.376088
v 0.098229 0.584747 0.398682
v 0.098848 0.631525 0.373522
v 0.098848 0.629673 0.393480
v 0.031527 0.432115 0.182327
v -0.031530 0.432115 0.182327
v 0.084431 0.637613 0.098743
v -0.084749 0.637613 0.098743
v 0.084431 0.643028 0.129188
v -0.084749 0.643028 0.129188
v 0.031527 0.462027 0.201442
v -0.031530 0.462027 0.201442
v 0.070790 0.560702 0.101145
v 0.070790 0.574965 0.164079
v -0.071107 0.574965 0.164079
v -0.071107 0.560702 0.101145
v -0.050913 0.637613 0.098743
v -0.050913 0.643028 0.129188
v -0.035520 0.593932 0.100381
v -0.035520 0.598958 0.123290
v 0.035203 0.593932 0.100381
v 0.035203 0.598958 0.123290
v 0.050596 0.637613 0.098743
v 0.050596 0.643028 0.129188
v 0.150885 0.616800 0.129425
v 0.150885 0.617984 0.163411
v 0.125482 0.665063 0.125667
v 0.125482 0.670478 0.156112
v -0.152719 0.617984 0.163411
v -0.152719 0.616800 0.129425
v -0.124532 0.670478 0.156112
v -0.124532 0.665063 0.125667
v 0.052036 0.470933 0.133079
v 0.052036 0.492846 0.169210
v -0.052202 0.492846 0.169210
v -0.052202 0.470933 0.133079
v 0.031047 0.530335 0.111948
v -0.034209 0.529951 0.112085
v 0.133197 0.384825 0.294389
v 0.153546 0.428256 0.285979
v 0.152765 0.502134 0.262065
v 0.109618 0.547195 0.246744
v 0.129138 0.395640 0.382409
v 0.149486 0.439071 0.373999
v 0.148706 0.512949 0.350085
v 0.105559 0.558010 0.334764
v 0.172812 0.336174 0.314426
v 0.200486 0.413672 0.304551
v 0.197391 0.422758 0.362455
v 0.169718 0.345260 0.372330
v 0.187783 0.543481 0.274900
v 0.184689 0.552567 0.332804
v 0.125258 0.614825 0.257120
v 0.122163 0.623911 0.315025
v 0.103384 0.563586 0.258073
v 0.100620 0.570950 0.318005
v 0.111927 0.615822 0.304565
v 0.114034 0.609635 0.265138
v 0.129037 0.369199 0.309047
v 0.126131 0.376943 0.372078
v 0.157406 0.334360 0.323396
v 0.155190 0.340867 0.364861
v 0.294507 0.580841 0.278458
v 0.269048 0.580411 0.371775
v 0.240794 0.577114 0.422926
v 0.285267 0.575569 0.217255
v 0.306491 0.576595 0.151888
v 0.209175 0.609818 0.283503
v 0.175300 0.603353 0.406790
v 0.194542 0.590979 0.442296
v 0.271233 0.581482 0.213738
v 0.192489 0.551244 0.444393
v 0.277267 0.563243 0.153693
v 0.178629 0.597754 0.276267
v 0.142054 0.594141 0.403526
v 0.163219 0.579860 0.437315
v 0.239136 0.570869 0.210923
v 0.310519 0.555317 0.137303
v 0.289204 0.545578 0.138619
v 0.236039 0.563811 0.435830
v 0.205717 0.554308 0.450652
v 0.203452 0.581753 0.458613
v 0.187096 0.573449 0.465561
v 0.326837 0.570929 0.285042
v 0.300676 0.570582 0.380833
v 0.271068 0.567162 0.434049
v 0.317625 0.565637 0.223205
v 0.328306 0.563655 0.155429
v 0.304734 0.580077 0.280950
v 0.278862 0.579716 0.376177
v 0.249441 0.575550 0.429751
v 0.259218 0.553751 0.448937
v 0.241471 0.560304 0.445486
v 0.296051 0.574515 0.219606
v 0.318096 0.574170 0.152754
v 0.327311 0.544438 0.135021
v 0.320396 0.552143 0.133359
v 0.174091 0.606585 0.390766
v 0.141236 0.595732 0.387473
v 0.260200 0.582797 0.212218
v 0.198069 0.612678 0.280961
v 0.160845 0.610664 0.391645
v 0.162024 0.607531 0.407688
v 0.183194 0.592847 0.441522
v 0.197341 0.579589 0.462787
v 0.327026 0.570318 0.272908
v 0.304412 0.579287 0.268853
v 0.292907 0.579927 0.267853
v 0.218920 0.609619 0.271160
v 0.207783 0.612413 0.268784
v 0.188147 0.597615 0.264700
v 0.259754 0.579327 0.388602
v 0.187359 0.602929 0.388112
v 0.246204 0.586708 0.376344
v 0.195710 0.601971 0.375994
v 0.241257 0.589293 0.367846
v 0.326728 0.430356 0.286557
v 0.301270 0.429927 0.379873
v 0.273015 0.426630 0.431024
v 0.317489 0.425084 0.225354
v 0.338712 0.426111 0.159986
v 0.260578 0.369746 0.296422
v 0.224316 0.374430 0.419110
v 0.236043 0.397155 0.452727
v 0.307174 0.413629 0.222771
v 0.217898 0.432573 0.450779
v 0.306552 0.426474 0.161053
v 0.227936 0.367473 0.288659
v 0.190287 0.368876 0.415649
v 0.203028 0.393940 0.447321
v 0.273611 0.409860 0.219588
v 0.334019 0.445559 0.143209
v 0.310563 0.445824 0.143987
v 0.262960 0.438079 0.442597
v 0.231084 0.435838 0.457028
v 0.240048 0.410836 0.467811
v 0.221578 0.412403 0.474227
v 0.352040 0.453223 0.291376
v 0.325919 0.452686 0.387178
v 0.296335 0.449160 0.440399
v 0.342831 0.447916 0.229540
v 0.353258 0.447119 0.161700
v 0.335695 0.435481 0.288732
v 0.309845 0.435016 0.383964
v 0.280118 0.432279 0.437461
v 0.279717 0.458013 0.454089
v 0.266273 0.444469 0.451719
v 0.326847 0.430685 0.227346
v 0.348293 0.433138 0.160343
v 0.344952 0.462049 0.139454
v 0.341824 0.452066 0.138744
v 0.224885 0.369360 0.403532
v 0.190543 0.365451 0.399866
v 0.297675 0.407775 0.221636
v 0.251667 0.362356 0.294432
v 0.214443 0.360342 0.405115
v 0.213887 0.365311 0.420723
v 0.226467 0.390747 0.452398
v 0.233496 0.410732 0.471874
v 0.352229 0.452609 0.279242
v 0.335344 0.434824 0.276627
v 0.325128 0.429443 0.275951
v 0.269661 0.372639 0.283913
v 0.260692 0.365314 0.282082
v 0.236820 0.370299 0.276933
v 0.291975 0.428842 0.396700
v 0.235558 0.377823 0.400226
v 0.282893 0.415356 0.385565
v 0.243055 0.380857 0.387893
v 0.279621 0.410119 0.377489
v 0.278617 0.469927 0.219343
v 0.026373 0.414304 0.189372
v 0.289494 0.420894 -0.103874
v 0.107946 0.380738 -0.127720
v 0.090390 0.568269 0.236118
v 0.117718 0.552567 -0.064193
v 0.165520 0.583935 0.245978
v 0.193689 0.569815 -0.054214
v 0.197368 0.599477 0.130682
v 0.303043 0.417537 0.151537
v 0.049856 0.361706 0.121442
v 0.084640 0.575017 0.124690
v 0.086974 0.618833 0.124257
v 0.173739 0.637649 0.128676
v 0.178169 0.598580 -0.057028
v 0.119830 0.585171 -0.064690
v 0.150343 0.610530 0.243297
v 0.092428 0.598469 0.235714
v 0.274353 0.491609 -0.107679
v 0.241731 0.541430 -0.071940
v 0.240205 0.568558 0.139392
v 0.277459 0.532101 0.145480
v 0.091919 0.508196 -0.091616
v 0.092805 0.451453 -0.131526
v 0.025655 0.473326 0.115511
v 0.039430 0.520951 0.113285
v 0.227661 0.553157 0.210498
v 0.274420 0.489526 0.218288
v 0.022176 0.433904 0.188317
v 0.036615 0.510094 0.188511
v 0.268694 0.414572 0.219343
v 0.288833 0.371625 0.150719
v 0.282681 0.380917 -0.103825
v 0.059424 0.367376 0.195043
v 0.083026 0.325406 0.126869
v 0.131421 0.346950 -0.123681
v 0.280793 0.424012 -0.110736
v 0.194125 0.558425 -0.065603
v 0.237688 0.532239 -0.081679
v 0.267287 0.487091 -0.114131
v 0.125045 0.542842 -0.074669
v 0.115963 0.387554 -0.132387
v 0.102457 0.450632 -0.135782
v 0.101653 0.502150 -0.099547
v 0.127153 0.572061 -0.075097
v 0.180220 0.584085 -0.068130
v 0.097821 0.612222 0.093930
v 0.165754 0.626956 0.097443
v 0.170229 0.600225 -0.047190
v 0.124568 0.589663 -0.053187
v 0.185968 0.559841 -0.066752
v 0.131876 0.547571 -0.073851
v 0.132950 0.572673 -0.073658
v 0.174493 0.582168 -0.068206
v 0.110907 0.591293 0.093608
v 0.164676 0.602955 0.096375
v 0.166574 0.585573 -0.015562
v 0.130562 0.577162 -0.020303
v 0.180864 0.550559 -0.030577
v 0.138098 0.540921 -0.036198
v 0.137789 0.563169 -0.036193
v 0.170560 0.570705 -0.031881
v 0.082279 0.369084 0.198233
v 0.104194 0.327790 0.126993
v 0.272108 0.365665 0.148152
v 0.253158 0.407804 0.219772
v 0.265362 0.373228 -0.104721
v 0.148159 0.346771 -0.121734
v 0.095491 0.409578 0.197161
v 0.117069 0.368240 0.126423
v 0.248797 0.398048 0.141658
v 0.230195 0.440233 0.212760
v 0.242399 0.405657 -0.111733
v 0.161370 0.387266 -0.122806
v 0.107839 0.410254 0.193753
v 0.128470 0.371479 0.120201
v 0.238201 0.396313 0.132959
v 0.220091 0.435800 0.206752
v 0.232668 0.404483 -0.089012
v 0.165144 0.389157 -0.098240
v 0.130235 0.380051 0.199090
v 0.150112 0.343970 0.118494
v 0.230611 0.362186 0.127807
v 0.212553 0.398785 0.208623
v 0.226662 0.370367 -0.055450
v 0.177144 0.359128 -0.062217
v 0.132006 0.367132 0.002438
v 0.140249 0.369866 0.010472
v 0.159390 0.341566 0.024107
v 0.232058 0.357969 0.032571
v 0.239345 0.392235 0.022010
v 0.250957 0.393980 0.016231
v 0.277698 0.362164 0.019603
v 0.296227 0.369205 0.021407
v 0.308922 0.412898 0.021814
v 0.285700 0.516529 0.036220
v 0.247494 0.562938 0.048039
v 0.198152 0.593749 0.050995
v 0.174860 0.626386 0.049633
v 0.167400 0.620362 0.036118
v 0.165732 0.598395 0.048797
v 0.115571 0.587460 0.045177
v 0.104407 0.606602 0.031071
v 0.094366 0.608811 0.043321
v 0.093307 0.570865 0.042921
v 0.053735 0.518330 0.024224
v 0.045273 0.461775 0.008203
v 0.068210 0.359839 -0.006407
v 0.098829 0.324997 -0.001425
v 0.119441 0.326580 -0.000145
v 0.195940 0.529532 0.256884
v 0.156726 0.547418 0.263381
v 0.108496 0.537360 0.257052
v 0.073973 0.500013 0.226489
v 0.197567 0.457038 0.258335
v 0.111770 0.435486 0.232042
v 0.217007 0.529086 0.261374
v 0.248814 0.485803 0.266673
v 0.244917 0.434817 0.267391
v 0.251668 0.472471 0.267391
v 0.234350 0.430213 0.267682
v 0.218730 0.452272 0.262913
v 0.183759 0.556578 -0.206681
v 0.148737 0.548745 -0.209271
v 0.190095 0.577923 -0.114993
v 0.118774 0.561973 -0.120267
v 0.217143 0.547934 -0.109647
v 0.106645 0.523222 -0.117817
v 0.218850 0.528379 -0.200886
v 0.128636 0.508203 -0.207557
v 0.179598 0.568488 -0.149714
v 0.226369 0.542910 -0.142909
v 0.105179 0.515806 -0.151870
v 0.137146 0.558994 -0.152853
v 0.195427 0.548964 -0.083060
v 0.122245 0.532597 -0.088472
v 0.190532 0.515988 -0.234158
v 0.167221 0.510774 -0.235882
v 0.199915 0.169215 -0.283116
v 0.213801 0.382251 -0.255862
v 0.210786 0.172057 -0.271942
v 0.230530 0.371952 -0.248654
v 0.263021 0.451163 -0.130352
v 0.276971 0.437305 -0.133012
v 0.203945 0.390349 -0.237138
v 0.246441 0.450458 -0.131154
v 0.240120 0.191432 -0.239983
v 0.221164 0.119936 -0.379274
v 0.235607 0.125639 -0.359004
v 0.278950 0.185127 -0.203756
v 0.206106 0.120219 -0.380294
v 0.200685 0.132290 -0.364072
v 0.220661 0.108594 -0.375711
v 0.235111 0.110404 -0.356091
v 0.271794 0.134347 -0.225287
v 0.205591 0.108880 -0.376731
v 0.199911 0.114985 -0.361553
v 0.259015 0.061263 -0.354728
v 0.274909 0.090343 -0.220888
v 0.258162 0.029625 -0.351010
v 0.273602 0.010552 -0.225481
v 0.264429 0.297684 -0.171075
v 0.248955 0.260621 -0.230840
v 0.296860 0.249748 -0.174530
v 0.286065 0.228343 -0.209308
v 0.179227 0.115190 -0.363418
v 0.179945 0.132283 -0.365977
v 0.174226 0.170018 -0.281355
v 0.173922 0.379244 -0.252589
v 0.175083 0.386202 -0.235478
v 0.270734 0.425760 -0.059692
v 0.284313 0.413125 -0.065754
v 0.254382 0.424306 -0.058408
v 0.271281 0.276320 -0.113580
v 0.282245 0.165736 -0.150358
v 0.274200 0.113218 -0.166649
v 0.258663 0.083456 -0.180484
v 0.258050 0.005248 -0.194063
v 0.301483 0.233794 -0.130895
v 0.293620 0.195359 -0.120634
v 0.247937 0.412923 -0.022366
v 0.261515 0.400288 -0.028428
v 0.239480 0.416469 -0.035561
v 0.248300 0.263604 -0.076222
v 0.245580 0.158965 -0.125726
v 0.248261 0.222388 -0.090674
v 0.246045 0.191006 -0.101071
v 0.197041 0.409779 -0.010478
v 0.196614 0.396929 -0.015088
v 0.194825 0.415948 -0.030833
v 0.196268 0.259309 -0.064628
v 0.188489 0.153696 -0.101774
v 0.196241 0.220841 -0.078457
v 0.195875 0.183220 -0.069739
v 0.254545 0.245940 -0.226992
v 0.248694 0.200833 -0.233042
v 0.273947 0.196573 -0.209214
v 0.278409 0.224889 -0.212643
v 0.257439 0.223923 -0.206845
v 0.254879 0.206885 -0.208913
v 0.264629 0.205298 -0.199995
v 0.266330 0.215940 -0.201195
v 0.204823 0.366780 -0.237758
v 0.246514 0.427139 -0.131597
v 0.175045 0.364188 -0.235440
v 0.254455 0.400987 -0.058851
v 0.239554 0.393150 -0.036004
v 0.194894 0.392547 -0.031326
v 0.197626 0.375154 -0.221707
v 0.237683 0.422356 -0.132163
v 0.175788 0.372336 -0.220336
v 0.243851 0.408722 -0.079859
v 0.232973 0.400787 -0.056975
v 0.192556 0.400229 -0.052750
v 0.188679 0.527790 -0.198454
v 0.227585 0.496508 -0.104403
v 0.187188 0.496120 -0.100132
v 0.171986 0.527394 -0.196774
v 0.233629 0.482871 -0.052086
v 0.192494 0.482494 -0.047732
v 0.225687 0.475052 -0.029482
v 0.194186 0.474846 -0.026103
v 0.194138 0.448180 -0.035684
v 0.227476 0.448630 -0.039176
v 0.236026 0.456528 -0.061818
v 0.229943 0.470164 -0.114131
v 0.191823 0.422382 -0.219420
v 0.173130 0.421185 -0.217809
v 0.225567 0.101250 -0.356567
v 0.248076 0.055330 -0.356941
v 0.247481 0.034058 -0.349267
v 0.178909 0.104869 -0.362310
v 0.199858 0.104601 -0.360553
v 0.223386 0.095966 -0.325834
v 0.245895 0.050046 -0.326208
v 0.245273 0.026953 -0.323494
v 0.176726 0.099585 -0.331577
v 0.197676 0.099317 -0.329821
v 0.282508 0.355788 -0.046445
v 0.260051 0.348376 -0.007205
v 0.200236 0.346861 0.006242
v 0.237476 0.150964 -0.140693
v 0.250286 0.113813 -0.161733
v 0.242306 0.083324 -0.176451
v 0.240789 0.004544 -0.189201
v 0.185211 0.146078 -0.117951
v 0.149196 0.170778 -0.279686
v 0.132484 0.378880 -0.248197
v 0.140586 0.173858 -0.266943
v 0.118043 0.367095 -0.238121
v 0.106661 0.448760 -0.114148
v 0.092597 0.434472 -0.113904
v 0.142799 0.387864 -0.231356
v 0.122710 0.448557 -0.118331
v 0.119572 0.192897 -0.229857
v 0.140017 0.121454 -0.384773
v 0.123272 0.127620 -0.366499
v 0.083923 0.190112 -0.189431
v 0.155075 0.121210 -0.383735
v 0.158517 0.134374 -0.366164
v 0.139514 0.110135 -0.381206
v 0.122602 0.112754 -0.363568
v 0.078679 0.143463 -0.213189
v 0.154583 0.109849 -0.380186
v 0.158558 0.115750 -0.364357
v 0.096922 0.064340 -0.365705
v 0.064386 0.094263 -0.235121
v 0.096069 0.032702 -0.361987
v 0.063143 0.014547 -0.239733
v 0.104999 0.294502 -0.154991
v 0.114406 0.258040 -0.218133
v 0.076376 0.249951 -0.153441
v 0.080633 0.229515 -0.191682
v 0.114374 0.423358 -0.043488
v 0.099939 0.410292 -0.046646
v 0.130651 0.422405 -0.045585
v 0.111838 0.272191 -0.097850
v 0.086822 0.171712 -0.135521
v 0.081002 0.122938 -0.154260
v 0.074702 0.086898 -0.192890
v 0.074106 0.008739 -0.206519
v 0.081033 0.233404 -0.109851
v 0.088038 0.197853 -0.102259
v 0.144720 0.411337 -0.011669
v 0.130285 0.398272 -0.014827
v 0.150152 0.415096 -0.026303
v 0.141943 0.260934 -0.065626
v 0.127985 0.162211 -0.116259
v 0.141511 0.221605 -0.080206
v 0.139267 0.191917 -0.091250
v 0.110210 0.244027 -0.213741
v 0.113271 0.201937 -0.221475
v 0.090032 0.200142 -0.195021
v 0.087779 0.225802 -0.196628
v 0.110380 0.224216 -0.193994
v 0.111288 0.208184 -0.196880
v 0.102406 0.207437 -0.186590
v 0.101495 0.217334 -0.187394
v 0.143744 0.364179 -0.232026
v 0.122784 0.425238 -0.118774
v 0.130725 0.399086 -0.046028
v 0.150226 0.391777 -0.026746
v 0.151699 0.373338 -0.217346
v 0.131349 0.420722 -0.121143
v 0.136557 0.407073 -0.068739
v 0.152131 0.399545 -0.048597
v 0.155294 0.526998 -0.195094
v 0.144742 0.495801 -0.095614
v 0.150040 0.482158 -0.043218
v 0.162679 0.474514 -0.022797
v 0.160793 0.447605 -0.032265
v 0.147546 0.455169 -0.052648
v 0.142253 0.468816 -0.105043
v 0.153798 0.421075 -0.215738
v 0.131797 0.103030 -0.362917
v 0.107827 0.057992 -0.366439
v 0.107205 0.034899 -0.363725
v 0.157917 0.105397 -0.363394
v 0.129616 0.097746 -0.332184
v 0.105644 0.052708 -0.335706
v 0.105022 0.029615 -0.332992
v 0.155736 0.100113 -0.332661
v 0.108326 0.353087 -0.028403
v 0.138999 0.346517 0.005340
v 0.129971 0.154671 -0.132622
v 0.104987 0.121109 -0.152431
v 0.090344 0.086136 -0.186647
v 0.090517 0.007397 -0.199378
v 0.240647 0.118345 -0.172387
v 0.223215 0.116630 -0.164913
v 0.210431 0.083314 -0.175289
v 0.233616 0.085299 -0.187537
v 0.209980 0.004578 -0.188074
v 0.232217 0.006536 -0.200388
v 0.229574 0.155598 -0.152132
v 0.183338 0.151284 -0.132366
v 0.177875 0.113173 -0.145729
v 0.165287 0.082067 -0.166480
v 0.198924 0.023165 -0.157498
v 0.163734 0.023765 -0.159902
v 0.163566 0.000746 -0.163871
v 0.198940 0.000071 -0.161473
v 0.113541 0.124601 -0.164292
v 0.100589 0.087824 -0.196546
v 0.121828 0.085008 -0.181281
v 0.131286 0.121405 -0.159013
v 0.100732 0.009032 -0.209293
v 0.121016 0.006266 -0.194099
v 0.135509 0.158722 -0.145403
v 0.128544 0.024500 -0.162265
v 0.128192 0.001414 -0.166264
v 0.295785 0.241370 -0.170030
v 0.298865 0.230535 -0.140245
v 0.292291 0.199787 -0.134654
v 0.287226 0.222393 -0.195227
v 0.283410 0.175323 -0.156423
v 0.281097 0.188547 -0.192885
v 0.078173 0.241963 -0.149867
v 0.081465 0.224057 -0.177903
v 0.086460 0.202275 -0.116845
v 0.081158 0.230733 -0.120115
v 0.084070 0.193155 -0.178147
v 0.086132 0.180573 -0.141303
v 0.116056 0.030047 -0.401823
v 0.127473 0.078142 -0.395998
v 0.245567 0.029882 -0.385404
v 0.230446 0.080898 -0.382310
v 0.184234 0.088621 -0.415369
v 0.217209 0.087338 -0.412906
v 0.158054 0.089563 -0.417502
v 0.222081 0.028307 -0.420472
v 0.147353 0.028536 -0.427289
v 0.244793 0.052611 -0.390168
v 0.220608 0.054123 -0.425798
v 0.151755 0.057266 -0.431916
v 0.115813 0.059790 -0.407628
v 0.229822 0.085273 -0.341783
v 0.208956 0.093668 -0.343590
v 0.172471 0.097700 -0.346214
v 0.144770 0.096911 -0.348011
v 0.124843 0.083900 -0.348675
v 0.112260 0.056993 -0.327175
v 0.111203 0.033858 -0.326337
v 0.244673 0.033286 -0.317457
v 0.243348 0.057261 -0.318756
v 0.130387 0.325401 0.190348
v 0.143987 0.310193 0.127447
v 0.251236 0.334546 0.138741
v 0.240587 0.350598 0.202044
v 0.240714 0.339444 0.014946
v 0.184189 0.326509 0.007776
v 0.109187 0.357732 0.199130
v 0.124716 0.334682 0.124010
v 0.256469 0.364493 0.139207
v 0.243892 0.388387 0.214729
v 0.246812 0.367222 -0.004843
v 0.165782 0.348831 -0.015916
v 0.249940 0.341742 0.030182
v 0.258756 0.370384 0.012853
v 0.149616 0.345884 0.000856
v 0.171520 0.324036 0.022209
v 0.209695 0.346307 0.245207
v 0.213000 0.384095 0.257892
v 0.130664 0.364953 0.247859
v 0.151864 0.332621 0.239077
v -0.251316 0.991462 0.313483
v -0.247601 1.009514 0.351965
v -0.249426 1.087801 0.370313
v -0.247115 1.123069 0.353587
v -0.198237 0.985932 0.315696
v -0.191134 1.002771 0.353535
v -0.171427 1.082263 0.372530
v -0.169923 1.117568 0.355779
v -0.241349 0.955652 0.325594
v -0.235209 0.998413 0.380731
v -0.203455 0.996496 0.382447
v -0.213486 0.953734 0.327310
v -0.234388 1.090876 0.398345
v -0.182861 1.088958 0.400062
v -0.234170 1.153857 0.373574
v -0.182642 1.151939 0.375290
v -0.241125 0.982194 0.311199
v -0.208026 0.978746 0.312579
v -0.234911 0.959863 0.318751
v -0.217535 0.958667 0.319821
v -0.084949 1.323020 0.405490
v -0.206088 1.299053 0.288507
v -0.076113 1.304972 0.375748
v -0.176774 1.287113 0.291325
v -0.214667 1.262496 0.227345
v -0.160187 1.318423 0.349331
v -0.195586 1.258615 0.230822
v -0.136177 1.301857 0.333407
v -0.084949 1.386884 0.373590
v -0.076113 1.368836 0.343848
v -0.212821 1.270273 0.229559
v -0.193740 1.266392 0.233036
v -0.174585 1.316348 0.266446
v -0.196932 1.332531 0.277000
v -0.153239 1.369311 0.330580
v -0.136177 1.351308 0.307624
v -0.083217 0.784122 0.421486
v -0.079601 0.923953 0.449577
v -0.088059 1.046026 0.452592
v -0.088934 1.183814 0.439991
v -0.207421 1.260167 0.300659
v -0.063084 1.290846 0.360129
v -0.153739 1.274761 0.284097
v -0.061473 1.273229 0.360031
v -0.145728 1.258123 0.285004
v -0.055311 1.266113 0.329679
v -0.125254 1.253156 0.272070
v -0.047968 1.236933 0.304651
v -0.101420 1.226534 0.262836
v -0.046416 1.207139 0.300510
v -0.087815 1.199270 0.265530
v -0.024761 1.194362 0.274396
v -0.062123 1.183314 0.246921
v -0.144540 0.787403 0.099729
v -0.157725 0.852767 0.090767
v -0.087622 0.757553 0.101569
v -0.102695 0.852517 0.076874
v -0.173971 0.965820 0.079391
v -0.097001 0.937733 0.064540
v -0.220626 1.243270 0.232491
v -0.216233 1.077266 0.100927
v -0.197046 1.033033 0.083969
v -0.098230 0.977713 0.039522
v -0.198683 1.175375 0.113137
v -0.153898 1.099439 0.042246
v -0.085100 1.042209 0.000040
v -0.139974 0.791077 0.392894
v -0.153998 0.923786 0.408486
v -0.159302 1.049021 0.410057
v -0.156417 1.185051 0.386469
v -0.165757 1.242188 0.226953
v -0.153021 1.173668 0.138884
v -0.116857 1.113990 0.083382
v -0.062433 1.068724 0.050029
v -0.117178 1.288040 0.321996
v -0.157142 1.222904 0.238208
v -0.156556 1.230521 0.237932
v -0.156963 1.224911 0.229943
v -0.145325 1.159280 0.157516
v -0.146311 1.167545 0.157268
v -0.143545 1.160752 0.149876
v -0.111711 1.103817 0.106898
v -0.114293 1.112296 0.105784
v -0.108345 1.105489 0.100062
v -0.061105 1.061524 0.075826
v -0.065239 1.069173 0.073528
v -0.056257 1.064731 0.070356
v -0.111880 1.265823 0.326445
v -0.107854 1.271212 0.325044
v -0.115449 1.269787 0.318802
v -0.135455 1.223502 0.233099
v -0.136388 1.231148 0.236207
v -0.134595 1.221140 0.223086
v -0.126282 1.169568 0.168028
v -0.127611 1.181355 0.175601
v -0.119579 1.168799 0.160844
v -0.099628 1.125118 0.129711
v -0.099674 1.133687 0.132340
v -0.093582 1.126704 0.126781
v -0.054242 1.090845 0.104020
v -0.065496 1.099310 0.106946
v -0.042146 1.091413 0.101695
v -0.098356 1.259417 0.304043
v -0.092679 1.264027 0.305570
v -0.100530 1.262747 0.299558
v -0.108483 1.202402 0.234014
v -0.107992 1.209907 0.236888
v -0.108445 1.204357 0.229458
v -0.104611 1.165900 0.191043
v -0.107098 1.177174 0.199050
v -0.098450 1.163339 0.183662
v -0.082417 1.128040 0.160234
v -0.090806 1.143284 0.171348
v -0.071840 1.127526 0.154880
v -0.050975 1.100711 0.143362
v -0.056864 1.112723 0.145815
v -0.042654 1.105088 0.142248
v -0.081228 1.227887 0.288588
v -0.075361 1.234855 0.290825
v -0.087725 1.231531 0.281639
v -0.101815 1.186363 0.244252
v -0.092727 1.186672 0.246722
v -0.093058 1.181193 0.240339
v -0.095051 1.152074 0.212807
v -0.088365 1.155997 0.217632
v -0.085884 1.149774 0.212504
v -0.077158 1.123090 0.190888
v -0.073240 1.129467 0.197371
v -0.067979 1.123592 0.193427
v -0.050527 1.100653 0.177249
v -0.049756 1.108689 0.184915
v -0.041714 1.105052 0.182820
v -0.077106 1.209508 0.290638
v -0.067135 1.205910 0.288530
v -0.074032 1.204571 0.282952
v -0.065147 1.169240 0.231013
v -0.062946 1.150222 0.213757
v -0.054351 1.129234 0.197713
v -0.035616 1.114743 0.189381
v -0.048722 1.190801 0.262152
v -0.225762 1.166120 0.132779
v -0.071572 0.805901 0.390460
v -0.081771 0.759856 0.134531
v -0.139792 0.794291 0.135217
v -0.145458 0.869446 0.121352
v -0.156042 0.921065 0.109029
v -0.119014 0.789193 0.361838
v -0.132346 0.923925 0.378941
v -0.135317 1.048261 0.380234
v -0.271777 1.060382 0.119347
v -0.289108 1.150643 0.151198
v -0.241838 1.033033 0.083969
v -0.314359 1.244070 0.307394
v -0.209672 1.188761 0.395211
v -0.327565 1.226207 0.233404
v -0.271777 1.044013 0.135702
v -0.289108 1.126898 0.172483
v -0.197548 1.008373 0.089379
v -0.241838 1.008373 0.089379
v -0.163921 1.164361 0.384222
v -0.209672 1.167785 0.386170
v -0.314359 1.206628 0.300071
v -0.327565 1.183038 0.250145
v -0.217236 1.060897 0.117283
v -0.226765 1.128811 0.141384
v -0.208424 1.223349 0.297091
v -0.221630 1.200302 0.250439
v -0.142318 1.164891 0.354720
v -0.176971 1.104177 0.150000
v -0.171836 1.175508 0.258093
v -0.149908 1.028549 0.110340
v -0.187147 1.021416 0.101257
v -0.154227 0.791744 0.184312
v -0.191246 0.921488 0.186314
v -0.150588 0.795037 0.321324
v -0.177623 0.921579 0.329482
v -0.185992 0.922480 0.263951
v -0.174155 0.801667 0.257241
v -0.078043 1.050464 0.015604
v -0.142366 1.103969 0.055053
v -0.184467 1.174843 0.121153
v -0.199329 1.259377 0.230140
v -0.068883 1.061179 0.035804
v -0.127397 1.109850 0.071675
v -0.166014 1.174154 0.131557
v -0.179675 1.247967 0.227065
v -0.166653 1.282881 0.289157
v -0.127440 1.297096 0.331776
v -0.069305 1.300002 0.373037
v -0.200135 0.995190 0.068927
v -0.117568 0.971014 0.029614
v -0.199740 1.014635 0.064661
v -0.116599 0.939489 0.049341
v -0.181545 0.961636 0.054156
v -0.121946 0.764180 0.101032
v -0.118884 0.769824 0.135407
v -0.163419 0.961970 0.069810
v -0.147852 0.852722 0.081100
v -0.118920 0.778065 0.089865
v -0.089481 0.769270 0.090857
v -0.135525 0.794636 0.088983
v -0.057096 0.759646 0.130652
v -0.059238 0.756732 0.097790
v -0.061703 0.768350 0.087097
v -0.089988 0.806355 0.084628
v -0.063097 0.806408 0.080301
v -0.064070 0.774525 0.096443
v -0.064139 0.803640 0.091535
v -0.084307 0.803600 0.094781
v -0.084905 0.775214 0.099263
v -0.060629 0.769487 0.126085
v -0.062045 0.766270 0.102856
v -0.083332 0.766885 0.105690
v -0.079136 0.769644 0.128994
v -0.100000 1.070188 0.031373
v -0.109159 1.063682 0.017104
v -0.131876 1.081120 0.028736
v -0.126012 1.032398 0.038547
v -0.146407 1.049065 0.048747
v -0.122244 1.087231 0.042712
v -0.138109 1.054097 0.050687
v -0.127284 1.076710 0.038218
v -0.121652 1.041747 0.044057
v -0.110811 1.063006 0.028112
v -0.106197 1.065361 0.034121
v -0.122308 1.078763 0.044002
v -0.095176 0.736931 0.359031
v -0.110354 0.725999 0.168321
v -0.120897 0.725720 0.204183
v -0.118240 0.726080 0.304266
v -0.135454 0.726805 0.257455
v -0.059287 0.683552 0.152361
v -0.095176 0.553991 0.374014
v -0.110354 0.553460 0.168321
v -0.112102 0.533071 0.292407
v -0.130419 0.434800 0.297974
v -0.059287 0.550758 0.152361
v -0.102157 0.400658 0.214238
v -0.085184 0.516852 0.211442
v -0.094331 0.500001 0.212371
v -0.103737 0.449536 0.215230
v -0.102507 0.472793 0.255911
v -0.063394 0.470991 0.196905
v -0.165376 0.606958 0.204183
v -0.179933 0.608043 0.257455
v -0.179933 0.554266 0.257455
v -0.165376 0.553182 0.204183
v -0.162719 0.607318 0.304266
v -0.162719 0.553542 0.304266
v -0.150278 0.485095 0.233383
v -0.137268 0.510210 0.231245
v -0.146674 0.459745 0.234104
v -0.148204 0.917754 0.398931
v -0.127236 0.872290 0.372386
v -0.167282 0.873168 0.326361
v -0.181265 0.874225 0.253397
v -0.143734 0.876654 0.394310
v -0.177109 0.871941 0.185549
v -0.165922 0.916106 0.092696
v -0.155525 0.871715 0.101178
v -0.204374 0.876757 0.186021
v -0.218290 0.915416 0.185475
v -0.194546 0.877984 0.326833
v -0.204667 0.915506 0.328644
v -0.213035 0.916407 0.263113
v -0.208529 0.879040 0.253870
v -0.168787 1.047864 0.357457
v -0.166357 1.133074 0.335420
v -0.194047 0.980508 0.318652
v -0.203564 0.968517 0.262666
v -0.187274 1.148909 0.251645
v -0.193558 1.085546 0.163021
v -0.200974 0.991933 0.191148
v -0.156074 1.055023 0.333223
v -0.155685 1.118268 0.312091
v -0.175714 1.003048 0.303502
v -0.183535 0.990022 0.256550
v -0.171881 1.131312 0.256214
v -0.175282 1.084064 0.184615
v -0.179307 1.014493 0.207414
v -0.020837 1.188877 0.268922
v -0.053882 1.149568 0.215475
v -0.056448 1.166079 0.230264
v -0.046443 1.131405 0.201592
v -0.030232 1.118865 0.194381
v -0.042073 1.185647 0.258048
v -0.053783 1.178779 0.244496
v -0.055123 0.923976 0.454635
v -0.080120 0.903895 0.445547
v -0.071515 0.808874 0.416431
v -0.071491 0.896792 0.433199
v -0.046494 0.916873 0.442287
v -0.158495 1.060444 0.407465
v -0.162876 1.155348 0.387465
v -0.135703 1.067923 0.424455
v -0.135662 1.150886 0.412484
v -0.151254 1.144635 0.376885
v -0.150136 1.070240 0.393588
v -0.130753 1.139610 0.398763
v -0.131422 1.074450 0.408943
v -0.086150 1.281042 0.415894
v -0.160992 1.270731 0.359985
v -0.202660 1.252468 0.309104
v -0.161279 1.259227 0.362597
v -0.086500 1.268815 0.418924
v -0.157494 1.266168 0.357691
v -0.200641 1.257315 0.305233
v -0.156650 1.260868 0.357799
v -0.198066 1.253212 0.304681
v -0.083344 1.270232 0.413151
v -0.084122 1.276255 0.412625
v -0.107590 1.278098 0.399883
v -0.110751 1.303097 0.390640
v -0.136683 1.300268 0.371503
v -0.142277 1.273178 0.373900
v -0.144149 1.261423 0.375501
v -0.107994 1.266059 0.402734
v -0.142521 1.230202 0.384692
v -0.112210 1.235020 0.407412
v -0.106856 1.272668 0.394122
v -0.106654 1.267254 0.395549
v -0.136669 1.268277 0.371840
v -0.136979 1.263381 0.372652
v -0.131140 1.296802 0.370023
v -0.110519 1.299108 0.385494
v -0.112054 1.236644 0.400528
v -0.136332 1.232799 0.382390
v -0.134755 0.756527 0.102992
v -0.159193 0.783425 0.099397
v -0.088900 0.748299 0.102268
v -0.196709 0.828783 0.093491
v -0.090651 0.661491 0.130190
v -0.149022 0.671571 0.145648
v -0.168112 0.743641 0.135118
v -0.217458 0.827918 0.151936
v -0.089770 0.697922 0.107256
v -0.139900 0.708805 0.107488
v -0.197175 0.748832 0.254473
v -0.229230 0.826816 0.254473
v -0.084846 0.752300 0.144357
v -0.119772 0.763674 0.139445
v -0.135211 0.796834 0.135323
v -0.139406 0.842839 0.135735
v -0.153984 0.842354 0.160784
v -0.084078 0.683774 0.165845
v -0.111593 0.689257 0.189805
v -0.116552 0.710329 0.254473
v -0.165624 0.842101 0.254473
v -0.056967 0.747395 0.098104
v -0.057526 0.695156 0.103136
v -0.058091 0.660383 0.125088
v -0.053859 0.682704 0.160666
v -0.054354 0.751393 0.140109
v -0.057423 0.704722 0.102214
v -0.089611 0.707147 0.106343
v -0.138958 0.717544 0.106665
v -0.060482 0.740789 0.106741
v -0.060361 0.711498 0.111392
v -0.083965 0.713276 0.114419
v -0.083900 0.741452 0.109795
v -0.080160 0.742384 0.147136
v -0.059022 0.741719 0.135908
v -0.134755 0.756527 0.401138
v -0.159193 0.783425 0.404733
v -0.088900 0.748299 0.427259
v -0.196709 0.828783 0.410639
v -0.090651 0.661491 0.399337
v -0.149022 0.671571 0.358482
v -0.168112 0.743641 0.369012
v -0.217459 0.827918 0.352194
v -0.089771 0.697922 0.422271
v -0.139900 0.708805 0.396642
v -0.083671 0.752300 0.360890
v -0.109645 0.763674 0.346669
v -0.124775 0.800545 0.350793
v -0.129922 0.838864 0.345256
v -0.149373 0.842354 0.332909
v -0.084078 0.683774 0.363682
v -0.105154 0.689257 0.322837
v -0.056967 0.747395 0.431423
v -0.057526 0.695156 0.426392
v -0.058091 0.660383 0.404439
v -0.053859 0.682704 0.368862
v -0.054354 0.751393 0.372707
v -0.057423 0.704722 0.427313
v -0.089611 0.707147 0.423185
v -0.138958 0.717544 0.397465
v -0.060482 0.740789 0.422786
v -0.060361 0.711498 0.418135
v -0.083965 0.713276 0.415108
v -0.083900 0.741452 0.419733
v -0.080032 0.742384 0.363711
v -0.057671 0.741719 0.366827
v -0.190416 0.718903 0.177833
v -0.201539 0.714898 0.253594
v -0.182510 0.661045 0.253594
v -0.172787 0.664467 0.184517
v -0.172787 0.664467 0.319613
v -0.190416 0.718903 0.326296
v -0.151229 0.788402 0.100810
v -0.189939 0.837738 0.096547
v -0.208649 0.836546 0.153164
v -0.220402 0.835562 0.254473
v -0.208649 0.836546 0.350966
v -0.189939 0.837738 0.407584
v -0.152513 0.790246 0.402727
v -0.294327 1.039927 0.302808
v -0.314548 1.062981 0.327028
v -0.333278 1.095663 0.322977
v -0.346800 1.127411 0.291369
v -0.346605 1.144227 0.245091
v -0.332369 1.139465 0.201913
v -0.309929 1.115168 0.178233
v -0.291198 1.082487 0.182284
v -0.279896 1.051982 0.213352
v -0.280092 1.035166 0.259631
v -0.185078 0.984829 0.302203
v -0.157550 1.040664 0.341547
v -0.157097 1.109680 0.341547
v -0.145564 1.165515 0.302203
v -0.183755 1.186842 0.238542
v -0.183894 1.165515 0.174882
v -0.159657 1.109680 0.135537
v -0.160109 1.040664 0.135537
v -0.185078 0.984829 0.174882
v -0.185218 0.963502 0.238542
v -0.326819 1.010655 0.269730
v -0.357510 1.016776 0.283969
v -0.353600 1.038239 0.231457
v -0.385226 1.031241 0.278692
v -0.361451 1.124771 0.282291
v -0.399516 1.061538 0.222528
v -0.380491 1.065812 0.193144
v -0.351352 1.059537 0.178338
v -0.323635 1.045072 0.183615
v -0.305883 1.028143 0.207707
v -0.306092 1.015097 0.240968
v -0.309350 1.017384 0.291535
v -0.350571 1.025930 0.311565
v -0.389832 1.045769 0.303906
v -0.414644 1.069073 0.270568
v -0.414219 1.087073 0.224765
v -0.385782 1.093182 0.185064
v -0.343132 1.084779 0.165557
v -0.303871 1.064940 0.173216
v -0.280488 1.041494 0.206031
v -0.280776 1.023508 0.251885
v -0.238348 1.076214 0.167760
v -0.251304 1.125720 0.164856
v -0.264364 1.163615 0.195208
v -0.272543 1.175425 0.247223
v -0.272715 1.156639 0.301032
v -0.264816 1.114432 0.336082
v -0.251886 1.064955 0.338983
v -0.239243 1.027511 0.308570
v -0.231034 1.015669 0.256561
v -0.230781 1.034368 0.202763
v -0.491657 1.134498 0.262145
v -0.465165 1.120510 0.329157
v -0.375540 1.003978 0.363922
v -0.305358 0.986105 0.353814
v -0.245737 1.042993 0.154247
v -0.309856 1.071256 0.130308
v -0.416302 1.167449 0.149307
v -0.472993 1.152429 0.193449
v -0.499000 0.863394 0.184498
v -0.479057 0.832539 0.236477
v -0.445302 0.760108 0.243816
v -0.385164 0.741726 0.233887
v -0.339778 0.793805 0.082365
v -0.389350 0.823974 0.056245
v -0.434111 0.882753 0.083466
v -0.481785 0.882775 0.126217
v -0.419135 0.944082 0.092169
v -0.364208 0.899852 0.069701
v -0.302677 0.870037 0.103164
v -0.354235 0.813171 0.280051
v -0.427779 0.829658 0.288030
v -0.469894 0.889250 0.269227
v -0.493162 0.923364 0.208999
v -0.473830 0.944428 0.141848
v -0.377424 1.057146 0.112496
v -0.324401 1.014093 0.084788
v -0.253339 0.982186 0.126316
v -0.313728 0.918384 0.340715
v -0.399389 0.935049 0.351197
v -0.436857 0.995802 0.327047
v -0.419019 1.127972 0.274503
v -0.412568 1.107456 0.319242
v -0.363628 1.022267 0.344310
v -0.309325 1.006786 0.335885
v -0.294235 1.010253 0.276225
v -0.279500 1.025478 0.223065
v -0.260658 1.052230 0.175615
v -0.311467 1.075463 0.159291
v -0.374472 1.144027 0.179034
v -0.404468 1.141941 0.220949
v -0.358793 1.026735 0.231153
v -0.400363 0.872036 0.077626
v -0.449030 0.813752 0.252316
v -0.480225 0.843435 0.175685
v -0.468807 0.819153 0.219298
v -0.448423 0.809206 0.226188
v -0.445080 0.765624 0.218814
v -0.394680 0.747429 0.211654
v -0.397442 0.828820 0.169337
v -0.360021 0.787407 0.096449
v -0.402440 0.814382 0.076096
v -0.411126 0.854348 0.093539
v -0.431622 0.861135 0.093771
v -0.467036 0.858414 0.131360
v -0.396395 0.805471 0.086546
v -0.387605 0.817524 0.069417
v -0.358844 0.892114 0.085939
v -0.321535 1.006740 0.103707
v -0.301918 1.066538 0.137816
v -0.304067 1.072009 0.163254
v -0.346134 1.019422 0.337573
v -0.353838 1.001332 0.354190
v -0.376529 0.935571 0.334459
v -0.405883 0.828554 0.275093
v -0.429010 0.759580 0.231370
v -0.427987 0.761145 0.209731
v -0.511326 1.129309 0.250137
v -0.487393 1.116673 0.310676
v -0.457563 1.015419 0.313423
v -0.484447 1.050523 0.246587
v -0.443249 1.159078 0.148198
v -0.494465 1.145508 0.188076
v -0.463935 1.071705 0.172557
v -0.403872 1.070838 0.119595
v -0.490867 0.908254 0.256946
v -0.511887 0.939072 0.202535
v -0.494423 0.958102 0.141870
v -0.445011 0.957789 0.096990
v -0.527400 1.185216 0.264381
v -0.490147 1.152693 0.329799
v -0.512375 1.148856 0.311318
v -0.547069 1.180027 0.252372
v -0.446254 1.199220 0.148527
v -0.508736 1.203147 0.195684
v -0.530208 1.196227 0.190312
v -0.473202 1.190849 0.147417
v -0.275198 1.010476 0.296373
v -0.262573 0.990770 0.307168
v -0.267409 0.920193 0.300614
v -0.316084 0.813770 0.246612
v -0.351757 0.742679 0.204861
v -0.367432 0.753775 0.191771
v -0.252908 1.032870 0.217784
v -0.233968 1.019539 0.206371
v -0.232627 0.955845 0.179698
v -0.286276 0.845989 0.147002
v -0.325539 0.772040 0.119352
v -0.347595 0.775745 0.126528
v -0.241649 0.986090 0.285116
v -0.227324 1.001625 0.231202
v -0.225172 0.941245 0.211011
v -0.242596 0.921913 0.275259
v -0.243971 1.013380 0.214998
v -0.244011 0.954358 0.192175
v -0.296451 0.846717 0.157944
v -0.279324 0.834526 0.173354
v -0.329323 0.775485 0.129154
v -0.314576 0.765712 0.144408
v -0.294290 0.816685 0.225394
v -0.328011 0.749240 0.190030
v -0.266339 1.005196 0.276727
v -0.254872 1.017578 0.233604
v -0.260849 1.023846 0.222526
v -0.341375 0.770605 0.142544
v -0.352525 0.756916 0.180278
v -0.346320 0.777162 0.132242
v -0.265659 0.990646 0.294014
v -0.278060 1.005923 0.285353
v -0.270145 0.926297 0.285518
v -0.318602 0.821505 0.233215
v -0.349966 0.751094 0.197592
v -0.363315 0.757020 0.188492
v -0.458428 0.814506 0.055790
v -0.412246 0.816440 0.051478
v -0.471649 0.754657 0.229908
v -0.508010 0.763091 0.206059
v -0.527413 0.789319 0.164355
v -0.506710 0.812431 0.096626
v -0.439101 0.864696 0.075523
v -0.402953 0.849459 0.060721
v -0.465159 0.784659 0.247417
v -0.490718 0.810807 0.232550
v -0.511280 0.837963 0.188268
v -0.489797 0.862027 0.117961
v -0.432344 0.857599 0.089101
v -0.400091 0.843737 0.076572
v -0.451672 0.807409 0.069368
v -0.409384 0.810719 0.067329
v -0.453668 0.788749 0.235552
v -0.476921 0.811886 0.223239
v -0.460159 0.758747 0.218043
v -0.494213 0.764170 0.196748
v -0.494993 0.833553 0.186198
v -0.511126 0.784910 0.162284
v -0.476236 0.854347 0.124921
v -0.493148 0.804753 0.103586
v -0.386611 0.627858 0.084751
v -0.500326 0.683500 0.055676
v -0.524727 0.663116 0.127966
v -0.407404 0.610489 0.146350
v -0.478270 0.772202 0.069204
v -0.512775 0.743379 0.171426
v -0.383526 0.698707 0.193189
v -0.354124 0.723268 0.106084
v -0.441567 0.757455 0.057613
v -0.477867 0.667267 0.043248
v -0.510998 0.639591 0.141399
v -0.487273 0.719276 0.193016
v -0.367147 0.726750 0.074054
v -0.398262 0.631609 0.060064
v -0.431394 0.603934 0.158216
v -0.413361 0.688781 0.209345
v -0.388340 0.708606 0.077861
v -0.413498 0.644886 0.069257
v -0.440531 0.731458 0.066692
v -0.464694 0.665813 0.057876
v -0.440638 0.622216 0.149658
v -0.491834 0.643143 0.138278
v -0.478704 0.697091 0.175165
v -0.426513 0.674241 0.186334
v -0.397211 0.697024 0.089867
v -0.414582 0.648839 0.087459
v -0.449373 0.719900 0.078611
v -0.462995 0.689466 0.082425
v -0.431848 0.634416 0.138611
v -0.487424 0.653119 0.125125
v -0.476084 0.697588 0.157743
v -0.423915 0.674718 0.168978
v -0.455174 0.832160 0.097376
v -0.486941 0.805623 0.191487
v -0.463007 0.788060 0.212529
v -0.405523 0.762621 0.224838
v -0.370417 0.753843 0.216012
v -0.338650 0.780380 0.121901
v -0.363468 0.797751 0.100250
v -0.420952 0.823190 0.087940
v -0.434439 0.879282 0.127999
v -0.459758 0.858132 0.203009
v -0.435660 0.842897 0.221168
v -0.389520 0.823571 0.231287
v -0.362535 0.817423 0.224186
v -0.337215 0.838573 0.149177
v -0.356001 0.851570 0.131987
v -0.402141 0.870897 0.121867
v -0.388707 0.655716 0.024285
v -0.397905 0.668470 0.022899
v -0.397181 0.690024 0.141692
v -0.403857 0.696043 0.150173
v -0.401357 0.700177 0.140289
v -0.470472 0.703534 0.023582
v -0.454830 0.701766 0.022409
v -0.438438 0.716256 0.149878
v -0.446850 0.719056 0.141268
v -0.435938 0.720390 0.139994
v -0.504356 0.617321 0.042079
v -0.513553 0.630077 0.040693
v -0.483474 0.639467 0.167765
v -0.487710 0.632114 0.160557
v -0.491886 0.642267 0.159155
v -0.431788 0.582260 0.041396
v -0.447431 0.584025 0.042569
v -0.448893 0.619254 0.168060
v -0.442217 0.613235 0.159579
v -0.453129 0.611902 0.160852
v -0.450631 0.712023 0.102564
v -0.495666 0.635234 0.120451
v -0.491491 0.625081 0.121854
v -0.456910 0.604869 0.122149
v -0.445997 0.606203 0.120875
v -0.400962 0.682992 0.102988
v -0.405137 0.693144 0.101586
v -0.439718 0.713356 0.101291
v -0.474336 0.731648 0.081609
v -0.528267 0.639692 0.103029
v -0.516752 0.623726 0.104764
v -0.445479 0.582068 0.105372
v -0.425897 0.579857 0.103903
v -0.371966 0.671813 0.082483
v -0.383481 0.687778 0.080748
v -0.454754 0.729437 0.080140
v -0.565126 0.698297 0.152606
v -0.566007 0.653235 0.185875
v -0.521039 0.597206 0.107373
v -0.416456 0.559249 0.110073
v -0.366585 0.584173 0.105309
v -0.340987 0.633400 0.097733
v -0.349424 0.688196 0.090713
v -0.444239 0.762739 0.082411
v -0.499800 0.784907 0.156938
v -0.538787 0.746687 0.142579
v -0.546199 0.624690 -0.197572
v -0.536792 0.581701 -0.180423
v -0.499451 0.548989 -0.167686
v -0.455099 0.540910 -0.173761
v -0.414880 0.560546 -0.181279
v -0.394156 0.600398 -0.187364
v -0.400842 0.645244 -0.189694
v -0.432386 0.677955 -0.187378
v -0.485256 0.684179 -0.211173
v -0.525475 0.664543 -0.203657
v -0.472555 0.697657 -0.105611
v -0.431497 0.689073 -0.118107
v -0.405765 0.662227 -0.111407
v -0.398816 0.616307 -0.109672
v -0.420068 0.575323 -0.104445
v -0.461316 0.555246 -0.097724
v -0.499484 0.558340 -0.102882
v -0.529465 0.588527 -0.091422
v -0.536323 0.635401 -0.093781
v -0.514567 0.677062 -0.099194
v -0.453539 0.746242 0.024821
v -0.408658 0.737104 -0.022573
v -0.379399 0.700560 -0.017237
v -0.369212 0.634796 -0.008573
v -0.399959 0.575680 0.000726
v -0.459951 0.545619 0.006243
v -0.508294 0.545406 0.005765
v -0.534060 0.591391 0.048695
v -0.544170 0.657484 0.042132
v -0.513413 0.716634 0.033031
v -0.547525 0.697793 0.161655
v -0.548086 0.662575 0.187490
v -0.510081 0.616295 0.123033
v -0.400414 0.569611 0.119663
v -0.369738 0.592779 0.109421
v -0.349782 0.631156 0.103534
v -0.348164 0.670115 0.104449
v -0.448250 0.745519 0.101595
v -0.497065 0.766307 0.164328
v -0.526983 0.735510 0.153832
v -0.503014 0.686160 0.114391
v -0.457575 0.681488 -0.199775
v -0.517586 0.561783 -0.181833
v -0.529556 0.620985 -0.205327
v -0.521747 0.588718 -0.188735
v -0.507133 0.573562 -0.189808
v -0.490920 0.564986 -0.164635
v -0.459026 0.554808 -0.181174
v -0.427048 0.570420 -0.187150
v -0.410570 0.602108 -0.191989
v -0.415886 0.637764 -0.193842
v -0.439889 0.663116 -0.179619
v -0.461470 0.664647 -0.203461
v -0.483183 0.666251 -0.215677
v -0.513786 0.651309 -0.209957
v -0.462653 0.615052 -0.154712
v -0.441491 0.655478 -0.191305
v -0.433069 0.667483 -0.186496
v -0.432135 0.678686 -0.117270
v -0.409652 0.721701 -0.019891
v -0.434117 0.745032 0.078575
v -0.501767 0.596953 0.108251
v -0.488244 0.553681 0.004979
v -0.485994 0.563576 -0.103238
v -0.486025 0.554276 -0.170101
v -0.483596 0.565468 -0.178267
v -0.422236 0.732915 0.033205
v -0.381591 0.706770 0.040550
v -0.494796 0.577081 0.058673
v -0.455773 0.563810 0.060643
v -0.481323 0.678610 0.070346
v -0.424541 0.693215 -0.084378
v -0.423880 0.705091 -0.086246
v -0.415998 0.709148 -0.039327
v -0.415376 0.722357 -0.042463
v -0.451244 0.708837 -0.082811
v -0.444352 0.724138 -0.039288
v -0.486157 0.557562 -0.014617
v -0.486723 0.560368 -0.068155
v -0.504436 0.549927 -0.011739
v -0.502532 0.553865 -0.065297
v -0.520968 0.573358 -0.006947
v -0.522125 0.575590 -0.059367
v -0.421669 0.709387 -0.042678
v -0.422945 0.718984 -0.044701
v -0.429596 0.705617 -0.080733
v -0.428349 0.697019 -0.079659
v -0.442395 0.717657 -0.041576
v -0.447837 0.705760 -0.077411
v -0.516359 0.575992 -0.054622
v -0.501874 0.558675 -0.059553
v -0.515141 0.574549 -0.012156
v -0.502946 0.555957 -0.016234
v -0.490023 0.561706 -0.018873
v -0.490802 0.563577 -0.062176
v -0.550834 0.594610 -0.306304
v -0.475162 0.640202 -0.273412
v -0.566959 0.618503 -0.299507
v -0.494473 0.661918 -0.268084
v -0.598838 0.574727 -0.165488
v -0.526352 0.618142 -0.134065
v -0.583870 0.549245 -0.167423
v -0.508198 0.594838 -0.134530
v -0.600967 0.541680 -0.185970
v -0.572843 0.580300 -0.304204
v -0.588136 0.605023 -0.297358
v -0.615275 0.567756 -0.183264
v -0.530111 0.635635 -0.154166
v -0.606043 0.542828 -0.213308
v -0.598262 0.561734 -0.199330
v -0.512094 0.612965 -0.155362
v -0.540883 0.630768 -0.171321
v -0.612727 0.586778 -0.196278
v -0.620174 0.568864 -0.209645
v -0.523256 0.607923 -0.173138
v -0.524513 0.653247 -0.240138
v -0.588758 0.566563 -0.285971
v -0.578544 0.588812 -0.282227
v -0.506293 0.631216 -0.244452
v -0.508424 0.665416 -0.245339
v -0.593699 0.612908 -0.276273
v -0.603495 0.591767 -0.279764
v -0.489620 0.643826 -0.249842
v -0.506123 0.620566 -0.287191
v -0.524349 0.642971 -0.281379
v -0.557122 0.598627 -0.147758
v -0.540085 0.574615 -0.148721
v -0.479726 0.629006 -0.299596
v -0.498876 0.651114 -0.293350
v -0.459665 0.641729 -0.290668
v -0.479518 0.663391 -0.284736
v -0.539796 0.595351 -0.124017
v -0.522130 0.571220 -0.124118
v -0.519859 0.607996 -0.115144
v -0.501469 0.584324 -0.114923
v -0.580474 0.587285 -0.308141
v -0.597410 0.572667 -0.288742
v -0.615801 0.547413 -0.211425
v -0.610399 0.546192 -0.182337
v -0.592221 0.554165 -0.162630
v -0.549193 0.579767 -0.144032
v -0.530088 0.576155 -0.117854
v -0.502691 0.594139 -0.105463
v -0.509851 0.605326 -0.126325
v -0.513997 0.624614 -0.148490
v -0.525873 0.619249 -0.167405
v -0.507824 0.644034 -0.243285
v -0.490084 0.657452 -0.249020
v -0.474700 0.653595 -0.274100
v -0.458210 0.655220 -0.292460
v -0.485897 0.637640 -0.304789
v -0.513985 0.628660 -0.291589
v -0.557070 0.602434 -0.310404
v -0.521756 0.616429 -0.217594
v -0.457963 0.663841 -0.225628
v -0.401585 0.658394 -0.225470
v -0.420795 0.596998 -0.216392
v -0.525444 0.556215 -0.206088
v -0.478092 0.540012 -0.199915
v -0.603498 0.554251 -0.271789
v -0.498269 0.568357 -0.385052
v -0.605668 0.477883 -0.179575
v -0.577764 0.448499 -0.199072
v -0.538810 0.525725 -0.306486
v -0.460701 0.558079 -0.382700
v -0.439330 0.539795 -0.463479
v -0.441283 0.505839 -0.451413
v -0.485726 0.547235 -0.471536
v -0.492770 0.520667 -0.462227
v -0.625973 0.511426 -0.356884
v -0.639099 0.425728 -0.232258
v -0.494030 0.528514 -0.165456
v -0.455723 0.545362 -0.258387
v -0.444634 0.587168 -0.306178
v -0.499534 0.611390 -0.280571
v -0.551822 0.604091 -0.207886
v -0.546525 0.564711 -0.153649
v -0.576859 0.562140 -0.299276
v -0.606456 0.536257 -0.349898
v -0.509273 0.533906 -0.396919
v -0.495557 0.572188 -0.409947
v -0.444622 0.561811 -0.408980
v -0.468367 0.525262 -0.359045
v -0.566523 0.513592 -0.346421
v -0.565590 0.501755 -0.275039
v -0.593793 0.483727 -0.355409
v -0.613107 0.420278 -0.233795
v -0.576831 0.524510 -0.461716
v -0.564902 0.552689 -0.436728
v -0.619663 0.409850 -0.348182
v -0.542615 0.533623 -0.423990
v -0.554302 0.500794 -0.452317
v -0.601334 0.402735 -0.344102
v -0.534927 0.566424 -0.320064
v -0.459771 0.540097 -0.474227
v -0.604532 0.536893 -0.268507
v -0.584880 0.548213 -0.333390
v -0.561020 0.536616 -0.330015
v -0.579756 0.521320 -0.272911
v -0.561912 0.514923 -0.388786
v -0.598431 0.531097 -0.396031
v -0.608190 0.509098 -0.419605
v -0.573001 0.487954 -0.420397
v -0.613409 0.396452 -0.311561
v -0.576519 0.525039 -0.300617
v -0.600466 0.536256 -0.302642
v -0.633162 0.402186 -0.314379
v -0.549114 0.546268 -0.430743
v -0.562629 0.511631 -0.460644
v -0.515669 0.541461 -0.369021
v -0.456061 0.510339 -0.401152
v -0.508308 0.525225 -0.306709
v -0.609848 0.533774 -0.224134
v -0.623454 0.494270 -0.267221
v -0.616567 0.488021 -0.312828
v -0.601544 0.501570 -0.350805
v -0.581987 0.491328 -0.347930
v -0.598079 0.479944 -0.316556
v -0.600462 0.478889 -0.272086
v -0.614331 0.448492 -0.354283
v -0.596224 0.439331 -0.350835
v -0.625534 0.441434 -0.321241
v -0.634001 0.450696 -0.250116
v -0.608101 0.499774 -0.198188
v -0.609638 0.429311 -0.318113
v -0.613783 0.439372 -0.258410
v -0.571968 0.478007 -0.232156
v -0.457159 0.562162 -0.370693
v -0.443834 0.585018 -0.313779
v -0.456086 0.526997 -0.350974
v -0.447382 0.541165 -0.273627
v -0.499531 0.579819 -0.374832
v -0.499047 0.613916 -0.297166
v -0.527323 0.578480 -0.325283
v -0.618775 0.515706 -0.415544
v -0.631243 0.520680 -0.363922
v -0.610842 0.533584 -0.396403
v -0.615388 0.540852 -0.358248
v -0.629685 0.485025 -0.308883
v -0.637785 0.443149 -0.316356
v -0.633749 0.494364 -0.275024
v -0.643347 0.455254 -0.259594
v -0.615451 0.527958 -0.299765
v -0.616932 0.532366 -0.276372
v -0.647885 0.433187 -0.243735
v -0.644534 0.408518 -0.310270
v -0.460200 0.649285 -0.209858
v -0.506464 0.618353 -0.204451
v -0.429212 0.600243 -0.203470
v -0.431852 0.636929 -0.207234
v -0.506752 0.575718 -0.196486
v -0.469030 0.564993 -0.187547
v -0.456372 0.651416 -0.155932
v -0.493775 0.626329 -0.151733
v -0.460062 0.618315 -0.150506
v -0.431373 0.611802 -0.150814
v -0.436317 0.640239 -0.153376
v -0.494002 0.591921 -0.145304
v -0.464462 0.581093 -0.141709
v 0.056909 0.617957 0.422612
v 0.056909 0.619383 0.408976
v 0.047732 0.542083 0.435422
v 0.047732 0.545776 0.388190
v 0.097085 0.584747 0.398682
v 0.097085 0.581752 0.376088
v 0.099495 0.629673 0.393480
v 0.099495 0.631525 0.373522
v -0.098231 0.581752 0.376088
v -0.098231 0.584747 0.398682
v -0.098850 0.631525 0.373522
v -0.098850 0.629673 0.393480
v -0.084434 0.637613 0.098743
v 0.084746 0.637613 0.098743
v -0.084434 0.643028 0.129188
v 0.084746 0.643028 0.129188
v -0.070792 0.560702 0.101145
v -0.070792 0.574965 0.164079
v 0.071105 0.574965 0.164079
v 0.071105 0.560702 0.101145
v 0.050911 0.637613 0.098743
v 0.050911 0.643028 0.129188
v 0.035518 0.593932 0.100381
v 0.035518 0.598958 0.123290
v -0.035205 0.593932 0.100381
v -0.035205 0.598958 0.123290
v -0.050598 0.637613 0.098743
v -0.050598 0.643028 0.129188
v -0.150887 0.616800 0.129425
v -0.150887 0.617984 0.163411
v -0.125485 0.665063 0.125667
v -0.125485 0.670478 0.156112
v 0.152716 0.617984 0.163411
v 0.152716 0.616800 0.129425
v 0.124530 0.670478 0.156112
v 0.124530 0.665063 0.125667
v -0.052039 0.470933 0.133079
v -0.052039 0.492846 0.169210
v 0.052200 0.492846 0.169210
v 0.052200 0.470933 0.133079
v -0.031050 0.530335 0.111948
v 0.034207 0.529951 0.112085
v -0.133199 0.384825 0.294388
v -0.153548 0.428256 0.285979
v -0.152767 0.502134 0.262064
v -0.109621 0.547196 0.246743
v -0.129140 0.395640 0.382409
v -0.149489 0.439071 0.373999
v -0.148708 0.512949 0.350085
v -0.105561 0.558010 0.334764
v -0.172814 0.336174 0.314425
v -0.200488 0.413672 0.304551
v -0.197394 0.422758 0.362455
v -0.169720 0.345260 0.372330
v -0.187786 0.543481 0.274899
v -0.184691 0.552567 0.332804
v -0.125260 0.614826 0.257120
v -0.122166 0.623912 0.315024
v -0.103387 0.563587 0.258073
v -0.100623 0.570950 0.318005
v -0.111930 0.615822 0.304565
v -0.114037 0.609635 0.265138
v -0.129040 0.369199 0.309047
v -0.126133 0.376944 0.372078
v -0.157408 0.334360 0.323396
v -0.155192 0.340867 0.364861
v -0.294509 0.580841 0.278458
v -0.269051 0.580411 0.371774
v -0.240796 0.577114 0.422925
v -0.285270 0.575569 0.217255
v -0.306493 0.576595 0.151888
v -0.209177 0.609818 0.283503
v -0.175302 0.603353 0.406790
v -0.194544 0.590979 0.442296
v -0.271236 0.581482 0.213738
v -0.192491 0.551244 0.444393
v -0.277270 0.563243 0.153692
v -0.178632 0.597754 0.276267
v -0.142057 0.594141 0.403526
v -0.163221 0.579860 0.437315
v -0.239138 0.570869 0.210923
v -0.310521 0.555316 0.137303
v -0.289207 0.545578 0.138618
v -0.236041 0.563811 0.435830
v -0.205720 0.554308 0.450652
v -0.203454 0.581753 0.458613
v -0.187098 0.573449 0.465560
v -0.326839 0.570929 0.285041
v -0.300678 0.570582 0.380833
v -0.271071 0.567162 0.434049
v -0.317627 0.565637 0.223204
v -0.328308 0.563655 0.155428
v -0.304737 0.580077 0.280950
v -0.278865 0.579716 0.376176
v -0.249443 0.575550 0.429750
v -0.259220 0.553751 0.448937
v -0.241473 0.560304 0.445485
v -0.296053 0.574515 0.219606
v -0.318098 0.574170 0.152754
v -0.327314 0.544438 0.135021
v -0.320398 0.552143 0.133359
v -0.174094 0.606586 0.390765
v -0.141238 0.595732 0.387473
v -0.260202 0.582797 0.212218
v -0.198071 0.612678 0.280961
v -0.160847 0.610664 0.391644
v -0.162026 0.607531 0.407688
v -0.183196 0.592848 0.441522
v -0.197343 0.579590 0.462787
v -0.327028 0.570318 0.272907
v -0.304414 0.579287 0.268852
v -0.292909 0.579927 0.267852
v -0.218922 0.609619 0.271160
v -0.207786 0.612413 0.268784
v -0.188150 0.597615 0.264700
v -0.259756 0.579327 0.388602
v -0.187362 0.602929 0.388112
v -0.246206 0.586708 0.376343
v -0.195713 0.601971 0.375993
v -0.241259 0.589293 0.367846
v -0.326731 0.430356 0.286556
v -0.301272 0.429927 0.379873
v -0.273017 0.426630 0.431024
v -0.317491 0.425084 0.225353
v -0.338715 0.426111 0.159986
v -0.260581 0.369746 0.296422
v -0.224318 0.374430 0.419109
v -0.236045 0.397155 0.452726
v -0.307176 0.413628 0.222771
v -0.217901 0.432573 0.450779
v -0.306554 0.426474 0.161052
v -0.227939 0.367473 0.288659
v -0.190289 0.368876 0.415648
v -0.203030 0.393940 0.447320
v -0.273613 0.409860 0.219587
v -0.334022 0.445559 0.143209
v -0.310566 0.445824 0.143987
v -0.262963 0.438079 0.442596
v -0.231086 0.435838 0.457027
v -0.240050 0.410836 0.467810
v -0.221581 0.412403 0.474227
v -0.352042 0.453223 0.291375
v -0.325922 0.452686 0.387177
v -0.296337 0.449160 0.440399
v -0.342834 0.447916 0.229539
v -0.353261 0.447119 0.161700
v -0.335697 0.435481 0.288731
v -0.309847 0.435016 0.383963
v -0.280120 0.432279 0.437460
v -0.279719 0.458013 0.454089
v -0.266275 0.444469 0.451719
v -0.326850 0.430684 0.227346
v -0.348295 0.433138 0.160343
v -0.344955 0.462049 0.139454
v -0.341827 0.452066 0.138744
v -0.224888 0.369360 0.403531
v -0.190545 0.365451 0.399865
v -0.297677 0.407775 0.221636
v -0.251670 0.362356 0.294431
v -0.214446 0.360342 0.405115
v -0.213890 0.365311 0.420723
v -0.226469 0.390747 0.452398
v -0.233499 0.410732 0.471874
v -0.352232 0.452609 0.279242
v -0.335346 0.434824 0.276626
v -0.325130 0.429443 0.275950
v -0.269663 0.372639 0.283913
v -0.260694 0.365314 0.282081
v -0.236822 0.370299 0.276933
v -0.291977 0.428842 0.396700
v -0.235560 0.377823 0.400226
v -0.282896 0.415356 0.385564
v -0.243057 0.380857 0.387893
v -0.279623 0.410119 0.377488
v -0.278619 0.469927 0.219342
v -0.026375 0.414304 0.189372
v -0.289497 0.420894 -0.103874
v -0.107949 0.380738 -0.127720
v -0.090392 0.568269 0.236118
v -0.117721 0.552567 -0.064193
v -0.165523 0.583935 0.245977
v -0.193692 0.569815 -0.054214
v -0.197370 0.599477 0.130682
v -0.303046 0.417537 0.151536
v -0.049859 0.361706 0.121442
v -0.084643 0.575017 0.124690
v -0.086976 0.618833 0.124257
v -0.173741 0.637649 0.128676
v -0.178172 0.598580 -0.057028
v -0.119833 0.585171 -0.064690
v -0.150345 0.610530 0.243296
v -0.092431 0.598469 0.235714
v -0.274356 0.491609 -0.107679
v -0.241734 0.541430 -0.071940
v -0.240208 0.568558 0.139392
v -0.277461 0.532101 0.145480
v -0.091922 0.508196 -0.091616
v -0.092808 0.451453 -0.131526
v -0.025658 0.473326 0.115511
v -0.039432 0.520952 0.113285
v -0.227663 0.553157 0.210498
v -0.274423 0.489526 0.218288
v -0.022179 0.433904 0.188317
v -0.036618 0.510094 0.188511
v -0.268696 0.414572 0.219343
v -0.288835 0.371625 0.150719
v -0.282683 0.380917 -0.103825
v -0.059427 0.367376 0.195044
v -0.083029 0.325406 0.126869
v -0.131424 0.346950 -0.123680
v -0.280796 0.424012 -0.110736
v -0.194128 0.558425 -0.065603
v -0.237691 0.532239 -0.081679
v -0.267290 0.487090 -0.114131
v -0.125047 0.542842 -0.074669
v -0.115966 0.387554 -0.132387
v -0.102459 0.450632 -0.135782
v -0.101656 0.502150 -0.099547
v -0.127156 0.572061 -0.075096
v -0.180223 0.584085 -0.068130
v -0.097824 0.612222 0.093930
v -0.165756 0.626956 0.097443
v -0.170232 0.600225 -0.047190
v -0.124571 0.589663 -0.053187
v -0.185971 0.559841 -0.066752
v -0.131879 0.547571 -0.073851
v -0.132953 0.572673 -0.073658
v -0.174496 0.582168 -0.068206
v -0.110910 0.591293 0.093608
v -0.164679 0.602955 0.096375
v -0.166577 0.585574 -0.015562
v -0.130565 0.577162 -0.020303
v -0.180867 0.550559 -0.030577
v -0.138100 0.540921 -0.036198
v -0.137792 0.563169 -0.036193
v -0.170563 0.570705 -0.031882
v -0.082282 0.369084 0.198233
v -0.104196 0.327790 0.126993
v -0.272111 0.365665 0.148152
v -0.253161 0.407804 0.219772
v -0.265365 0.373228 -0.104721
v -0.148161 0.346771 -0.121734
v -0.095494 0.409578 0.197161
v -0.117072 0.368240 0.126423
v -0.248799 0.398048 0.141658
v -0.230198 0.440233 0.212759
v -0.242402 0.405657 -0.111733
v -0.161373 0.387266 -0.122806
v -0.107841 0.410254 0.193753
v -0.128472 0.371479 0.120201
v -0.238204 0.396313 0.132959
v -0.220094 0.435800 0.206752
v -0.232671 0.404483 -0.089012
v -0.165147 0.389157 -0.098240
v -0.130237 0.380051 0.199090
v -0.150115 0.343970 0.118494
v -0.230613 0.362185 0.127806
v -0.212556 0.398785 0.208623
v -0.226664 0.370367 -0.055450
v -0.177147 0.359128 -0.062217
v -0.132009 0.367132 0.002439
v -0.140252 0.369866 0.010472
v -0.159392 0.341566 0.024107
v -0.232061 0.357969 0.032571
v -0.239348 0.392235 0.022010
v -0.250960 0.393980 0.016231
v -0.277701 0.362164 0.019603
v -0.296229 0.369205 0.021407
v -0.308925 0.412898 0.021814
v -0.285703 0.516529 0.036220
v -0.247497 0.562938 0.048039
v -0.198155 0.593749 0.050995
v -0.174863 0.626386 0.049633
v -0.167403 0.620362 0.036117
v -0.165735 0.598395 0.048797
v -0.115574 0.587460 0.045177
v -0.104410 0.606602 0.031071
v -0.094368 0.608811 0.043321
v -0.093310 0.570865 0.042921
v -0.053738 0.518330 0.024224
v -0.045275 0.461775 0.008203
v -0.068213 0.359839 -0.006407
v -0.098832 0.324997 -0.001425
v -0.119443 0.326580 -0.000145
v -0.195942 0.529532 0.256883
v -0.156729 0.547418 0.263381
v -0.108498 0.537360 0.257051
v -0.073976 0.500014 0.226489
v -0.197569 0.457038 0.258335
v -0.111772 0.435486 0.232042
v -0.217010 0.529086 0.261374
v -0.248816 0.485803 0.266673
v -0.244920 0.434817 0.267391
v -0.251671 0.472471 0.267390
v -0.234353 0.430213 0.267682
v -0.218732 0.452272 0.262912
v -0.183762 0.556578 -0.206681
v -0.148740 0.548745 -0.209271
v -0.190098 0.577923 -0.114993
v -0.118777 0.561973 -0.120267
v -0.217145 0.547934 -0.109647
v -0.106648 0.523222 -0.117817
v -0.218853 0.528378 -0.200886
v -0.128639 0.508203 -0.207557
v -0.179601 0.568488 -0.149714
v -0.226372 0.542910 -0.142909
v -0.105182 0.515806 -0.151870
v -0.137149 0.558994 -0.152853
v -0.195430 0.548964 -0.083060
v -0.122248 0.532597 -0.088472
v -0.190535 0.515988 -0.234158
v -0.167224 0.510774 -0.235882
v -0.200221 0.169089 -0.282677
v -0.213804 0.382251 -0.255861
v -0.210933 0.171883 -0.271476
v -0.230533 0.371952 -0.248654
v -0.263024 0.451163 -0.130352
v -0.276974 0.437305 -0.133012
v -0.203947 0.390349 -0.237137
v -0.246444 0.450458 -0.131154
v -0.240038 0.191296 -0.239576
v -0.223333 0.119733 -0.378194
v -0.237499 0.125155 -0.357614
v -0.278389 0.184714 -0.202546
v -0.208301 0.120075 -0.379549
v -0.202567 0.132170 -0.363453
v -0.222705 0.108395 -0.374641
v -0.236722 0.110153 -0.354705
v -0.270935 0.133696 -0.223479
v -0.207663 0.108739 -0.375997
v -0.201670 0.114868 -0.360950
v -0.260401 0.060921 -0.352803
v -0.273418 0.089967 -0.218645
v -0.259344 0.029287 -0.349101
v -0.271906 0.010181 -0.223256
v -0.264442 0.297690 -0.171093
v -0.248958 0.260621 -0.230840
v -0.296737 0.249669 -0.174278
v -0.285924 0.228180 -0.208811
v -0.181034 0.115152 -0.363276
v -0.181875 0.132242 -0.365821
v -0.174530 0.169989 -0.281338
v -0.173925 0.379244 -0.252589
v -0.175086 0.386202 -0.235478
v -0.270737 0.425760 -0.059692
v -0.284316 0.413125 -0.065754
v -0.254385 0.424306 -0.058408
v -0.271329 0.276330 -0.113618
v -0.280993 0.165409 -0.149146
v -0.272096 0.112712 -0.164737
v -0.256250 0.083151 -0.178613
v -0.255640 0.004943 -0.192192
v -0.301468 0.233788 -0.130875
v -0.293047 0.195224 -0.120118
v -0.247939 0.412923 -0.022366
v -0.261518 0.400288 -0.028427
v -0.239483 0.416469 -0.035561
v -0.248313 0.263605 -0.076227
v -0.244232 0.158824 -0.125023
v -0.248095 0.222374 -0.090596
v -0.245403 0.190952 -0.100771
v -0.197044 0.409779 -0.010478
v -0.196617 0.396929 -0.015088
v -0.194828 0.415948 -0.030833
v -0.196270 0.259309 -0.064628
v -0.187165 0.153756 -0.101646
v -0.196309 0.220838 -0.078465
v -0.195502 0.183235 -0.069696
v -0.254543 0.245919 -0.226928
v -0.248507 0.200569 -0.232248
v -0.273548 0.196280 -0.208290
v -0.278265 0.224722 -0.212133
v -0.257301 0.223822 -0.206526
v -0.254635 0.206731 -0.208419
v -0.264300 0.205114 -0.199394
v -0.266077 0.215777 -0.200675
v -0.204825 0.366780 -0.237758
v -0.246517 0.427139 -0.131597
v -0.175048 0.364188 -0.235440
v -0.254458 0.400987 -0.058851
v -0.239557 0.393150 -0.036004
v -0.194897 0.392547 -0.031326
v -0.197629 0.375154 -0.221707
v -0.237686 0.422356 -0.132163
v -0.175791 0.372336 -0.220336
v -0.243854 0.408722 -0.079859
v -0.232976 0.400787 -0.056975
v -0.192559 0.400229 -0.052750
v -0.188682 0.527790 -0.198454
v -0.227588 0.496508 -0.104403
v -0.187191 0.496121 -0.100132
v -0.171989 0.527394 -0.196774
v -0.233632 0.482871 -0.052086
v -0.192496 0.482494 -0.047732
v -0.225690 0.475052 -0.029481
v -0.194189 0.474846 -0.026103
v -0.194140 0.448180 -0.035684
v -0.227479 0.448630 -0.039176
v -0.236029 0.456529 -0.061818
v -0.229946 0.470164 -0.114131
v -0.191826 0.422382 -0.219419
v -0.173133 0.421185 -0.217809
v -0.227156 0.101036 -0.355392
v -0.249490 0.055029 -0.355258
v -0.248719 0.031939 -0.352556
v -0.180651 0.104833 -0.362174
v -0.201555 0.104485 -0.359951
v -0.224269 0.095767 -0.324715
v -0.246604 0.049760 -0.324581
v -0.245833 0.026670 -0.321879
v -0.177765 0.099563 -0.331497
v -0.198668 0.099216 -0.329274
v -0.282510 0.355788 -0.046445
v -0.260053 0.348376 -0.007205
v -0.200239 0.346861 0.006242
v -0.235881 0.150803 -0.139878
v -0.248128 0.113409 -0.160267
v -0.239806 0.083082 -0.174945
v -0.238271 0.004307 -0.187717
v -0.183561 0.146158 -0.117809
v -0.149485 0.170880 -0.280040
v -0.132487 0.378880 -0.248197
v -0.140681 0.174007 -0.267322
v -0.118046 0.367096 -0.238121
v -0.106664 0.448761 -0.114148
v -0.092600 0.434472 -0.113904
v -0.142802 0.387864 -0.231356
v -0.122713 0.448557 -0.118331
v -0.119422 0.193040 -0.230227
v -0.142334 0.121562 -0.385500
v -0.125343 0.127562 -0.367753
v -0.083149 0.190564 -0.190544
v -0.157388 0.121221 -0.384143
v -0.161290 0.133022 -0.367191
v -0.141708 0.110246 -0.381944
v -0.124567 0.112678 -0.364824
v -0.077651 0.144149 -0.214874
v -0.156750 0.109902 -0.380588
v -0.160393 0.115792 -0.364675
v -0.098604 0.064618 -0.367391
v -0.063279 0.094686 -0.237606
v -0.097547 0.032984 -0.363689
v -0.061836 0.014981 -0.242197
v -0.105056 0.294474 -0.154923
v -0.114402 0.258054 -0.218169
v -0.076279 0.250004 -0.153571
v -0.080363 0.229731 -0.192236
v -0.114377 0.423358 -0.043488
v -0.099942 0.410293 -0.046647
v -0.130653 0.422405 -0.045585
v -0.111932 0.272167 -0.097800
v -0.085362 0.172188 -0.136550
v -0.078754 0.123694 -0.155913
v -0.072595 0.087323 -0.195176
v -0.072033 0.009138 -0.208746
v -0.080643 0.233539 -0.110148
v -0.087284 0.198070 -0.102707
v -0.144722 0.411338 -0.011670
v -0.130287 0.398272 -0.014828
v -0.150154 0.415096 -0.026303
v -0.142043 0.260918 -0.065604
v -0.126672 0.162457 -0.116664
v -0.141564 0.221598 -0.080195
v -0.138724 0.192002 -0.091371
v -0.110173 0.244077 -0.213873
v -0.113271 0.201940 -0.221480
v -0.089496 0.200481 -0.195865
v -0.087508 0.226019 -0.197184
v -0.110174 0.224336 -0.194290
v -0.110995 0.208341 -0.197262
v -0.101972 0.207659 -0.187122
v -0.101141 0.217529 -0.187871
v -0.143747 0.364179 -0.232026
v -0.122787 0.425238 -0.118774
v -0.130728 0.399086 -0.046028
v -0.150228 0.391778 -0.026746
v -0.151702 0.373338 -0.217346
v -0.131352 0.420722 -0.121143
v -0.136559 0.407074 -0.068739
v -0.152133 0.399545 -0.048597
v -0.155297 0.526998 -0.195094
v -0.144745 0.495801 -0.095614
v -0.150043 0.482158 -0.043218
v -0.162681 0.474514 -0.022797
v -0.160796 0.447605 -0.032265
v -0.147549 0.455169 -0.052648
v -0.142256 0.468817 -0.105043
v -0.153801 0.421075 -0.215738
v -0.133558 0.103175 -0.363831
v -0.109498 0.058228 -0.367880
v -0.108728 0.035138 -0.365178
v -0.159692 0.105442 -0.363725
v -0.130672 0.097906 -0.333154
v -0.106613 0.052959 -0.337203
v -0.105841 0.029869 -0.334501
v -0.156806 0.100172 -0.333048
v -0.108329 0.353087 -0.028403
v -0.139001 0.346517 0.005340
v -0.128428 0.154967 -0.133119
v -0.102686 0.121715 -0.153641
v -0.088051 0.086550 -0.188628
v -0.088274 0.007734 -0.201240
v -0.238737 0.117947 -0.171099
v -0.221081 0.116452 -0.163928
v -0.207906 0.083208 -0.174486
v -0.231374 0.085089 -0.186222
v -0.207445 0.004459 -0.187276
v -0.229958 0.006329 -0.199092
v -0.228070 0.155453 -0.151384
v -0.181528 0.151376 -0.132222
v -0.175378 0.113318 -0.145583
v -0.162579 0.082124 -0.166694
v -0.195782 0.023094 -0.156957
v -0.160657 0.023829 -0.160144
v -0.160488 0.000810 -0.164113
v -0.195798 0.000000 -0.160927
v -0.111476 0.125134 -0.165349
v -0.098591 0.088123 -0.198194
v -0.119474 0.085228 -0.182459
v -0.129089 0.121834 -0.159742
v -0.098716 0.009328 -0.210926
v -0.118645 0.006488 -0.195283
v -0.133898 0.159028 -0.145913
v -0.125532 0.024700 -0.163291
v -0.125180 0.001614 -0.167294
v -0.295648 0.241294 -0.169781
v -0.298672 0.230466 -0.140006
v -0.291706 0.199626 -0.134065
v -0.286977 0.222209 -0.194646
v -0.282339 0.175009 -0.155287
v -0.280443 0.188205 -0.191763
v -0.077914 0.242093 -0.150176
v -0.081059 0.224306 -0.178523
v -0.085656 0.202531 -0.117391
v -0.080808 0.230862 -0.120402
v -0.083226 0.193590 -0.179194
v -0.084842 0.181024 -0.142297
v -0.118554 0.029965 -0.403088
v -0.129781 0.078073 -0.397014
v -0.247660 0.029949 -0.383746
v -0.232416 0.080948 -0.381005
v -0.186954 0.088613 -0.415100
v -0.219865 0.087369 -0.411893
v -0.160827 0.089526 -0.417825
v -0.224975 0.028342 -0.419336
v -0.150419 0.028485 -0.427839
v -0.246968 0.052676 -0.388531
v -0.223592 0.054155 -0.424698
v -0.154892 0.057220 -0.432371
v -0.118408 0.059707 -0.408901
v -0.230872 0.085329 -0.340503
v -0.210042 0.093700 -0.342783
v -0.173621 0.097690 -0.346230
v -0.145970 0.096869 -0.348652
v -0.126076 0.083837 -0.349764
v -0.113637 0.064070 -0.330545
v -0.112459 0.033710 -0.329111
v -0.245696 0.033290 -0.317219
v -0.244374 0.057264 -0.318552
v -0.130389 0.325401 0.190348
v -0.143990 0.310193 0.127447
v -0.251238 0.334546 0.138741
v -0.240589 0.350598 0.202043
v -0.240716 0.339444 0.014946
v -0.184192 0.326509 0.007776
v -0.109190 0.357733 0.199130
v -0.124718 0.334682 0.124010
v -0.256471 0.364493 0.139207
v -0.243894 0.388387 0.214729
v -0.246814 0.367222 -0.004843
v -0.165785 0.348831 -0.015917
v -0.249943 0.341742 0.030182
v -0.258759 0.370384 0.012853
v -0.149619 0.345884 0.000856
v -0.171523 0.324036 0.022209
v -0.209697 0.346306 0.245207
v -0.213002 0.384095 0.257892
v -0.130667 0.364953 0.247859
v -0.151866 0.332621 0.239077
v -0.201018 0.477224 0.215718
v -0.200582 0.463775 0.235542
v -0.196404 0.464150 0.259131
v -0.190079 0.478205 0.277474
v -0.184024 0.500571 0.283566
v -0.180550 0.522706 0.275080
v -0.180986 0.536155 0.255256
v -0.185164 0.535780 0.231667
v -0.191489 0.521725 0.213323
v -0.197545 0.499358 0.207231
v -0.181202 0.454474 0.189250
v -0.180448 0.431181 0.223586
v -0.173210 0.431830 0.264443
v -0.162256 0.456173 0.296216
v -0.151768 0.494913 0.306767
v -0.145752 0.533252 0.292068
v -0.146506 0.556545 0.257732
v -0.153744 0.555896 0.216874
v -0.164698 0.531552 0.185102
v -0.175187 0.492813 0.174550
v -0.146642 0.440045 0.174822
v -0.145771 0.413148 0.214470
v -0.137414 0.413898 0.261648
v -0.124765 0.442008 0.298335
v -0.112654 0.486740 0.310520
v -0.105708 0.531010 0.293546
v -0.106579 0.557907 0.253898
v -0.114936 0.557157 0.206720
v -0.127585 0.529048 0.170033
v -0.139696 0.484314 0.157849
v -0.106598 0.437803 0.176300
v -0.105843 0.414510 0.210637
v -0.098606 0.415159 0.251494
v -0.087651 0.439502 0.283266
v -0.077163 0.478242 0.293818
v -0.071147 0.516581 0.279118
v -0.071903 0.539874 0.244782
v -0.079139 0.539225 0.203925
v -0.090094 0.514882 0.172152
v -0.100582 0.476142 0.161601
v -0.071800 0.448349 0.193289
v -0.071364 0.434901 0.213113
v -0.067186 0.435275 0.236702
v -0.060861 0.449330 0.255045
v -0.054806 0.471696 0.261137
v -0.051332 0.493832 0.252651
v -0.051769 0.507280 0.232827
v -0.055946 0.506905 0.209238
v -0.062271 0.492850 0.190894
v -0.068327 0.470484 0.184802
v -0.200779 0.502198 0.247133
v -0.051571 0.468857 0.221235
v -0.000001 1.134138 0.127928
v -0.000001 1.336053 0.143988
v -0.000001 1.373091 0.195230
v -0.000001 1.385451 0.298451
v -0.000001 1.307626 0.359554
v -0.000001 1.213501 0.343912
v -0.000001 1.116052 0.161296
v -0.000001 1.173040 0.314383
v -0.000001 1.128257 0.197689
v -0.000001 1.235089 0.127928
v -0.094825 1.210919 0.226813
v -0.098225 1.283745 0.236362
v -0.119760 1.274997 0.284279
v -0.113464 1.219200 0.267209
v -0.112782 1.293935 0.273551
v -0.102281 1.294470 0.278928
v -0.102840 1.274200 0.295293
v -0.097833 1.215204 0.275708
v -0.099838 1.208571 0.239030
v -0.093503 1.206909 0.240795
v -0.061498 1.152925 0.143816
v -0.079788 1.320425 0.154455
v -0.100276 1.292657 0.344395
v -0.097629 1.224034 0.330736
v -0.097158 1.362846 0.290515
v -0.097623 1.352121 0.199041
v -0.077921 1.144699 0.164232
v -0.060277 1.174650 0.297703
v -0.049432 1.136445 0.208407
v -0.091277 1.240967 0.181636
v -0.074149 1.236682 0.147085
v -0.096526 1.247325 0.231588
v -0.087774 1.166411 0.220625
v -0.000001 1.196806 0.127928
v -0.000001 1.166112 0.127928
v -0.031460 1.193802 0.136056
v -0.029798 1.168671 0.135626
v -0.094450 1.296544 0.190338
v 0.094823 1.210919 0.226813
v 0.098223 1.283745 0.236362
v 0.119757 1.274997 0.284279
v 0.113462 1.219200 0.267209
v 0.112779 1.293935 0.273551
v 0.102278 1.294470 0.278928
v 0.102838 1.274200 0.295293
v 0.097830 1.215204 0.275708
v 0.099835 1.208571 0.239030
v 0.093501 1.206909 0.240795
v 0.061496 1.152925 0.143816
v 0.079785 1.320425 0.154455
v 0.100273 1.292657 0.344395
v 0.097626 1.224034 0.330736
v 0.097155 1.362846 0.290515
v 0.097621 1.352121 0.199041
v 0.077918 1.144699 0.164232
v 0.060274 1.174650 0.297703
v 0.049430 1.136445 0.208407
v 0.091275 1.240967 0.181636
v 0.074146 1.236682 0.147085
v 0.096523 1.247325 0.231588
v 0.087772 1.166411 0.220625
v 0.031457 1.193802 0.136056
v 0.029796 1.168671 0.135626
v 0.094448 1.296544 0.190338
v -0.051548 1.268345 0.139094
v -0.028665 1.268268 0.134368
v -0.051404 1.291152 0.139566
v -0.028588 1.291085 0.134854
v -0.050053 1.291463 0.161918
v -0.027236 1.291396 0.157206
v -0.050192 1.268703 0.161512
v -0.027310 1.268626 0.156786
v 0.048117 1.268345 0.139094
v 0.025235 1.268268 0.134368
v 0.047974 1.291152 0.139566
v 0.025157 1.291085 0.134854
v 0.046622 1.291463 0.161918
v 0.023806 1.291396 0.157206
v 0.046762 1.268703 0.161512
v 0.023879 1.268626 0.156786
v -0.086045 1.284453 0.137361
v -0.089241 1.314034 0.157696
v -0.000001 1.280320 0.129215
v -0.000001 1.305003 0.146723
v -0.094571 1.273994 0.158739
v -0.100141 1.301374 0.159355
v -0.084798 1.308650 0.138652
v -0.000001 1.300657 0.131259
v -0.000001 1.272142 0.147205
v 0.082615 1.284453 0.137361
v 0.085811 1.314034 0.157696
v 0.091140 1.273994 0.158739
v 0.096710 1.301374 0.159355
v 0.081367 1.308650 0.138652
v -0.000475 1.330342 0.040908
v -0.000475 1.360515 0.059931
v -0.000475 1.404630 0.115421
v -0.000475 1.420299 0.184557
v -0.000475 1.416252 0.219996
v -0.000475 1.404420 0.253645
v -0.009649 1.359428 0.059405
v -0.018363 1.383578 0.084166
v -0.026180 1.401583 0.113948
v -0.032707 1.412539 0.147260
v -0.037619 1.415897 0.182429
v -0.040668 1.411488 0.217693
v -0.041702 1.399533 0.251283
v -0.018198 1.356240 0.057864
v -0.035031 1.377362 0.081161
v -0.050132 1.392651 0.109630
v -0.062743 1.401338 0.141844
v -0.072232 1.402989 0.176189
v -0.078122 1.397520 0.210940
v -0.080119 1.385207 0.244357
v -0.025538 1.351169 0.055412
v -0.049345 1.367474 0.076380
v -0.070701 1.378441 0.102761
v -0.088535 1.383520 0.133230
v -0.101954 1.382456 0.166262
v -0.110284 1.375302 0.200199
v -0.113108 1.362417 0.233339
v -0.031171 1.344559 0.052217
v -0.060328 1.354587 0.070150
v -0.086484 1.359923 0.093808
v -0.108326 1.360299 0.122004
v -0.124761 1.355696 0.153325
v -0.134963 1.346346 0.186200
v -0.138422 1.332716 0.218980
v -0.034712 1.336863 0.048496
v -0.067232 1.339581 0.062895
v -0.096405 1.338358 0.083383
v -0.120767 1.333258 0.108931
v -0.139098 1.324534 0.138260
v -0.150477 1.312626 0.169898
v -0.154335 1.298129 0.202259
v -0.035920 1.328604 0.044503
v -0.069587 1.323476 0.055110
v -0.099789 1.315217 0.072195
v -0.125011 1.304239 0.094902
v -0.143988 1.291093 0.122093
v -0.155769 1.276440 0.152404
v -0.159762 1.261012 0.184315
v -0.034712 1.320345 0.040511
v -0.067232 1.307372 0.047324
v -0.096405 1.292075 0.061007
v -0.120767 1.275220 0.080873
v -0.139098 1.257653 0.105926
v -0.150477 1.240254 0.134910
v -0.154335 1.223896 0.166371
v -0.031171 1.312648 0.036790
v -0.060328 1.292365 0.040069
v -0.086484 1.270510 0.050582
v -0.108326 1.248179 0.067800
v -0.124761 1.226491 0.090861
v -0.134963 1.206534 0.118608
v -0.138422 1.189309 0.149650
v -0.025538 1.306039 0.033595
v -0.049345 1.279479 0.033839
v -0.070701 1.251992 0.041629
v -0.088535 1.224958 0.056574
v -0.101954 1.199731 0.077924
v -0.110284 1.177578 0.104610
v -0.113108 1.159608 0.135292
v -0.018198 1.300968 0.031143
v -0.035031 1.269590 0.029059
v -0.050132 1.237783 0.034760
v -0.062743 1.207140 0.047960
v -0.072232 1.179198 0.067998
v -0.078122 1.155359 0.093868
v -0.080119 1.136818 0.124274
v -0.009649 1.297780 0.029602
v -0.018363 1.263374 0.026054
v -0.026180 1.228850 0.030441
v -0.032707 1.195939 0.042545
v -0.037619 1.166290 0.061758
v -0.040668 1.141392 0.087116
v -0.041702 1.122491 0.117348
v -0.000475 1.296693 0.029076
v -0.000475 1.261254 0.025029
v -0.000475 1.225803 0.028968
v -0.000475 1.192118 0.040698
v -0.000475 1.161888 0.059629
v -0.000475 1.136628 0.084813
v -0.000475 1.117605 0.114986
v 0.008698 1.297780 0.029602
v 0.017412 1.263374 0.026054
v 0.025229 1.228850 0.030441
v 0.031757 1.195939 0.042545
v 0.036669 1.166290 0.061758
v 0.039718 1.141392 0.087116
v 0.040751 1.122491 0.117348
v 0.017247 1.300968 0.031143
v 0.034081 1.269590 0.029059
v 0.049182 1.237783 0.034760
v 0.061792 1.207140 0.047960
v 0.071281 1.179198 0.067998
v 0.077171 1.155359 0.093868
v 0.079168 1.136818 0.124274
v 0.024588 1.306039 0.033595
v 0.048394 1.279479 0.033839
v 0.069750 1.251992 0.041629
v 0.087585 1.224958 0.056574
v 0.101003 1.199731 0.077924
v 0.109334 1.177578 0.104610
v 0.112158 1.159608 0.135292
v 0.030221 1.312648 0.036790
v 0.059377 1.292365 0.040069
v 0.085533 1.270510 0.050582
v 0.107376 1.248179 0.067800
v 0.123810 1.226491 0.090861
v 0.134013 1.206534 0.118608
v 0.137471 1.189309 0.149650
v 0.033762 1.320345 0.040511
v 0.066282 1.307372 0.047324
v 0.095454 1.292075 0.061007
v 0.119817 1.275220 0.080873
v 0.138147 1.257653 0.105926
v 0.149526 1.240254 0.134910
v 0.153384 1.223896 0.166371
v 0.034969 1.328604 0.044503
v 0.068637 1.323476 0.055110
v 0.098838 1.315217 0.072195
v 0.124060 1.304239 0.094902
v 0.143037 1.291093 0.122093
v 0.154818 1.276440 0.152404
v 0.158812 1.261012 0.184315
v 0.033762 1.336863 0.048496
v 0.066282 1.339581 0.062895
v 0.095454 1.338358 0.083383
v 0.119817 1.333258 0.108931
v 0.138147 1.324534 0.138260
v 0.149526 1.312626 0.169898
v 0.153384 1.298129 0.202259
v 0.030221 1.344559 0.052217
v 0.059377 1.354587 0.070150
v 0.085533 1.359923 0.093808
v 0.107376 1.360299 0.122004
v 0.123810 1.355696 0.153325
v 0.134013 1.346346 0.186200
v 0.137471 1.332716 0.218980
v 0.024588 1.351169 0.055412
v 0.048394 1.367474 0.076380
v 0.069750 1.378441 0.102761
v 0.087585 1.383520 0.133230
v 0.101003 1.382456 0.166262
v 0.109334 1.375302 0.200199
v 0.112157 1.362417 0.233339
v 0.017247 1.356240 0.057864
v 0.034081 1.377362 0.081161
v 0.049182 1.392651 0.109630
v 0.061792 1.401338 0.141844
v 0.071281 1.402989 0.176189
v 0.077171 1.397520 0.210940
v 0.079168 1.385207 0.244357
v 0.008698 1.359428 0.059405
v 0.017412 1.383578 0.084166
v 0.025229 1.401583 0.113948
v 0.031757 1.412539 0.147260
v 0.036668 1.415896 0.182429
v 0.039718 1.411488 0.217693
v 0.040751 1.399533 0.251283
v -0.000475 1.385698 0.085191
v -0.000475 1.416359 0.149106
vn 0.8600 -0.4309 -0.2735
vn 0.8146 -0.5594 0.1532
vn 0.7114 -0.4176 0.5653
vn 0.5898 -0.0597 0.8054
vn 0.4961 0.3776 0.7818
vn 0.4663 0.7273 0.5036
vn 0.5116 0.8558 0.0770
vn 0.6148 0.7140 -0.3350
vn 0.7365 0.3561 -0.5752
vn 0.8301 -0.0813 -0.5516
vn 0.5009 -0.7213 -0.4783
vn 0.4402 -0.8931 0.0922
vn 0.3022 -0.7035 0.6432
vn 0.1395 -0.2249 0.9643
vn 0.0143 0.3599 0.9329
vn -0.0256 0.8275 0.5608
vn 0.0350 0.9993 -0.0097
vn 0.1730 0.8097 -0.5607
vn 0.3357 0.3311 -0.8819
vn 0.4609 -0.2537 -0.8504
vn 0.0256 -0.8275 -0.5608
vn -0.0350 -0.9993 0.0097
vn -0.1730 -0.8097 0.5607
vn -0.3357 -0.3311 0.8819
vn -0.4609 0.2537 0.8504
vn -0.5009 0.7213 0.4783
vn -0.4402 0.8931 -0.0922
vn -0.3022 0.7035 -0.6432
vn -0.1395 0.2249 -0.9643
vn -0.0143 -0.3599 -0.9329
vn -0.4663 -0.7273 -0.5036
vn -0.5116 -0.8558 -0.0770
vn -0.6148 -0.7140 0.3350
vn -0.7365 -0.3561 0.5752
vn -0.8301 0.0812 0.5516
vn -0.8600 0.4309 0.2734
vn -0.8146 0.5594 -0.1532
vn -0.7114 0.4176 -0.5652
vn -0.5898 0.0597 -0.8054
vn -0.4961 -0.3776 -0.7818
vn 0.9998 -0.0098 0.0154
vn 0.9829 -0.0579 0.1750
vn 0.9442 -0.0048 0.3292
vn 0.8987 0.1292 0.4191
vn 0.8637 0.2928 0.4103
vn 0.8525 0.4237 0.3062
vn 0.8695 0.4718 0.1465
vn 0.9081 0.4187 -0.0077
vn 0.9536 0.2848 -0.0976
vn 0.9887 0.1211 -0.0888
vn -0.8525 -0.4237 -0.3062
vn -0.8695 -0.4718 -0.1465
vn -0.9081 -0.4187 0.0077
vn -0.9536 -0.2848 0.0976
vn -0.9887 -0.1211 0.0888
vn -0.9998 0.0098 -0.0154
vn -0.9829 0.0578 -0.1750
vn -0.9442 0.0048 -0.3292
vn -0.8987 -0.1292 -0.4191
vn -0.8637 -0.2928 -0.4103
vn 0.0918 -0.7819 0.6166
vn 0.0394 -0.1785 0.9831
vn 0.0174 0.3660 0.9304
vn -0.1113 0.8955 -0.4308
vn -0.0435 0.2220 -0.9741
vn 0.0049 -0.4282 -0.9037
vn 0.9607 -0.2037 0.1883
vn -0.8272 -0.5068 0.2425
vn -0.0333 -0.3530 -0.9350
vn 0.8743 -0.0833 0.4782
vn -0.8995 -0.2991 0.3184
vn 0.8621 0.2622 0.4337
vn -0.0479 0.5296 -0.8469
vn -0.9232 0.1379 0.3588
vn -0.0721 0.3127 -0.9471
vn 0.5315 -0.4004 -0.7465
vn 0.0246 -0.8409 -0.5406
vn -0.5755 -0.5047 -0.6435
vn -0.1275 0.8206 -0.5570
vn -0.0538 0.5965 -0.8008
vn -0.0908 0.8631 -0.4968
vn -0.1523 0.6788 -0.7184
vn 0.2619 0.4096 0.8739
vn -0.2551 -0.4321 -0.8650
vn -0.9612 -0.1652 -0.2210
vn 0.9658 0.2586 -0.0160
vn -0.2179 0.2190 -0.9511
vn -0.5564 -0.3841 -0.7368
vn 0.5707 0.3669 0.7346
vn 0.8295 0.2893 0.4778
vn -0.8141 -0.4105 -0.4108
vn 0.1986 -0.1881 0.9619
vn 0.2019 -0.0614 0.9775
vn 0.2611 0.0688 0.9629
vn 0.2771 0.2341 0.9319
vn -0.2918 0.0826 -0.9529
vn -0.0511 0.9852 -0.1635
vn -0.0574 0.7068 -0.7051
vn -0.0385 0.2100 -0.9769
vn 0.0126 0.9101 -0.4143
vn 0.0928 -0.1532 -0.9838
vn 0.1375 -0.1517 -0.9788
vn 0.0929 -0.1365 -0.9863
vn 0.2237 -0.1250 -0.9666
vn 0.4654 -0.1806 -0.8665
vn 0.2154 -0.5228 -0.8248
vn 0.9419 0.3196 0.1032
vn 0.6196 0.2051 -0.7576
vn 0.6824 -0.0158 -0.7308
vn 0.6070 -0.3213 -0.7268
vn 0.2713 -0.5274 -0.8051
vn -0.3342 0.7713 -0.5416
vn -0.3470 0.7412 -0.5747
vn -0.3038 0.7777 -0.5503
vn -0.1326 0.8495 -0.5107
vn 0.4769 -0.1613 0.8641
vn 0.4826 -0.0550 0.8741
vn 0.6188 0.2583 0.7419
vn 0.6036 0.2080 0.7697
vn 0.8113 0.1405 0.5675
vn -0.8666 0.3865 -0.3155
vn -0.9612 0.1221 0.2474
vn -0.8196 0.3127 0.4801
vn -0.4944 0.4841 0.7219
vn -0.6012 0.1926 -0.7755
vn 0.0843 -0.0296 -0.9960
vn -0.0289 0.9712 0.2364
vn -0.3580 0.5329 -0.7667
vn 0.4964 0.8666 0.0513
vn -0.7914 0.1832 -0.5832
vn 0.4332 0.7617 -0.4817
vn -0.3601 0.6942 -0.6233
vn 0.7643 0.5309 -0.3661
vn 0.4134 0.7013 -0.5808
vn -0.5954 0.7923 0.1329
vn -0.3127 0.3902 -0.8660
vn -0.5755 0.7498 0.3264
vn -0.6887 0.5147 -0.5107
vn -0.2727 0.9564 -0.1043
vn -0.7149 0.6238 -0.3160
vn 0.2354 0.9711 0.0398
vn -0.8140 0.4690 -0.3426
vn 0.4766 0.8613 -0.1764
vn 0.0868 0.4079 -0.9089
vn -0.7251 0.5777 -0.3749
vn -0.7293 0.2026 -0.6535
vn -0.5934 0.5936 0.5436
vn -0.6266 -0.1212 -0.7698
vn -0.5944 0.7709 0.2287
vn -0.8377 0.0391 -0.5447
vn -0.1179 0.9833 0.1386
vn -0.9827 0.0693 -0.1715
vn 0.4646 0.8855 0.0077
vn -0.2079 0.1359 -0.9687
vn -0.9449 0.2371 0.2256
vn -0.1045 0.7519 -0.6509
vn -0.0293 0.6426 -0.7656
vn -0.0219 0.5707 -0.8208
vn -0.0298 0.5475 -0.8363
vn -0.1547 0.9000 -0.4075
vn -0.8868 0.4170 -0.1991
vn -0.8289 0.5561 -0.0612
vn -0.6599 0.7500 0.0455
vn -0.2783 0.9601 0.0289
vn -0.5995 0.0592 -0.7982
vn -0.6728 0.1889 -0.7153
vn -0.8366 0.3814 -0.3933
vn 0.0702 0.7595 -0.6467
vn -0.1148 0.6645 -0.7384
vn -0.2105 0.7057 -0.6766
vn -0.0750 0.7365 -0.6723
vn -0.1124 0.9723 -0.2051
vn -0.0117 0.9420 -0.3355
vn 0.0969 0.8681 -0.4868
vn -0.5426 0.6380 -0.5463
vn -0.6718 0.5563 -0.4890
vn -0.5027 0.7604 -0.4112
vn -0.1520 0.9371 -0.3141
vn -0.3835 0.6550 -0.6511
vn -0.4974 0.5763 -0.6485
vn -0.5118 0.6522 -0.5592
vn -0.8505 0.4103 -0.3291
vn -0.8795 0.4427 -0.1750
vn -0.6372 0.7706 0.0148
vn -0.1555 0.9878 -0.0027
vn -0.4888 0.1450 -0.8602
vn -0.6930 0.3205 -0.6458
vn -0.8195 0.3653 -0.4416
vn -0.0416 0.6732 -0.7383
vn -0.0314 0.6097 -0.7920
vn -0.0437 0.5353 -0.8436
vn -0.1313 0.7044 -0.6976
vn -0.0653 0.9166 -0.3944
vn -0.1607 0.9017 -0.4014
vn -0.0932 0.8158 -0.5708
vn 0.0269 0.6869 -0.7263
vn -0.2051 0.6705 -0.7130
vn -0.2108 0.6467 -0.7331
vn -0.1950 0.6660 -0.7200
vn -0.1331 0.7024 -0.6993
vn -0.2171 0.7350 -0.6423
vn -0.2576 0.7538 -0.6046
vn -0.2157 0.7082 -0.6723
vn -0.2110 0.8586 -0.4672
vn -0.1508 0.7462 -0.6484
vn -0.1419 0.6626 -0.7354
vn -0.1695 0.6495 -0.7412
vn -0.1186 0.6794 -0.7241
vn 0.9329 0.2111 -0.2916
vn -0.0098 -0.9932 0.1158
vn 0.8927 -0.1329 0.4305
vn 0.8964 -0.1289 0.4241
vn 0.2553 -0.9603 0.1124
vn -0.4976 -0.7867 -0.3655
vn 0.8065 -0.0131 -0.5911
vn 0.3714 0.2447 -0.8956
vn -0.0000 0.3580 -0.9337
vn 0.0821 0.7962 0.5994
vn 0.1559 0.9662 -0.2054
vn 0.3469 0.7503 -0.5627
vn 0.9797 -0.1418 -0.1420
vn -0.0000 -0.2143 -0.9768
vn 0.8702 -0.1056 -0.4812
vn -0.0095 -0.3958 0.9183
vn 0.6789 -0.1409 0.7206
vn 0.9724 0.0843 0.2174
vn 0.9273 -0.2498 -0.2786
vn 0.6139 0.1382 0.7772
vn 0.2383 -0.5204 -0.8200
vn 0.8793 -0.4519 -0.1504
vn -0.3805 -0.2614 0.8871
vn -0.0000 -0.4692 0.8831
vn -0.1183 -0.8433 -0.5243
vn -0.1470 -0.9088 0.3905
vn -0.2825 -0.8083 0.5166
vn 0.7713 -0.2834 -0.5699
vn 0.4409 -0.8316 -0.3378
vn 0.2616 -0.5275 0.8083
vn 0.1461 -0.3931 0.9078
vn 0.4471 -0.7452 0.4947
vn 0.4512 -0.7349 0.5064
vn 0.2373 0.0017 0.9714
vn 0.6586 -0.1470 0.7380
vn 0.8327 -0.3063 -0.4612
vn 0.8337 -0.2856 -0.4727
vn 0.7545 -0.2331 0.6135
vn 0.7368 -0.0246 0.6757
vn 0.9599 0.0941 0.2640
vn 0.9084 0.0569 -0.4141
vn 0.9523 0.0793 0.2945
vn 0.9982 0.0603 0.0077
vn 0.8559 -0.0357 -0.5160
vn 0.9397 -0.3389 -0.0461
vn 0.9572 -0.2639 0.1186
vn -0.1382 0.8476 -0.5123
vn -0.3036 0.7779 -0.5502
vn -0.3033 0.7741 -0.5557
vn -0.3136 0.7747 -0.5491
vn -0.3073 0.7758 -0.5511
vn -0.3499 0.7423 -0.5714
vn -0.3571 0.7610 -0.5416
vn -0.2620 0.6448 -0.7180
vn -0.3181 0.7721 -0.5502
vn -0.3451 0.7674 -0.5403
vn -0.2501 0.5524 -0.7952
vn -0.1430 0.8460 -0.5136
vn -0.3074 0.7757 -0.5512
vn -0.3497 0.7428 -0.5709
vn -0.3161 0.7720 -0.5514
vn -0.3028 0.8022 -0.5146
vn -0.2354 0.8238 -0.5157
vn -0.2842 0.8413 -0.4598
vn -0.1668 0.8322 -0.5287
vn -0.0962 0.7273 -0.6796
vn 0.9942 0.0419 0.0988
vn -0.5255 -0.4397 -0.7284
vn 0.7458 -0.5130 0.4250
vn 0.1625 -0.9644 0.2087
vn 0.7421 -0.6324 0.2220
vn 0.0130 -0.1691 -0.9855
vn -0.2508 0.8434 -0.4752
vn 0.6897 -0.1710 -0.7036
vn 0.6630 -0.2313 -0.7120
vn 0.1200 -0.6802 -0.7232
vn 0.1206 -0.6273 -0.7694
vn 0.4641 -0.5038 -0.7285
vn 0.0978 -0.1504 -0.9838
vn 0.2802 -0.8964 0.3436
vn 0.0115 -0.9915 0.1292
vn 0.1142 -0.6985 -0.7065
vn 0.1559 -0.2057 -0.9661
vn 0.1552 -0.2067 -0.9660
vn 0.9745 -0.0395 -0.2207
vn 0.0371 -0.9695 -0.2423
vn -0.8569 -0.0980 -0.5061
vn 0.9503 -0.2953 0.0988
vn -0.9216 -0.3626 -0.1383
vn 0.9654 -0.2550 -0.0546
vn -0.9073 -0.1358 -0.3979
vn 0.6389 -0.2257 -0.7354
vn -0.3128 0.7779 -0.5450
vn 0.5192 -0.2782 -0.8081
vn 0.5210 -0.1850 -0.8333
vn -0.5862 -0.5880 -0.5574
vn 0.0459 0.4243 -0.9044
vn 0.8992 0.4366 -0.0293
vn 0.5467 0.8368 -0.0306
vn 0.4632 0.0930 -0.8814
vn -0.7717 -0.1015 -0.6279
vn -0.1436 0.4577 0.8775
vn -0.1437 0.4305 0.8911
vn -0.2499 -0.9183 0.3070
vn -0.4443 -0.2879 -0.8484
vn -0.5217 0.0342 -0.8524
vn 0.0670 -0.8404 -0.5378
vn -0.2909 0.8268 -0.4815
vn 0.7435 -0.4956 0.4490
vn -0.0267 -0.9632 -0.2675
vn 0.1436 -0.1693 0.9751
vn 0.3281 -0.2964 0.8969
vn 0.8300 -0.4884 -0.2694
vn 0.7292 -0.4660 0.5011
vn 0.8425 -0.4916 -0.2202
vn 0.8559 -0.4417 0.2691
vn 0.1510 -0.2912 -0.9447
vn 0.5224 -0.3334 -0.7848
vn 0.1427 -0.3947 -0.9076
vn 0.2149 0.0725 0.9739
vn 0.9594 -0.0000 -0.2821
vn 0.9242 0.0304 0.3807
vn 0.9646 -0.0000 -0.2636
vn 0.9385 -0.0000 0.3451
vn 0.2983 -0.0000 -0.9545
vn -0.0242 -0.0000 -0.9997
vn 0.1725 -0.5458 0.8200
vn 0.7480 -0.6531 -0.1179
vn 0.9502 -0.0244 -0.3107
vn 0.7600 -0.6200 -0.1951
vn 0.8346 -0.4621 0.2998
vn 0.8325 -0.2368 -0.5008
vn -0.0787 -0.5202 -0.8504
vn 0.9057 0.3392 -0.2544
vn -0.8560 -0.0000 -0.5169
vn 0.8840 0.3311 0.3302
vn -0.0000 -0.0000 1.0000
vn -0.3560 -0.2608 -0.8973
vn -0.0577 0.9271 -0.3703
vn 0.9538 -0.2668 0.1385
vn 0.0116 0.8682 -0.4960
vn 0.8635 -0.0321 -0.5033
vn 0.8282 -0.0271 -0.5598
vn 0.8293 -0.0272 -0.5581
vn 0.7993 -0.0028 -0.6009
vn 0.7411 -0.1997 0.6410
vn 0.9231 -0.2177 0.3170
vn 0.9933 -0.1004 -0.0575
vn 0.9229 -0.2589 -0.2848
vn 0.1746 -0.9835 -0.0478
vn 0.2547 0.9573 -0.1366
vn 0.1326 -0.9865 0.0966
vn 0.2211 0.9642 0.1467
vn 0.1736 -0.9846 0.0190
vn 0.2202 0.9746 0.0415
vn 0.2192 0.9757 0.0024
vn 0.1735 -0.9846 0.0225
vn 0.9712 -0.1735 0.1636
vn 0.7070 0.1104 0.6986
vn 0.5415 -0.2579 0.8002
vn 0.9619 -0.2461 0.1195
vn 0.8559 0.4255 0.2941
vn 0.8071 0.5058 -0.3044
vn 0.9327 -0.3541 0.0676
vn 0.7760 -0.0641 -0.6275
vn 0.9287 -0.1124 -0.3535
vn 0.8273 0.4797 -0.2923
vn 0.7767 0.6298 -0.0029
vn 0.7597 -0.6466 0.0693
vn 0.6220 -0.6155 0.4841
vn 0.6869 0.6977 0.2035
vn 0.7335 0.2482 0.6328
vn 0.0264 0.6983 -0.7153
vn -0.1824 0.6722 -0.7175
vn -0.1871 0.6438 -0.7420
vn -0.1802 0.6549 -0.7339
vn -0.1271 0.6938 -0.7089
vn -0.2007 0.7602 -0.6179
vn -0.2327 0.7716 -0.5921
vn -0.1944 0.7160 -0.6704
vn 0.1117 -0.2310 0.9665
vn -0.6625 -0.1640 0.7309
vn -0.3313 -0.6991 0.6336
vn 0.0917 -0.8895 0.4476
vn -0.9067 -0.4193 0.0460
vn 0.0303 -0.9893 0.1429
vn 0.2022 -0.0382 0.9786
vn 0.4597 -0.1635 0.8729
vn 0.1697 -0.2231 0.9599
vn -0.7384 0.6735 -0.0335
vn -0.4535 0.8905 0.0372
vn -0.8522 0.5032 -0.1435
vn -0.9971 -0.0766 0.0031
vn -0.5790 -0.5812 -0.5718
vn 0.5753 0.6610 -0.4818
vn 0.7051 0.1452 0.6941
vn 0.8569 -0.1587 -0.4905
vn 0.7774 -0.0865 -0.6230
vn 0.5130 -0.0133 0.8583
vn 0.5437 0.0730 0.8361
vn 0.5000 -0.8194 0.2804
vn 0.9505 -0.0384 -0.3084
vn 0.4567 0.8580 0.2350
vn 0.2618 0.2248 0.9386
vn 0.5897 0.2121 0.7793
vn 0.7917 0.1395 0.5948
vn 0.6360 -0.4802 0.6041
vn 0.5556 -0.0715 0.8284
vn 0.2813 0.0921 0.9552
vn 0.6153 -0.5370 0.5771
vn 0.2594 0.9625 0.0790
vn -0.6351 0.3030 0.7106
vn 0.2159 0.9687 0.1221
vn 0.4035 -0.6388 0.6551
vn 0.0993 0.9733 0.2069
vn 0.1901 -0.6073 0.7714
vn 0.5951 0.1848 0.7821
vn 0.6059 0.1670 0.7778
vn 0.5949 0.1878 0.7816
vn 0.6049 0.2307 0.7621
vn 0.6047 0.2134 0.7674
vn 0.6130 0.2066 0.7626
vn 0.3841 -0.6958 0.6068
vn 0.6019 -0.0080 0.7985
vn 0.2149 0.9692 0.1203
vn 0.6059 0.1673 0.7778
vn -0.3401 -0.0060 0.9404
vn 0.3301 -0.7644 0.5539
vn 0.9930 -0.1104 0.0409
vn 0.9765 0.1466 -0.1578
vn 0.3055 0.9283 0.2121
vn -0.2265 0.2859 0.9311
vn -0.2073 0.7783 0.5927
vn 0.1372 -0.1559 -0.9782
vn 0.8221 -0.2671 -0.5027
vn 0.5073 -0.5100 -0.6947
vn 0.0272 -0.0980 -0.9948
vn 0.8467 -0.4345 -0.3070
vn 0.1521 -0.5259 -0.8369
vn 0.1183 -0.5270 -0.8416
vn 0.8279 -0.2895 -0.4804
vn 0.9343 -0.3215 -0.1542
vn 0.8633 -0.4676 -0.1899
vn -0.0173 0.9995 -0.0267
vn -0.1641 0.0173 -0.9863
vn -0.2653 0.1256 -0.9559
vn -0.1668 0.9524 -0.2553
vn 0.6654 0.7115 -0.2257
vn -0.0536 -0.8487 0.5261
vn 0.0058 -0.8475 0.5307
vn -0.5976 -0.8006 0.0444
vn 0.7019 0.7085 -0.0730
vn -0.0386 -0.0979 -0.9945
vn 0.1347 -0.0907 -0.9867
vn 0.1505 -0.5260 -0.8371
vn -0.0554 -0.8441 0.5333
vn -0.0164 0.9953 -0.0958
vn 0.1352 -0.0907 -0.9867
vn 0.1337 -0.0954 -0.9864
vn 0.0257 -0.0910 -0.9955
vn 0.9181 -0.0283 -0.3953
vn 0.0162 0.8019 -0.5973
vn -0.7989 -0.0729 -0.5970
vn -0.8632 0.4880 -0.1295
vn 0.9055 0.4231 0.0318
vn 0.1321 -0.1603 0.9782
vn 0.8222 -0.2671 0.5027
vn 0.5073 -0.5100 0.6947
vn 0.4986 -0.0279 0.8664
vn 0.8467 -0.4345 0.3070
vn 0.1492 -0.5242 0.8384
vn 0.5455 -0.5309 0.6485
vn 0.8279 -0.2895 0.4804
vn 0.9331 -0.3219 0.1605
vn 0.9188 -0.3777 0.1149
vn -0.0260 0.9995 0.0179
vn -0.2205 0.0703 0.9729
vn -0.2282 0.0623 0.9716
vn -0.1372 0.9880 0.0704
vn 0.6654 0.7115 0.2257
vn -0.0536 -0.8487 -0.5261
vn -0.1986 -0.8472 -0.4928
vn -0.5983 -0.7999 -0.0466
vn 0.7017 0.7083 0.0765
vn -0.0386 -0.0979 0.9945
vn 0.1326 -0.0936 0.9867
vn 0.1505 -0.5260 0.8371
vn -0.0554 -0.8441 -0.5333
vn -0.0203 0.9974 0.0688
vn 0.1349 -0.0936 0.9864
vn 0.1337 -0.0954 0.9864
vn 0.4674 -0.0328 0.8834
vn 0.9181 -0.0283 0.3953
vn 0.0162 0.8019 0.5972
vn -0.8466 -0.0881 0.5249
vn -0.9298 0.3612 0.0702
vn 0.8791 0.4766 -0.0067
vn 0.8875 0.3972 -0.2334
vn 0.7816 -0.3189 -0.5361
vn -0.3328 -0.8888 0.3151
vn 0.7707 -0.2872 0.5688
vn 0.9820 0.1226 0.1435
vn -0.3455 -0.9376 -0.0399
vn -0.7994 0.3814 -0.4642
vn -0.7172 0.5229 -0.4606
vn 0.1038 0.9945 -0.0134
vn 0.1185 0.9929 -0.0041
vn 0.0927 0.9956 0.0160
vn -0.1030 0.9878 0.1170
vn -0.7116 0.5116 0.4815
vn -0.8505 0.3007 0.4315
vn -0.6077 0.0625 -0.7917
vn -0.7050 0.1933 0.6824
vn 0.2237 -0.6589 0.7182
vn 0.1877 0.0085 0.9822
vn 0.3031 0.5746 0.7602
vn 0.3836 0.8685 0.3140
vn 0.3730 0.9008 -0.2223
vn 0.2686 0.5336 -0.8020
vn 0.1789 -0.2214 -0.9586
vn 0.2595 -0.7346 -0.6269
vn 0.3791 -0.8735 -0.3054
vn 0.3567 -0.9215 0.1535
vn 0.3462 -0.8591 -0.3769
vn 0.3719 -0.8493 -0.3748
vn 0.8242 0.2294 -0.5178
vn 0.3997 -0.4910 0.7741
vn 0.3652 -0.8580 -0.3612
vn 0.3674 -0.8578 -0.3595
vn 0.3774 -0.8539 -0.3584
vn 0.3563 -0.8675 -0.3471
vn 0.3549 -0.8696 -0.3433
vn 0.3426 -0.8594 -0.3796
vn 0.0389 -0.9455 0.3234
vn 0.4843 -0.7934 0.3687
vn -0.2383 -0.0232 -0.9709
vn 0.5447 -0.3792 0.7481
vn 0.7473 -0.3169 -0.5841
vn 0.4446 -0.2852 -0.8491
vn 0.0416 -0.4305 -0.9016
vn -0.3021 -0.6609 -0.6870
vn -0.4224 -0.8447 -0.3287
vn -0.2905 -0.9549 0.0619
vn -0.2642 -0.5788 0.7715
vn 0.2385 -0.0990 0.9661
vn 0.5707 0.4101 0.7114
vn 0.6678 0.7005 0.2517
vn 0.5785 0.7678 -0.2754
vn 0.2190 0.5697 -0.7921
vn -0.4389 0.1416 -0.8873
vn -0.8642 0.2543 -0.4341
vn -0.9987 -0.0494 -0.0137
vn -0.7150 -0.6290 0.3051
vn 0.3238 -0.1396 -0.9358
vn 0.2147 0.5644 -0.7971
vn 0.1469 0.9594 -0.2409
vn 0.0684 0.9329 0.3536
vn 0.0109 0.6376 0.7703
vn 0.0271 0.0002 0.9996
vn 0.2663 -0.4640 0.8448
vn 0.6900 -0.6859 0.2313
vn 0.7740 -0.5999 -0.2027
vn 0.5223 -0.6007 -0.6053
vn 0.9018 -0.3207 0.2896
vn 0.4986 -0.1277 0.8574
vn -0.5618 -0.3341 0.7568
vn -0.6432 -0.2213 0.7330
vn -0.9677 -0.0522 0.2467
vn -0.7634 0.2292 -0.6039
vn -0.7243 0.1466 -0.6737
vn -0.0812 0.6082 -0.7897
vn 0.6609 -0.0523 -0.7487
vn 0.8967 -0.3031 -0.3227
vn 0.2958 0.1144 -0.9484
vn -0.9177 -0.2949 -0.2660
vn -0.6599 -0.0222 -0.7510
vn -0.8731 -0.4804 0.0837
vn -0.5276 -0.6103 0.5910
vn -0.3998 -0.5614 0.7246
vn 0.5932 -0.3286 0.7349
vn 0.9403 -0.0462 0.3371
vn 0.9589 0.1794 -0.2198
vn 0.6483 0.2599 -0.7156
vn 0.2252 0.2043 -0.9527
vn -0.8875 -0.2267 -0.4012
vn -0.6748 -0.0837 -0.7332
vn -0.8764 -0.4731 0.0898
vn -0.5523 -0.5657 0.6124
vn -0.5053 -0.5397 0.6733
vn 0.7032 -0.1581 0.6932
vn 0.9165 0.0700 0.3938
vn 0.9382 0.2989 -0.1744
vn 0.6132 0.3634 -0.7014
vn -0.2884 0.8854 0.3644
vn -0.4683 0.4862 0.7378
vn -0.3781 0.5338 0.7564
vn -0.5484 0.6437 0.5338
vn -0.4910 0.7939 0.3585
vn -0.5687 0.8086 0.1507
vn -0.5686 0.8180 -0.0871
vn -0.6143 0.7360 -0.2845
vn -0.0103 0.9426 0.3339
vn -0.0419 0.9639 0.2628
vn -0.8728 0.4790 0.0938
vn -0.8584 0.5098 0.0568
vn -0.3257 0.9451 0.0262
vn -0.1786 0.9786 0.1020
vn -0.0444 0.9571 0.2864
vn -0.0656 0.8579 0.5097
vn -0.0617 0.8067 0.5877
vn -0.6297 0.3842 0.6752
vn -0.7540 0.3483 0.5569
vn -0.8662 0.3729 0.3326
vn 0.4123 0.2898 -0.8638
vn 0.8207 -0.1446 0.5528
vn 0.7469 -0.6569 -0.1034
vn 0.6018 -0.7631 0.2356
vn 0.1936 -0.9577 -0.2130
vn 0.1377 -0.9720 -0.1904
vn 0.1392 -0.9176 -0.3723
vn 0.1313 -0.8875 -0.4416
vn 0.1074 -0.7864 -0.6084
vn 0.8446 0.0491 -0.5332
vn 0.6130 -0.3963 -0.6834
vn 0.7451 -0.5351 -0.3980
vn 0.2023 -0.5841 -0.7861
vn 0.9977 -0.0675 -0.0114
vn 0.1887 -0.8782 -0.4395
vn 0.2373 -0.8328 -0.5001
vn 0.5055 -0.2625 -0.8219
vn 0.4692 -0.4199 -0.7769
vn 0.7178 -0.6957 0.0268
vn 0.8807 -0.4587 0.1182
vn 0.9643 -0.2490 0.0902
vn 0.2363 -0.9275 -0.2897
vn 0.1889 -0.9119 -0.3644
vn 0.3066 -0.9174 -0.2536
vn 0.7525 0.0533 -0.6564
vn 0.2013 -0.7500 -0.6301
vn -0.3266 0.0975 -0.9401
vn -0.3303 0.0493 -0.9426
vn -0.4039 0.3397 -0.8494
vn -0.4454 0.8823 -0.1522
vn -0.2138 0.6630 0.7174
vn 0.1438 -0.1708 0.9748
vn 0.2120 -0.4289 0.8781
vn 0.2372 -0.4621 0.8545
vn 0.3752 -0.9231 -0.0845
vn 0.5306 0.5794 0.6187
vn 0.6146 -0.1601 0.7724
vn 0.2550 0.8754 -0.4108
vn 0.1116 0.2790 -0.9538
vn 0.3372 0.9292 0.1509
vn 0.6553 -0.1826 0.7330
vn 0.5816 -0.7834 -0.2191
vn 0.5102 -0.7677 -0.3877
vn 0.4739 -0.7129 -0.5168
vn 0.0744 0.2030 -0.9764
vn -0.8017 0.5725 -0.1719
vn 0.5329 -0.4282 0.7298
vn 0.7753 -0.6054 0.1801
vn -0.4670 0.4588 0.7559
vn 0.5794 -0.3765 -0.7229
vn -0.0377 0.0110 -0.9992
vn -0.7734 0.5297 0.3484
vn 0.7734 -0.5297 -0.3484
vn -0.3568 0.7216 0.5933
vn -0.3243 -0.1483 0.9343
vn -0.1728 -0.5027 0.8470
vn -0.2383 -0.5209 0.8197
vn 0.2229 -0.9335 -0.2809
vn -0.6808 0.7131 0.1671
vn -0.9445 0.1437 -0.2956
vn -0.8423 -0.2730 -0.4649
vn -0.8370 -0.2655 -0.4785
vn 0.2422 -0.9342 -0.2621
vn -0.7163 -0.2521 0.6506
vn -0.6069 -0.5222 0.5991
vn -0.6713 -0.4926 0.5538
vn -0.1640 0.9357 0.3123
vn -0.0629 0.4203 0.9052
vn -0.0907 0.8869 0.4529
vn -0.4455 0.0767 0.8920
vn 0.7438 -0.5272 -0.4110
vn 0.0582 -0.9487 0.3108
vn 0.5520 -0.7722 0.3147
vn 0.7354 -0.6734 -0.0757
vn -0.8714 0.4440 -0.2087
vn -0.4549 0.7751 -0.4384
vn -0.1735 0.9727 0.1539
vn -0.9791 -0.0488 -0.1972
vn -0.9104 -0.2605 -0.3215
vn -0.9176 -0.3531 -0.1827
vn -0.0951 -0.7646 -0.6374
vn 0.3601 -0.3964 -0.8445
vn 0.5443 -0.4479 -0.7093
vn 0.1390 -0.4605 -0.8767
vn 0.4826 -0.8445 0.2321
vn -0.5739 0.3723 0.7294
vn -0.7753 0.6054 -0.1801
vn -0.2204 -0.3200 0.9214
vn -0.6487 0.2740 -0.7100
vn -0.8826 -0.0610 -0.4662
vn -0.9135 -0.3775 0.1515
vn -0.5753 -0.4815 0.6612
vn 0.2386 0.3235 -0.9157
vn 0.5705 -0.2308 0.7882
vn 0.8870 0.0697 0.4565
vn 0.9140 0.3766 -0.1509
vn 0.5773 0.4816 -0.6594
vn -0.4550 0.8618 0.2240
vn 0.0059 -0.8874 -0.4609
vn -0.9493 -0.1991 -0.2432
vn -0.3601 0.7016 0.6149
vn -0.7112 -0.4627 0.5292
vn 0.0768 -0.9710 -0.2263
vn -0.2865 0.8703 0.4006
vn 0.2865 -0.8654 -0.4110
vn -0.2865 0.8762 0.3875
vn 0.2865 -0.8766 -0.3867
vn -0.2882 0.8705 0.3990
vn 0.2933 -0.8724 -0.3911
vn -0.8691 -0.2190 -0.4435
vn 0.9331 0.2685 -0.2393
vn -0.4883 -0.5242 0.6977
vn -0.9111 -0.3565 0.2070
vn -0.1547 -0.9633 -0.2194
vn 0.3096 0.2698 -0.9118
vn 0.6720 -0.6218 -0.4022
vn 0.8027 -0.1370 0.5804
vn -0.1113 0.0095 -0.9937
vn 0.2267 -0.9147 -0.3344
vn 0.3580 -0.4912 0.7941
vn 0.3288 0.2527 -0.9100
vn -0.0771 -0.2902 -0.9539
vn -0.7400 -0.1953 -0.6437
vn 0.7273 -0.5561 -0.4023
vn -0.1422 -0.9642 -0.2239
vn -0.2350 -0.5869 0.7748
vn 0.4116 -0.6625 0.6258
vn 0.8048 -0.1714 0.5683
vn 0.9307 0.3420 -0.1297
vn 0.1324 -0.6627 -0.7371
vn -0.8814 -0.3647 0.3002
vn 0.8630 0.4807 -0.1558
vn -0.9134 -0.3228 0.2478
vn -0.9483 -0.3052 0.0864
vn 0.3848 -0.9192 -0.0840
vn 0.9300 0.3439 -0.1297
vn -0.3279 0.3090 -0.8927
vn -0.6672 0.0254 -0.7444
vn -0.9233 -0.3121 0.2237
vn -0.5212 -0.2279 0.8225
vn 0.2778 -0.1702 0.9454
vn 0.6497 0.0248 0.7597
vn 0.8869 0.4259 -0.1793
vn 0.1032 0.4432 -0.8905
vn 0.8629 0.4809 -0.1557
vn 0.5807 0.1640 0.7974
vn 0.2274 -0.0432 0.9728
vn -0.2057 -0.1498 0.9671
vn -0.9486 -0.1532 0.2770
vn -0.7436 0.2601 -0.6160
vn -0.3643 0.4400 -0.8208
vn 0.0158 0.5497 -0.8352
vn 0.8479 0.5206 0.0999
vn 0.4687 -0.7963 0.3823
vn 0.0932 -0.1737 -0.9804
vn -0.8567 -0.4395 0.2700
vn -0.5045 0.8633 0.0115
vn 0.7733 -0.5180 0.3657
vn 0.6763 0.2340 -0.6984
vn 0.4506 -0.7773 -0.4391
vn 0.0694 -0.8996 0.4313
vn -0.5446 -0.4797 -0.6880
vn -0.8021 0.5890 0.0984
vn -0.3315 0.5561 -0.7621
vn -0.1142 0.9931 0.0274
vn 0.8369 -0.3963 -0.3775
vn -0.0701 -0.9265 -0.3698
vn -0.7326 0.2120 -0.6468
vn 0.1665 0.7375 -0.6545
vn -0.8633 -0.5046 0.0074
vn -0.9210 0.3574 -0.1549
vn -0.4955 0.8448 -0.2019
vn 0.1385 0.9767 -0.1639
vn 0.8633 0.5046 -0.0074
vn 0.9210 -0.3574 0.1549
vn 0.4955 -0.8448 0.2019
vn -0.1385 -0.9767 0.1639
vn -0.3834 -0.4169 -0.8241
vn -0.4826 0.2571 -0.8373
vn -0.3939 0.6646 -0.6349
vn 0.0021 0.5404 -0.8414
vn 0.5408 0.1234 -0.8320
vn 0.6189 -0.5111 -0.5964
vn 0.4815 -0.8280 -0.2872
vn 0.1341 -0.7945 -0.5923
vn 0.9839 -0.0932 -0.1522
vn 0.7436 -0.6288 0.2273
vn -0.3630 -0.8415 0.4001
vn -0.0600 -0.9480 0.3124
vn -0.8476 -0.4773 -0.2317
vn -0.9604 0.1154 -0.2535
vn -0.8775 0.4670 0.1093
vn 0.0812 0.9616 -0.2623
vn 0.4504 0.8020 -0.3924
vn 0.8605 0.4041 -0.3102
vn -0.1609 0.9767 -0.1421
vn -0.9979 -0.0653 -0.0029
vn -0.9884 0.1489 0.0288
vn -0.8868 -0.4391 0.1443
vn -0.4550 -0.8676 0.2008
vn -0.3617 -0.9227 0.1333
vn 0.6836 -0.7213 0.1116
vn 0.9792 -0.1701 0.1107
vn 0.8839 0.4663 0.0364
vn 0.4468 0.8926 -0.0602
vn -0.0634 0.8855 -0.4603
vn -0.9784 -0.0756 -0.1925
vn -0.9446 0.1316 -0.3007
vn -0.8670 -0.4705 -0.1642
vn -0.4397 -0.8938 -0.0885
vn -0.3717 -0.9154 -0.1545
vn 0.8319 -0.5547 -0.0159
vn 0.9875 -0.1542 -0.0319
vn 0.8880 0.4426 -0.1247
vn 0.4565 0.8535 -0.2514
vn 0.3587 0.5590 0.7476
vn -0.2778 -0.6995 0.6584
vn 0.0438 -0.6185 0.7846
vn -0.4643 -0.2376 0.8532
vn -0.5728 -0.1746 0.8009
vn -0.9773 0.1672 0.1304
vn -0.8007 0.3528 0.4842
vn -0.7961 0.3209 0.5131
vn 0.5365 0.2461 0.8072
vn 0.4112 0.3941 0.8219
vn -0.7127 0.4075 0.5709
vn -0.8542 -0.0221 0.5195
vn -0.6300 -0.4438 0.6373
vn -0.2554 -0.5249 0.8120
vn -0.6807 -0.2262 0.6967
vn -0.2128 0.9643 -0.1575
vn 0.6291 -0.7694 0.1107
vn 0.4553 -0.4918 -0.7422
vn 0.3591 -0.2834 -0.8892
vn 0.2903 0.3263 -0.8996
vn -0.0573 -0.4571 -0.8876
vn -0.2358 -0.2654 -0.9349
vn -0.2703 -0.0097 -0.9627
vn 0.7148 0.6262 -0.3114
vn -0.3024 -0.5572 -0.7733
vn 0.2752 0.2042 -0.9394
vn 0.4078 0.0731 -0.9101
vn -0.3876 0.1106 -0.9152
vn -0.4275 -0.7354 -0.5259
vn -0.5669 -0.2640 -0.7803
vn -0.3293 0.3787 -0.8650
vn 0.7652 0.5099 -0.3930
vn 0.3387 0.3612 -0.8688
vn 0.5480 0.1596 -0.8211
vn 0.5983 -0.1303 -0.7906
vn 0.9197 0.3742 -0.1185
vn -0.5885 -0.5739 -0.5696
vn -0.2210 -0.7089 -0.6698
vn -0.5328 -0.3916 -0.7502
vn -0.3277 -0.6663 -0.6699
vn -0.7492 -0.3066 -0.5870
vn -0.1125 0.2992 -0.9475
vn -0.5524 0.8211 -0.1434
vn -0.5005 0.6436 -0.5791
vn 0.2726 -0.9060 0.3239
vn 0.2997 -0.9495 -0.0931
vn 0.3786 -0.9147 0.1415
vn 0.3170 -0.5133 -0.7976
vn -0.5754 0.8152 -0.0658
vn 0.0571 0.1869 0.9807
vn 0.6764 0.4346 0.5947
vn 0.6485 0.4313 0.6272
vn -0.3466 -0.0364 0.9373
vn -0.7435 -0.5714 0.3473
vn -0.9687 -0.1512 0.1968
vn -0.6321 -0.1708 0.7559
vn -0.8941 -0.0352 0.4464
vn -0.7036 -0.5550 0.4437
vn -0.9703 0.1140 -0.2134
vn -0.9633 -0.1041 -0.2473
vn 0.1165 0.9380 -0.3265
vn 0.0154 0.8057 -0.5922
vn 0.1677 0.9380 -0.3032
vn -0.3667 -0.9268 -0.0806
vn 0.7739 -0.6306 -0.0587
vn -0.3979 -0.9162 -0.0476
vn 0.7285 -0.6708 -0.1389
vn 0.8964 -0.4378 -0.0690
vn 0.5982 -0.7735 0.2094
vn -0.5018 -0.1142 -0.8574
vn -0.6908 0.1874 0.6984
vn -0.3837 0.8453 -0.3717
vn 0.0472 0.6237 -0.7802
vn -0.8966 0.3612 -0.2561
vn -0.0890 0.8885 0.4501
vn 0.5176 -0.6260 0.5833
vn -0.1061 -0.9934 -0.0446
vn 0.6188 -0.2420 -0.7474
vn -0.1336 -0.6133 -0.7785
vn 0.7224 -0.6913 -0.0169
vn -0.3905 -0.6734 0.6277
vn -0.5420 0.7144 -0.4426
vn -0.5437 0.7141 -0.4410
vn 0.2589 -0.9419 -0.2141
vn 0.2905 -0.9532 -0.0844
vn -0.0116 0.9608 -0.2771
vn -0.0677 0.4047 -0.9120
vn 0.4113 -0.4839 -0.7724
vn -0.4510 -0.1050 -0.8863
vn 0.4006 0.8819 -0.2486
vn -0.0558 -0.6465 0.7609
vn -0.4030 -0.8798 0.2520
vn -0.8522 -0.0025 0.5231
vn 0.2406 -0.6626 -0.7092
vn -0.8143 -0.4380 0.3809
vn -0.1486 -0.3635 -0.9197
vn 0.8141 0.4399 -0.3792
vn 0.1978 -0.8316 0.5190
vn 0.5804 0.6346 0.5102
vn 0.7376 0.4458 0.5072
vn 0.4187 -0.9073 0.0397
vn -0.7430 -0.4376 -0.5064
vn -0.5838 -0.6313 -0.5105
vn -0.9836 0.1779 -0.0292
vn 0.5460 0.8309 0.1071
vn -0.5486 -0.8289 -0.1093
vn -0.6956 0.4459 -0.5633
vn 0.5515 0.8227 0.1375
vn 0.9001 0.4293 -0.0739
vn 0.4526 -0.8103 -0.3723
vn -0.9014 -0.4265 0.0751
vn -0.5536 -0.8215 -0.1367
vn -0.9617 0.0913 0.2586
vn 0.5601 0.8116 0.1663
vn -0.5613 -0.8115 -0.1625
vn -0.3380 -0.0452 0.9400
vn -0.3784 -0.8515 0.3631
vn -0.4874 -0.1664 -0.8572
vn 0.3784 0.8515 -0.3630
vn 0.6038 0.5419 0.5845
vn -0.1260 -0.6952 0.7077
vn -0.6038 -0.5419 -0.5845
vn 0.1768 -0.5971 -0.7825
vn -0.4142 -0.8607 0.2959
vn -0.7436 0.0087 0.6686
vn 0.4142 0.8607 -0.2959
vn 0.4133 -0.8929 0.1784
vn 0.6099 0.5920 0.5268
vn -0.9435 0.2832 -0.1719
vn -0.6099 -0.5920 -0.5268
vn 0.5180 0.7474 -0.4161
vn 0.9487 0.2549 0.1869
vn 0.7715 0.0522 -0.6341
vn 0.9449 -0.1694 -0.2801
vn 0.9627 -0.2104 0.1699
vn 0.7024 -0.1288 0.7000
vn 0.3967 -0.0001 0.9179
vn 0.8013 -0.2276 0.5533
vn 0.4479 0.0680 0.8915
vn -0.5119 0.8178 0.2629
vn -0.3016 0.7465 0.5932
vn -0.5960 0.5922 -0.5422
vn -0.5013 0.7802 0.3741
vn -0.2372 0.0995 0.9664
vn -0.4151 0.9024 0.1159
vn -0.4604 0.7471 0.4796
vn 0.0454 0.6207 -0.7827
vn 0.4768 0.2548 -0.8413
vn -0.0143 0.5672 -0.8234
vn 0.3306 0.3818 -0.8631
vn 0.5960 0.7560 -0.2708
vn -0.2398 0.1680 0.9562
vn -0.2476 0.8789 0.4078
vn -0.7191 -0.6610 0.2146
vn -0.9238 -0.3201 -0.2102
vn -0.0723 0.7284 -0.6814
vn -0.9421 -0.1650 0.2918
vn -0.1979 0.9154 -0.3506
vn 0.4492 0.8742 -0.1844
vn 0.9363 0.2990 0.1844
vn 0.0174 -0.7880 -0.6154
vn -0.9845 -0.1551 -0.0824
vn -0.3365 0.8615 -0.3803
vn 0.4743 0.8421 -0.2566
vn 0.7792 0.6068 0.1569
vn -0.0124 -0.2938 0.9558
vn 0.8428 0.2666 -0.4675
vn 0.9295 0.2368 -0.2829
vn -0.2498 0.9526 0.1738
vn 0.0165 -0.9998 -0.0133
vn -0.4343 0.6734 -0.5982
vn -0.5620 -0.8148 -0.1425
vn -0.7438 -0.5181 -0.4223
vn 0.1872 -0.6603 0.7273
vn 0.7391 0.6400 -0.2100
vn 0.9672 0.2121 -0.1400
vn -0.4943 0.8692 -0.0113
vn -0.7285 -0.6826 0.0578
vn -0.9917 -0.0968 0.0852
vn 0.1836 -0.9484 0.2586
vn -0.7128 -0.5808 -0.3931
vn -0.3709 -0.9285 -0.0155
vn 0.4087 -0.2535 -0.8767
vn 0.2776 -0.9607 0.0044
vn 0.3500 0.7584 -0.5498
vn 0.6020 0.7325 -0.3178
vn 0.2455 -0.9147 -0.3210
vn 0.9351 -0.0286 -0.3532
vn -0.2171 0.9163 -0.3366
vn -0.1934 0.9166 -0.3499
vn 0.5064 -0.8347 -0.2163
vn 0.8113 -0.5834 -0.0396
vn -0.5377 0.8417 0.0483
vn 0.6153 -0.6951 0.3718
vn -0.2089 0.7518 0.6254
vn 0.7340 0.6207 -0.2754
vn 0.5500 -0.6501 -0.5242
vn -0.8268 -0.5369 0.1680
vn -0.9301 -0.0633 0.3619
vn -0.3371 0.8071 0.4847
vn 0.9358 0.2286 -0.2684
vn 0.2261 -0.9266 -0.3004
vn -0.5283 0.5950 0.6057
vn 0.8723 0.3833 -0.3038
vn 0.3510 -0.9210 0.1689
vn -0.9580 -0.0175 0.2862
vn -0.2170 -0.9622 0.1649
vn -0.3711 -0.9285 -0.0169
vn 0.7395 0.5083 0.4413
vn 0.9119 0.4024 -0.0809
vn 0.9151 0.3470 -0.2056
vn 0.9066 0.3518 -0.2331
vn -0.8372 -0.4864 0.2498
vn -0.8981 -0.4373 0.0462
vn 0.1052 0.0320 -0.9939
vn -0.4884 -0.7921 -0.3660
vn 0.9310 0.1207 -0.3444
vn 0.9863 0.1320 -0.0986
vn 0.9357 0.1624 0.3133
vn 0.7666 0.3643 0.5287
vn -0.8937 -0.2649 0.3622
vn -0.9735 -0.2237 0.0469
vn -0.7304 -0.4299 -0.5308
vn -0.6780 -0.6812 -0.2764
vn -0.9291 -0.3330 -0.1609
vn -0.0222 -0.9838 0.1777
vn -0.8778 0.2407 0.4142
vn -0.3365 0.6471 -0.6842
vn -0.4032 0.8908 -0.2096
vn 0.8049 0.5898 0.0661
vn 0.8285 0.3251 -0.4559
vn 0.8104 -0.5687 -0.1409
vn -0.1582 0.6884 -0.7079
vn -0.1985 0.9669 -0.1606
vn 0.5904 0.2480 0.7680
vn 0.3330 0.2277 -0.9150
vn 0.5458 0.4200 0.7251
vn 0.3371 0.3012 -0.8920
vn 0.5033 0.8428 -0.1906
vn 0.5852 0.2827 0.7600
vn 0.7383 -0.6606 0.1360
vn 0.3810 -0.0869 -0.9205
vn 0.4189 0.5852 0.6943
vn -0.2564 0.2563 -0.9320
vn -0.1886 0.0032 -0.9820
vn -0.1391 -0.1979 -0.9703
vn -0.4728 0.4641 -0.7491
vn -0.8079 0.1929 -0.5569
vn 0.4157 -0.7331 -0.5384
vn -0.0181 -0.5474 -0.8367
vn -0.4366 -0.3234 -0.8395
vn 0.4905 0.7384 0.4627
vn -0.5383 -0.0440 0.8416
vn 0.5954 0.1858 0.7816
vn -0.6640 -0.4982 0.5576
vn -0.2407 0.6960 0.6765
vn 0.3057 -0.3311 0.8927
vn -0.0025 0.1615 0.9869
vn -0.0323 0.0953 0.9949
vn -0.0079 0.1836 0.9830
vn -0.0610 0.2227 0.9730
vn 0.0335 0.1653 0.9857
vn 0.0326 0.2335 0.9718
vn 0.5552 0.8317 0.0078
vn -0.9817 0.1770 0.0705
vn 0.9727 0.0490 0.2268
vn -0.6916 -0.6991 0.1818
vn -0.4037 0.9126 -0.0647
vn 0.3599 -0.8685 0.3409
vn -0.0000 -0.6052 0.7961
vn -0.0000 0.9946 0.1040
vn -0.0000 0.5367 -0.8438
vn 0.9768 -0.2135 -0.0167
vn -0.9598 -0.1947 -0.2020
vn -0.9988 -0.0486 -0.0045
vn -0.0000 0.2718 -0.9624
vn 0.9999 -0.0136 0.0018
vn -0.0000 0.1665 0.9860
vn -0.7896 0.6137 -0.0006
vn -0.1705 0.2385 -0.9560
vn -0.0459 0.1583 0.9863
vn -0.0000 1.0000 -0.0010
vn -0.0000 0.3066 -0.9519
vn -0.0000 0.1755 0.9845
vn 0.8207 0.5682 0.0594
vn 0.1705 0.2385 -0.9560
vn 0.0459 0.1583 0.9863
vn -1.0000 -0.0000 -0.0000
vn -0.0000 0.8725 -0.4887
vn 1.0000 -0.0000 -0.0000
vn -0.0000 -0.9149 0.4038
vn -0.6025 -0.7912 0.1048
vn -0.5542 0.0730 0.8292
vn 0.1985 0.9748 0.1019
vn 0.6383 -0.0088 -0.7697
vn 0.6178 -0.7840 -0.0613
vn -0.4162 0.2948 -0.8602
vn -0.2057 0.9744 0.0904
vn 0.5515 0.0884 0.8295
vn -0.0000 -0.7854 -0.6190
vn -0.0000 0.9845 -0.1751
vn -0.0000 0.7228 0.6911
vn -0.9433 -0.2839 0.1722
vn 0.9055 -0.2285 0.3576
vn 0.9009 0.4338 -0.0151
vn -0.0000 0.4562 0.8899
vn -0.8631 0.4972 -0.0884
vn -0.0000 -0.0312 -0.9995
vn 0.9415 0.3291 -0.0722
vn 0.6993 0.1507 0.6988
vn 0.0102 -0.0339 -0.9994
vn -0.0000 0.9768 -0.2143
vn -0.0000 0.8619 0.5070
vn -0.0000 -0.0230 -0.9997
vn -0.9399 0.3363 -0.0598
vn -0.6993 0.1507 0.6988
vn -0.0102 -0.0339 -0.9994
vn -0.0000 1.0000 -0.0038
vn -0.0000 -0.9998 0.0220
vn 0.4731 -0.8805 0.0307
vn 0.3917 -0.0980 -0.9149
vn -0.4775 0.8650 -0.1539
vn -0.4891 -0.1165 0.8644
vn -0.5106 -0.8386 0.1900
vn 0.2465 0.4808 0.8415
vn 0.4891 0.8587 -0.1527
vn -0.4528 0.1967 -0.8696
vn 0.9744 -0.2194 0.0497
vn -0.0000 0.0624 0.9981
vn -0.9801 -0.1698 0.1030
vn -0.0000 -0.3352 -0.9422
vn 0.9409 -0.3231 0.1010
vn 0.9937 0.1056 0.0365
vn 0.7582 0.6492 -0.0613
vn -0.9084 0.4078 -0.0920
vn -0.9988 -0.0245 -0.0431
vn -0.7298 -0.6818 0.0501
vn 0.2310 -0.2037 -0.9514
vn 0.2553 0.0672 0.9645
vn -0.7740 -0.6318 0.0419
vn 0.4899 -0.1483 -0.8591
vn 0.3176 0.2951 0.9011
vn 0.3391 0.0048 -0.9407
vn -0.9691 0.2354 -0.0736
vn 0.0428 0.2768 0.9600
vn -0.9345 -0.3559 0.0006
vn -0.7903 0.3498 0.5030
vn -0.5062 0.8474 -0.1600
vn -0.6379 0.2588 -0.7253
vn -0.9783 0.1956 -0.0691
vn -0.3542 -0.5879 -0.7272
vn 0.2081 -0.9645 0.1625
vn -0.3109 -0.4209 0.8522
vn 0.9418 0.2155 0.2580
vn 0.8490 0.2079 0.4857
vn 0.9778 0.2096 0.0047
vn 0.9657 0.2146 0.1459
vn 0.3641 0.9257 0.1028
vn 0.3089 0.9200 0.2412
vn -0.1863 0.0130 0.9824
vn 0.3885 0.9206 -0.0403
vn 0.3616 0.9253 0.1145
vn 0.2305 -0.0030 -0.9731
vn 0.2864 0.9503 0.1223
vn 0.2930 0.9413 0.1678
vn 0.3248 0.9144 0.2417
vn 0.3570 0.9249 0.1304
vn 0.4008 0.1346 0.9062
vn 0.2994 0.9468 0.1179
vn 0.4813 -0.2073 0.8517
vn 0.1399 0.9561 0.2574
vn 0.2143 0.9652 0.1499
vn 0.1197 0.9928 -0.0102
vn 0.9546 0.1922 -0.2275
vn 0.6763 0.5253 -0.5164
vn 0.6815 0.1840 0.7083
vn 0.1237 0.6863 0.7167
vn -0.4196 -0.0410 0.9068
vn 0.4578 0.5293 0.7143
vn 0.0205 0.8751 0.4836
vn -0.6796 -0.5859 0.4415
vn 0.0615 0.9979 0.0205
vn 0.0334 0.9960 0.0827
vn -0.8840 -0.1658 0.4371
vn 0.0636 0.9934 -0.0951
vn 0.1999 0.9779 0.0609
vn -0.4046 -0.1353 -0.9044
vn -0.0906 0.6528 -0.7521
vn -0.3499 0.7137 0.6068
vn -0.8269 -0.2052 -0.5236
vn -0.8713 -0.2104 -0.4434
vn -0.7584 -0.1958 -0.6217
vn -0.9245 -0.2149 -0.3148
vn -0.2327 0.0025 0.9725
vn -0.8656 -0.1598 0.4746
vn 0.5972 -0.1776 0.7822
vn -0.9777 -0.2078 0.0292
vn 0.3062 0.9374 0.1660
vn -0.0338 -0.0609 -0.9976
vn -0.2814 0.5057 -0.8155
vn -0.4337 0.8090 -0.3968
vn -0.4900 0.7680 -0.4124
vn -0.5720 0.8008 -0.1778
vn -0.5740 0.7947 0.1974
vn -0.5230 0.6123 0.5930
vn -0.2659 0.7286 0.6312
vn 0.3885 0.9076 -0.1590
vn 0.1190 0.9875 -0.1030
vn 0.3651 0.9232 -0.1197
vn 0.2822 0.9322 -0.2266
vn -0.3566 0.6566 -0.6646
vn 0.9602 0.1948 -0.2000
vn 0.4050 -0.2831 0.8694
vn 0.3380 0.9305 0.1411
vn 0.3006 0.9267 0.2257
vn 0.3041 0.9364 0.1751
vn 0.0466 0.9936 0.1029
vn 0.7080 -0.6804 0.1892
vn 0.6686 -0.6677 0.3274
vn 0.7313 -0.6805 0.0458
vn 0.9276 -0.3437 0.1466
vn 0.6540 -0.7359 0.1750
vn 0.6481 -0.7169 0.2570
vn 0.7114 -0.7012 -0.0470
vn 0.7007 -0.6798 0.2168
vn 0.6572 -0.7245 0.2078
vn 0.3358 0.4720 0.8151
vn 0.5124 -0.7837 0.3510
vn 0.5830 -0.7749 0.2441
vn 0.5148 -0.8527 0.0891
vn 0.8430 -0.2533 -0.4745
vn 0.3774 -0.4984 0.7805
vn 0.6182 -0.2198 0.7546
vn 0.4491 -0.6996 0.5558
vn -0.8691 0.2993 0.3938
vn 0.4695 -0.8742 0.1241
vn 0.4354 -0.8813 0.1837
vn 0.4657 -0.8849 0.0059
vn 0.4854 -0.8624 0.1440
vn 0.4185 -0.5332 -0.7352
vn -0.0412 -0.7279 0.6844
vn 0.4553 0.4852 0.7465
vn 0.6586 -0.7082 0.2545
vn -0.0324 -0.6573 -0.7529
vn -0.0206 -0.9545 -0.2976
vn -0.1275 -0.9394 -0.3182
vn -0.1911 -0.9781 -0.0820
vn -0.2037 -0.9350 0.2904
vn -0.2403 -0.7081 0.6640
vn 0.0411 -0.7047 0.7083
vn 0.7286 -0.6810 -0.0735
vn 0.5141 -0.8577 -0.0037
vn 0.7128 -0.7006 -0.0323
vn 0.6432 -0.7536 -0.1359
vn -0.0427 -0.8094 -0.5858
vn 0.2349 0.5114 0.8266
vn 0.6559 -0.6845 0.3182
vn 0.6467 -0.7325 0.2128
vn 0.6467 -0.7324 0.2129
vn 0.6783 -0.7088 0.1937
vn 0.6477 -0.6946 0.3130
vn 0.6560 -0.7072 0.2635
vn 0.4460 -0.8717 0.2032
vn 0.9536 -0.2961 0.0538
vn -0.2053 0.9739 -0.0969
vn 0.8836 -0.1584 0.4407
vn -0.2172 0.9589 0.1825
vn 0.8501 0.5229 -0.0625
vn 0.1298 0.0022 -0.9915
vn -0.9939 0.0289 -0.1068
vn 0.8175 0.4960 0.2927
vn -0.9968 0.0537 0.0586
vn -0.1344 0.0223 0.9907
vn -0.1355 0.0243 0.9905
vn 0.7674 0.6403 -0.0334
vn 0.7268 0.5793 0.3691
vn -0.9502 0.2673 -0.1605
vn -0.9606 0.2780 0.0042
vn 0.5914 0.8047 -0.0520
vn -0.9641 -0.2172 -0.1529
vn 0.9762 0.2137 0.0366
vn -0.7504 0.6513 -0.1126
vn 0.5275 0.8063 0.2677
vn 0.9593 0.2234 0.1730
vn -0.9630 -0.2149 -0.1624
vn -0.7632 0.6414 0.0782
vn -0.8168 -0.5573 0.1491
vn -0.7408 -0.6648 -0.0966
vn 0.5932 -0.1021 -0.7985
vn 0.1578 0.7012 -0.6953
vn 0.2240 0.6607 -0.7165
vn 0.6373 0.0953 -0.7647
vn -0.2758 -0.3007 -0.9130
vn -0.4094 -0.1362 -0.9021
vn -0.2987 0.5459 -0.7828
vn -0.2433 0.6039 -0.7590
vn -0.7967 0.0487 -0.6024
vn -0.0776 0.7275 -0.6817
vn 0.8285 0.4097 -0.3818
vn -0.1903 0.9428 -0.2736
vn -0.5907 0.7976 -0.1220
vn 0.1258 0.9892 -0.0753
vn 0.1355 -0.0242 -0.9905
vn 0.1355 -0.0243 -0.9905
vn 0.0299 -0.0497 -0.9983
vn -0.6119 0.5343 -0.5832
vn 0.1157 0.6564 -0.7455
vn 0.0422 0.0425 -0.9982
vn -0.9986 0.0460 -0.0266
vn 0.8493 0.5262 0.0419
vn -0.2422 0.9478 0.2074
vn 0.9869 0.0137 -0.1606
vn -0.8578 -0.4562 -0.2369
vn -0.9834 -0.0921 -0.1563
vn 0.8955 0.4451 -0.0027
vn 0.1517 -0.8877 0.4348
vn 0.2149 -0.9756 0.0460
vn -0.0091 -0.8529 0.5219
vn 0.2090 -0.8177 0.5364
vn 0.3515 -0.9353 0.0408
vn 0.1118 -0.9936 0.0169
vn 0.8650 -0.2710 0.4223
vn -0.8170 -0.5648 0.1162
vn -0.7659 -0.6429 0.0077
vn 0.9469 -0.2998 0.1164
vn -0.1432 0.0728 0.9870
vn -0.1580 0.0162 0.9873
vn -0.0524 -0.6030 0.7960
vn -0.2299 -0.0510 0.9719
vn 0.1146 -0.0636 -0.9914
vn 0.1107 -0.1345 -0.9847
vn 0.0468 -0.0437 -0.9979
vn 0.2064 -0.0085 -0.9784
vn 0.6278 0.4543 -0.6320
vn -0.6061 0.1623 -0.7786
vn -0.2201 0.2176 -0.9509
vn 0.3280 0.3483 -0.8781
vn 0.0604 0.3060 -0.9501
vn 0.1935 -0.8202 0.5383
vn -0.2026 -0.8832 0.4229
vn 0.1594 -0.9032 0.3984
vn 0.1670 -0.9852 0.0379
vn 0.2960 -0.9541 0.0458
vn 0.2157 -0.9756 0.0419
vn -0.8074 -0.5843 0.0816
vn 0.9141 -0.2513 0.3181
vn -0.1319 0.0768 0.9883
vn 0.9791 -0.2028 0.0175
vn -0.7863 -0.6148 -0.0616
vn 0.2504 -0.7010 -0.6678
vn 0.3802 -0.9217 -0.0765
vn -0.7286 -0.6263 -0.2773
vn 0.2379 -0.9602 -0.1464
vn 0.9633 -0.2542 -0.0860
vn -0.0794 -0.9932 -0.0853
vn -0.8163 -0.5776 0.0019
vn 0.4080 -0.9049 -0.1210
vn 0.9729 -0.1660 -0.1609
vn 0.9701 0.2003 -0.1372
vn 0.7652 0.6215 -0.1680
vn 0.5085 0.8347 -0.2114
vn 0.8101 0.5730 -0.1242
vn -0.0931 0.9671 -0.2369
vn -0.9978 0.0612 -0.0252
vn -0.1984 0.9602 -0.1964
vn 0.8072 0.5855 0.0754
vn -0.2704 0.9293 -0.2515
vn -0.9710 0.0594 -0.2314
vn -0.7351 0.6101 -0.2957
vn -0.9184 0.2289 -0.3227
vn -0.9167 -0.2144 -0.3372
vn -0.7516 -0.5632 -0.3432
vn 0.0083 -0.9868 -0.1619
vn 0.9379 -0.3015 0.1714
vn 0.6014 0.4663 0.6488
vn -0.2093 0.4613 0.8622
vn -0.7020 0.0689 0.7088
vn 0.1232 -0.8233 0.5540
vn -0.2082 0.0149 0.9780
vn -0.7104 -0.3643 0.6021
vn 0.7069 0.5706 0.4180
vn 0.8583 -0.1539 0.4896
vn 0.8576 0.2089 0.4699
vn -0.8106 -0.5838 -0.0452
vn 0.3560 -0.7850 0.5069
vn -0.0692 0.9073 0.4148
vn -0.2515 -0.9526 0.1712
vn -0.1981 0.9564 -0.2144
vn 0.6102 0.6349 0.4739
vn 0.1923 -0.9608 0.1996
vn -0.5830 0.2565 -0.7709
vn -0.8705 0.4208 -0.2553
vn 0.4919 0.8273 -0.2712
vn 0.7204 0.5827 -0.3761
vn 0.1997 -0.9592 0.2003
vn -0.8383 0.2312 -0.4938
vn -0.1997 0.9592 -0.2003
vn -0.2081 0.7070 0.6759
vn -0.8790 0.2986 0.3718
vn 0.5362 0.5327 -0.6548
vn -0.0621 0.5524 -0.8313
vn 0.4797 0.8774 0.0005
vn -0.8012 0.5909 -0.0942
vn 0.4383 0.0859 -0.8947
vn 0.5964 0.5816 -0.5532
vn -0.1128 0.8890 -0.4438
vn 0.7348 0.0064 -0.6783
vn 0.1967 0.8874 -0.4170
vn -0.0531 0.8748 -0.4816
vn 0.2359 0.8850 -0.4014
vn 0.8235 -0.2029 -0.5297
vn 0.9654 -0.0260 -0.2596
vn 0.0588 -0.3016 -0.9516
vn -0.9492 -0.0033 -0.3147
vn 0.9601 0.0403 -0.2766
vn 0.9932 -0.0096 -0.1159
vn 0.7059 0.0035 -0.7083
vn 0.7012 0.5103 -0.4980
vn 0.5484 0.0191 -0.8360
vn 0.0905 -0.1474 -0.9849
vn 0.0007 0.9133 -0.4072
vn -0.0635 0.1358 -0.9887
vn -0.1529 0.9190 -0.3633
vn 0.7107 0.6832 0.1680
vn -0.0565 0.9376 0.3432
vn 0.9878 -0.0767 -0.1354
vn 0.9912 -0.1062 -0.0789
vn 0.9975 0.0690 -0.0161
vn 0.9293 -0.0364 0.3675
vn 0.8271 0.5519 0.1065
vn 0.9622 -0.2187 -0.1621
vn 0.9709 -0.1862 -0.1507
vn 0.6807 0.4567 0.5728
vn -0.0621 0.9549 0.2904
vn 0.8167 0.1609 0.5542
vn 0.3888 -0.4510 0.8034
vn 0.4718 -0.1501 0.8688
vn 0.8641 -0.1673 0.4746
vn 0.5873 0.0945 0.8039
vn 0.4800 -0.7064 0.5203
vn 0.2073 -0.2329 0.9501
vn 0.0008 0.9659 0.2590
vn 0.1688 0.3689 0.9140
vn 0.3961 -0.3439 0.8514
vn 0.3823 -0.4053 0.8304
vn -0.0699 -0.1692 0.9831
vn 0.2255 -0.3226 0.9193
vn 0.2169 0.2184 0.9514
vn 0.3617 -0.5719 0.7363
vn 0.6125 0.0262 -0.7900
vn 0.6741 -0.0721 -0.7351
vn 0.4919 -0.1901 -0.8496
vn 0.4653 -0.0544 -0.8835
vn 0.9662 -0.0931 -0.2405
vn 0.4461 0.8344 -0.3236
vn -0.6966 0.0229 -0.7171
vn -0.1669 -0.6775 -0.7164
vn -0.9261 -0.0101 0.3771
vn 0.0608 -0.0240 0.9979
vn -0.9943 -0.0051 0.1067
vn -0.8388 0.0077 -0.5444
vn -0.1055 0.0186 -0.9942
vn 0.0233 0.9515 0.3068
vn 0.0176 0.9680 0.2503
vn 0.0268 0.9418 0.3352
vn -0.0488 0.8764 -0.4791
vn -0.1136 0.8591 -0.4991
vn 0.0207 0.9416 0.3362
vn 0.0206 0.9415 0.3364
vn 0.0225 0.9416 0.3359
vn 0.8777 0.1302 -0.4612
vn -0.0687 0.0478 -0.9965
vn 0.9806 0.1843 -0.0676
vn 0.9048 -0.0126 0.4257
vn 0.1025 -0.3365 0.9361
vn 0.1026 -0.3365 0.9361
vn 0.9393 -0.0404 0.3406
vn 0.9893 0.1195 -0.0839
vn 0.9194 0.1029 -0.3796
vn -0.0964 0.1924 -0.9766
vn -0.1575 -0.9660 0.2051
vn 0.0520 -0.0024 -0.9986
vn 0.2588 -0.1196 -0.9585
vn 0.0882 -0.1091 -0.9901
vn 0.1405 -0.0953 -0.9855
vn -0.8898 -0.4350 -0.1379
vn -0.9975 0.0025 -0.0704
vn 0.0016 -0.9856 -0.1693
vn -0.1004 -0.9793 -0.1755
vn 0.5880 0.0904 0.8038
vn 0.9235 0.0215 -0.3830
vn 0.9915 -0.0571 -0.1172
vn 0.8169 -0.4280 0.3867
vn 0.1865 -0.6232 0.7595
vn 0.1834 -0.3168 0.9306
vn 0.3552 -0.8907 0.2838
vn 0.1644 -0.4851 0.8589
vn 0.2736 -0.1666 0.9473
vn 0.2394 -0.8962 0.3735
vn 0.9248 -0.0661 0.3746
vn 0.1790 0.2474 0.9522
vn 0.3855 -0.3146 0.8674
vn 0.5384 -0.2990 0.7878
vn -0.6089 0.0706 -0.7901
vn -0.7315 0.5367 -0.4207
vn -0.0134 0.8856 -0.4643
vn -0.8763 -0.0305 -0.4809
vn -0.2350 0.8965 -0.3755
vn -0.7060 0.3822 -0.5962
vn -0.2208 0.8902 -0.3985
vn -0.7256 -0.1015 -0.6806
vn -0.9215 0.2535 -0.2942
vn 0.0587 -0.3024 -0.9514
vn 0.9730 -0.1061 -0.2048
vn -0.8563 0.3963 -0.3311
vn -0.9683 0.0295 -0.2480
vn -0.9549 -0.0224 -0.2961
vn -0.7785 0.4863 -0.3968
vn -0.6422 0.1005 -0.7599
vn -0.0008 -0.0966 -0.9953
vn 0.0021 0.9217 -0.3878
vn -0.1056 0.1405 -0.9844
vn -0.0004 0.9264 -0.3767
vn -0.6740 0.6687 0.3140
vn 0.0972 0.9399 0.3273
vn -0.9901 -0.1250 0.0631
vn -0.9928 0.0866 0.0829
vn -0.9928 0.0958 0.0725
vn -0.9714 0.0014 0.2375
vn -0.7979 0.5230 0.2997
vn -0.9832 -0.1796 0.0308
vn -0.9966 -0.0548 0.0620
vn -0.5573 0.4464 0.7001
vn 0.0846 0.9571 0.2772
vn -0.6942 0.1243 0.7090
vn -0.3277 -0.4296 0.8414
vn -0.5900 -0.1300 0.7969
vn -0.7500 -0.2227 0.6229
vn -0.4202 0.1096 0.9008
vn -0.2351 -0.5722 0.7857
vn -0.0315 -0.3366 0.9411
vn 0.0110 0.9573 0.2889
vn 0.0110 0.3647 0.9311
vn -0.2927 -0.2788 0.9147
vn -0.3171 -0.4342 0.8432
vn -0.0696 -0.1690 0.9832
vn -0.0276 -0.3472 0.9374
vn -0.0280 0.2259 0.9737
vn -0.3561 -0.6448 0.6763
vn -0.7924 0.0466 -0.6082
vn -0.7502 0.0851 -0.6557
vn -0.5829 -0.0948 -0.8070
vn -0.5836 -0.0431 -0.8109
vn -0.9966 -0.0625 -0.0541
vn -0.3616 0.8963 -0.2568
vn 0.5688 -0.0145 -0.8223
vn 0.0316 -0.7128 -0.7007
vn 0.9859 0.0347 0.1637
vn 0.1084 0.0015 0.9941
vn 0.9943 0.0052 -0.1067
vn 0.7060 0.0157 -0.7080
vn -0.1023 0.0186 -0.9946
vn 0.0083 0.9518 0.3067
vn 0.0193 0.9681 0.2498
vn 0.0282 0.9418 0.3351
vn -0.1012 0.8678 -0.4866
vn -0.0222 0.8803 -0.4738
vn 0.4963 0.8509 0.1723
vn 0.0202 0.9415 0.3363
vn 0.0183 0.9416 0.3363
vn -0.9718 0.0505 -0.2304
vn -0.1212 0.0447 -0.9916
vn -0.9746 0.1734 0.1420
vn -0.7948 -0.0213 0.6065
vn 0.1019 -0.3365 0.9362
vn 0.1018 -0.3365 0.9362
vn -0.8509 -0.1014 0.5154
vn -0.9922 0.0518 0.1137
vn -0.9921 0.0373 -0.1196
vn -0.1056 0.1921 -0.9757
vn 0.0858 -0.9702 0.2264
vn -0.0165 0.0867 -0.9961
vn -0.1316 -0.1122 -0.9849
vn 0.0489 -0.0955 -0.9942
vn -0.0151 -0.0810 -0.9966
vn 0.8832 -0.4687 -0.0179
vn 0.9975 -0.0189 0.0676
vn -0.0160 -0.9852 -0.1705
vn 0.0861 -0.9829 -0.1629
vn -0.4295 0.0623 0.9009
vn -0.9825 -0.0333 -0.1832
vn -0.9912 -0.1085 0.0763
vn -0.6961 -0.4723 0.5407
vn -0.0079 -0.6289 0.7774
vn -0.2094 -0.3767 0.9024
vn -0.3641 -0.8619 0.3530
vn -0.1071 -0.6720 0.7327
vn -0.3728 -0.1489 0.9159
vn -0.2296 -0.8618 0.4524
vn -0.9687 -0.0301 0.2463
vn -0.0642 0.1136 0.9915
vn -0.2345 -0.3233 0.9168
vn -0.3787 -0.2974 0.8764
vn -0.3207 -0.2923 0.9010
vn 0.3984 -0.3439 0.8503
vn -0.7917 -0.1073 0.6014
vn -0.7981 -0.0813 0.5970
vn -0.0579 -0.9386 -0.3403
vn 0.7111 -0.6207 0.3301
vn 0.7000 -0.1128 0.7052
vn -0.0582 -0.9413 -0.3324
vn 0.7898 -0.5937 0.1540
vn -0.7352 -0.5078 0.4491
vn 0.9591 -0.2192 -0.1789
vn 0.9538 -0.2374 -0.1843
vn 0.9627 -0.2114 -0.1687
vn 0.9645 -0.2116 -0.1582
vn 0.9697 -0.2034 -0.1353
vn 0.9735 -0.1855 -0.1339
vn -0.9773 -0.2110 0.0200
vn -0.9819 -0.1826 0.0509
vn -0.9825 -0.1829 0.0355
vn -0.9963 -0.0816 0.0278
vn -0.9973 -0.0665 0.0309
vn -0.9977 -0.0436 0.0521
vn -0.6219 0.4171 -0.6628
vn 0.0835 0.3680 -0.9261
vn 0.8316 0.4929 -0.2560
vn 0.0887 0.3914 -0.9159
vn 0.0991 0.3822 -0.9187
vn 0.8295 -0.0874 -0.5516
vn 0.0778 -0.1972 -0.9773
vn -0.6281 -0.1540 -0.7628
vn 0.3786 0.9208 -0.0936
vn 0.0451 0.9953 -0.0855
vn -0.0212 0.9938 -0.1091
vn -0.5389 0.8321 -0.1312
vn -0.8035 0.5839 -0.1157
vn -0.9969 0.0431 -0.0663
vn -0.0076 -0.9987 0.0499
vn 0.9991 0.0377 0.0178
vn 0.8872 0.4600 -0.0360
vn -0.1745 0.9306 -0.3216
vn -0.2232 0.9739 0.0414
vn 0.1875 -0.9447 0.2689
vn 0.2277 -0.9713 -0.0682
vn -0.7843 -0.6200 -0.0197
vn 0.9635 -0.1716 0.2056
vn -0.0346 -0.2831 0.9585
vn 0.9849 -0.1717 -0.0231
vn -0.7367 -0.6182 -0.2741
vn 0.2340 -0.5977 -0.7668
vn 0.7798 -0.4818 -0.3996
vn -0.2159 0.9760 -0.0286
vn -0.3631 -0.8115 -0.4578
vn 0.2199 -0.9752 0.0259
vn 0.7984 -0.2532 0.5463
vn -0.2191 0.9739 -0.0600
vn -0.7130 -0.5761 0.3996
vn 0.2177 -0.9748 0.0485
vn -0.0918 -0.7819 0.6166
vn -0.0642 -0.1862 0.9804
vn -0.0174 0.3660 0.9304
vn 0.1113 0.8955 -0.4308
vn 0.0435 0.2220 -0.9741
vn -0.0047 -0.4285 -0.9035
vn -0.9607 -0.2037 0.1883
vn 0.9061 -0.4227 0.0180
vn 0.0063 -0.3188 -0.9478
vn -0.9274 -0.1057 0.3588
vn 0.8631 -0.2732 0.4249
vn -0.8621 0.2622 0.4337
vn 0.0607 0.5096 -0.8582
vn 0.9265 0.1283 0.3536
vn 0.0721 0.3127 -0.9471
vn -0.5315 -0.4004 -0.7465
vn -0.0246 -0.8409 -0.5406
vn 0.5755 -0.5047 -0.6435
vn 0.1275 0.8207 -0.5570
vn 0.2499 0.4703 -0.8464
vn 0.1023 0.8183 -0.5656
vn 0.0504 0.8037 -0.5928
vn -0.2619 0.4096 0.8739
vn 0.2551 -0.4321 -0.8650
vn 0.9612 -0.1652 -0.2210
vn -0.9729 0.2314 -0.0019
vn 0.2179 0.2190 -0.9511
vn 0.5472 -0.3740 -0.7488
vn -0.5707 0.3669 0.7346
vn -0.7924 0.3806 0.4768
vn 0.7360 -0.3130 -0.6003
vn -0.1986 -0.1881 0.9619
vn -0.2019 -0.0614 0.9775
vn -0.2353 0.0870 0.9680
vn -0.2771 0.2340 0.9319
vn 0.3055 0.0332 -0.9516
vn 0.0511 0.9852 -0.1635
vn 0.1093 0.6628 -0.7408
vn 0.0845 0.1415 -0.9863
vn 0.0115 0.9019 -0.4318
vn -0.0928 -0.1532 -0.9838
vn -0.1564 -0.1645 -0.9739
vn -0.0929 -0.1365 -0.9863
vn -0.2237 -0.1250 -0.9666
vn -0.4654 -0.1806 -0.8665
vn -0.2154 -0.5228 -0.8248
vn -0.9419 0.3196 0.1032
vn -0.6196 0.2051 -0.7576
vn -0.6824 -0.0158 -0.7308
vn -0.6070 -0.3213 -0.7268
vn -0.2146 -0.4778 -0.8519
vn 0.3342 0.7713 -0.5416
vn 0.3470 0.7412 -0.5747
vn 0.3038 0.7777 -0.5503
vn 0.1326 0.8495 -0.5107
vn -0.4769 -0.1613 0.8641
vn -0.5134 -0.0325 0.8576
vn -0.6188 0.2583 0.7419
vn -0.6034 0.2083 0.7697
vn -0.8113 0.1405 0.5675
vn 0.8666 0.3865 -0.3155
vn 0.9612 0.1221 0.2474
vn 0.8196 0.3127 0.4801
vn 0.4944 0.4841 0.7219
vn 0.6012 0.1926 -0.7755
vn -0.0843 -0.0296 -0.9960
vn 0.0289 0.9712 0.2364
vn 0.4707 0.0298 -0.8818
vn -0.4964 0.8666 0.0513
vn 0.7982 0.1671 -0.5788
vn -0.6945 0.6989 -0.1712
vn 0.8155 0.2904 -0.5006
vn -0.7643 0.5309 -0.3661
vn -0.7292 0.4006 -0.5548
vn 0.5954 0.7923 0.1329
vn 0.3127 0.3902 -0.8660
vn 0.5592 0.8164 -0.1445
vn 0.6859 0.4465 -0.5746
vn 0.1828 0.9810 0.0655
vn 0.8538 0.1569 -0.4964
vn -0.2354 0.9711 0.0398
vn 0.5408 0.8042 -0.2466
vn -0.1056 0.9419 -0.3189
vn -0.0868 0.4079 -0.9089
vn 0.8948 0.4319 -0.1130
vn 0.7293 0.2026 -0.6535
vn 0.7382 0.6177 0.2711
vn 0.9217 0.3383 -0.1899
vn 0.5944 0.7709 0.2287
vn 0.8542 0.5161 -0.0632
vn 0.1179 0.9833 0.1386
vn 0.8969 0.4420 -0.0111
vn -0.4647 0.8855 0.0077
vn 0.2079 0.1359 -0.9687
vn 0.7679 0.3643 -0.5269
vn 0.1045 0.7519 -0.6509
vn 0.0293 0.6426 -0.7656
vn 0.0219 0.5707 -0.8208
vn 0.0298 0.5475 -0.8363
vn 0.1547 0.9000 -0.4075
vn 0.8925 0.4093 -0.1894
vn 0.8313 0.5533 -0.0533
vn 0.6613 0.7474 0.0647
vn 0.2783 0.9601 0.0289
vn 0.5625 0.1649 -0.8101
vn 0.6728 0.1889 -0.7153
vn 0.8366 0.3814 -0.3933
vn 0.0243 0.7864 -0.6172
vn 0.1736 0.7181 -0.6740
vn 0.2099 0.7269 -0.6539
vn 0.0750 0.7365 -0.6723
vn 0.1124 0.9723 -0.2051
vn 0.0117 0.9420 -0.3355
vn -0.0969 0.8681 -0.4868
vn 0.6331 0.6366 -0.4403
vn 0.6914 0.6492 -0.3169
vn 0.4945 0.7819 -0.3796
vn 0.1520 0.9371 -0.3141
vn 0.3835 0.6550 -0.6511
vn 0.4974 0.5763 -0.6485
vn 0.5118 0.6522 -0.5592
vn 0.8505 0.4103 -0.3291
vn 0.8795 0.4427 -0.1750
vn 0.6866 0.7253 -0.0500
vn 0.1555 0.9878 -0.0027
vn 0.4305 0.1923 -0.8819
vn 0.7299 0.3037 -0.6123
vn 0.8195 0.3653 -0.4416
vn 0.0416 0.6732 -0.7383
vn 0.0314 0.6097 -0.7920
vn 0.0437 0.5353 -0.8436
vn 0.1313 0.7044 -0.6976
vn 0.1747 0.9020 -0.3947
vn 0.1607 0.9017 -0.4014
vn 0.0932 0.8158 -0.5708
vn -0.0269 0.6869 -0.7263
vn 0.2051 0.6705 -0.7130
vn 0.2108 0.6467 -0.7331
vn 0.1950 0.6660 -0.7200
vn 0.1331 0.7024 -0.6993
vn 0.2171 0.7350 -0.6423
vn 0.2576 0.7538 -0.6046
vn 0.2157 0.7082 -0.6723
vn 0.2110 0.8586 -0.4672
vn 0.1508 0.7462 -0.6484
vn 0.1419 0.6626 -0.7354
vn 0.1695 0.6495 -0.7412
vn 0.1186 0.6794 -0.7241
vn -0.9329 0.2111 -0.2916
vn -0.0103 -0.9904 0.1378
vn -0.8927 -0.1329 0.4305
vn -0.9856 -0.1308 0.1074
vn -0.1893 -0.9661 0.1755
vn -0.1135 -0.9934 -0.0163
vn -0.8524 0.0093 -0.5227
vn -0.3314 0.2867 -0.8989
vn -0.0821 0.7962 0.5994
vn -0.1584 0.9651 -0.2085
vn -0.3469 0.7503 -0.5627
vn -0.9794 -0.1349 -0.1505
vn -0.8289 -0.3954 -0.3958
vn 0.1490 -0.1600 0.9758
vn -0.6789 -0.1409 0.7206
vn -0.9823 -0.0360 0.1840
vn -0.9379 -0.1254 -0.3235
vn -0.6139 0.1382 0.7772
vn -0.2383 -0.5204 -0.8200
vn -0.8556 -0.0000 0.5176
vn 0.4346 -0.2878 0.8534
vn 0.4158 -0.5709 0.7080
vn 0.1183 -0.8433 -0.5243
vn 0.1470 -0.9088 0.3905
vn 0.1244 -0.7739 0.6210
vn -0.7767 -0.2911 -0.5585
vn -0.4409 -0.8316 -0.3378
vn -0.2616 -0.5275 0.8083
vn -0.3601 -0.4402 0.8225
vn -0.4471 -0.7452 0.4947
vn -0.4456 -0.7389 0.5054
vn -0.2373 0.0017 0.9714
vn -0.6586 -0.1470 0.7380
vn -0.8327 -0.3063 -0.4612
vn -0.8337 -0.2856 -0.4727
vn -0.7909 -0.1527 0.5926
vn -0.7368 -0.0246 0.6757
vn -0.9599 0.0941 0.2640
vn -0.9084 0.0569 -0.4141
vn -0.9523 0.0793 0.2945
vn -0.9982 0.0603 0.0077
vn -0.8559 -0.0357 -0.5160
vn -0.9397 -0.3389 -0.0461
vn -0.9695 -0.1623 0.1835
vn 0.1382 0.8476 -0.5123
vn 0.3036 0.7779 -0.5502
vn 0.3033 0.7741 -0.5557
vn 0.3136 0.7747 -0.5491
vn 0.3073 0.7758 -0.5511
vn 0.3466 0.7416 -0.5744
vn 0.3571 0.7610 -0.5416
vn 0.2620 0.6448 -0.7180
vn 0.3181 0.7721 -0.5502
vn 0.3295 0.7846 -0.5252
vn 0.2100 0.6739 -0.7083
vn 0.1430 0.8460 -0.5136
vn 0.3075 0.7758 -0.5510
vn 0.3459 0.7422 -0.5740
vn 0.3161 0.7720 -0.5514
vn 0.3028 0.8022 -0.5146
vn 0.2354 0.8238 -0.5157
vn 0.2842 0.8413 -0.4598
vn 0.1668 0.8322 -0.5287
vn 0.0883 0.7149 -0.6936
vn -0.9942 0.0419 0.0988
vn 0.5255 -0.4397 -0.7284
vn -0.7458 -0.5130 0.4250
vn -0.1625 -0.9644 0.2087
vn -0.7106 -0.6815 0.1752
vn -0.0130 -0.1691 -0.9855
vn 0.2508 0.8434 -0.4752
vn -0.6897 -0.1710 -0.7036
vn -0.6630 -0.2313 -0.7120
vn -0.1525 -0.5990 -0.7861
vn -0.1206 -0.6273 -0.7694
vn -0.4631 -0.4920 -0.7372
vn -0.0978 -0.1504 -0.9838
vn -0.2802 -0.8964 0.3436
vn -0.0115 -0.9915 0.1292
vn -0.1199 -0.6860 -0.7177
vn -0.1551 -0.2050 -0.9664
vn -0.1552 -0.2067 -0.9660
vn -0.9929 -0.0553 -0.1057
vn -0.0371 -0.9695 -0.2423
vn 0.8944 -0.0622 -0.4429
vn -0.9414 -0.3249 0.0902
vn 0.9216 -0.3626 -0.1383
vn -0.9654 -0.2550 -0.0546
vn 0.8857 -0.2287 -0.4039
vn -0.5023 -0.2206 -0.8361
vn 0.3128 0.7779 -0.5450
vn -0.5192 -0.2782 -0.8081
vn -0.5210 -0.1850 -0.8333
vn 0.5114 -0.6098 -0.6055
vn -0.0115 0.5117 -0.8591
vn -0.9046 0.4116 -0.1105
vn -0.5467 0.8368 -0.0306
vn -0.5246 -0.1243 -0.8423
vn 0.8453 -0.1920 -0.4987
vn 0.1583 0.1428 0.9770
vn 0.1437 0.4305 0.8911
vn 0.2499 -0.9183 0.3070
vn 0.4443 -0.2879 -0.8484
vn 0.5217 0.0342 -0.8524
vn -0.0670 -0.8404 -0.5378
vn 0.2909 0.8268 -0.4815
vn -0.7435 -0.4956 0.4490
vn 0.0267 -0.9632 -0.2675
vn -0.1436 -0.1693 0.9751
vn -0.4360 -0.2454 0.8659
vn -0.8300 -0.4884 -0.2694
vn -0.7292 -0.4660 0.5011
vn -0.8740 -0.4524 -0.1773
vn -0.8559 -0.4417 0.2690
vn -0.1510 -0.2912 -0.9447
vn -0.2923 -0.5162 -0.8050
vn -0.1427 -0.3947 -0.9076
vn -0.2259 0.0795 0.9709
vn -0.9594 -0.0000 -0.2821
vn -0.9234 0.0313 0.3827
vn -0.9646 -0.0000 -0.2636
vn -0.9385 -0.0000 0.3451
vn -0.2983 -0.0000 -0.9545
vn 0.0242 -0.0000 -0.9997
vn -0.3436 -0.6700 0.6580
vn -0.7480 -0.6531 -0.1179
vn 0.7332 -0.5064 0.4539
vn -0.7600 -0.6200 -0.1951
vn -0.8346 -0.4621 0.2998
vn -0.2161 -0.8029 -0.5555
vn 0.0236 -0.4884 -0.8723
vn -0.9057 0.3392 -0.2544
vn 0.7103 -0.2660 -0.6517
vn -0.8840 0.3311 0.3302
vn 0.0995 -0.0256 0.9947
vn -0.4113 -0.7363 -0.5373
vn 0.0577 0.9271 -0.3703
vn -0.3329 -0.9040 -0.2683
vn -0.0116 0.8682 -0.4960
vn -0.8635 -0.0321 -0.5033
vn -0.8282 -0.0271 -0.5598
vn -0.8293 -0.0272 -0.5581
vn -0.7993 -0.0028 -0.6009
vn -0.7411 -0.1997 0.6410
vn -0.9787 -0.0860 0.1863
vn -0.9388 -0.2645 -0.2206
vn -0.8894 -0.1469 -0.4328
vn -0.1746 -0.9835 -0.0478
vn -0.2149 0.9712 -0.1032
vn -0.1326 -0.9865 0.0966
vn -0.2021 0.9695 0.1390
vn -0.1736 -0.9846 0.0190
vn -0.2201 0.9746 0.0415
vn -0.2192 0.9757 0.0024
vn -0.1735 -0.9846 0.0225
vn -0.9712 -0.1735 0.1636
vn -0.7070 0.1104 0.6986
vn -0.6890 -0.0593 0.7223
vn -0.9619 -0.2461 0.1195
vn -0.8396 0.4489 0.3058
vn -0.7861 0.5324 -0.3140
vn -0.9327 -0.3541 0.0676
vn -0.7760 -0.0641 -0.6275
vn -0.8685 -0.1008 -0.4853
vn -0.8286 0.4784 -0.2910
vn -0.7767 0.6298 -0.0029
vn -0.7571 -0.6500 0.0662
vn -0.6219 -0.6155 0.4841
vn -0.6869 0.6977 0.2035
vn -0.7335 0.2482 0.6328
vn -0.0257 0.6969 -0.7167
vn 0.1824 0.6722 -0.7175
vn 0.1871 0.6438 -0.7419
vn 0.1802 0.6549 -0.7339
vn 0.1271 0.6938 -0.7089
vn 0.2043 0.7574 -0.6202
vn 0.2449 0.7673 -0.5927
vn 0.1944 0.7160 -0.6704
vn -0.1117 -0.2310 0.9665
vn 0.6625 -0.1640 0.7309
vn 0.3313 -0.6991 0.6336
vn -0.0917 -0.8895 0.4476
vn 0.9067 -0.4193 0.0460
vn -0.0369 -0.9928 0.1137
vn -0.2022 -0.0382 0.9786
vn -0.4756 -0.1521 0.8664
vn -0.1822 -0.1842 0.9659
vn 0.7384 0.6735 -0.0335
vn 0.4535 0.8905 0.0372
vn 0.8522 0.5032 -0.1435
vn 0.9971 -0.0766 0.0031
vn 0.5790 -0.5812 -0.5718
vn -0.5753 0.6610 -0.4818
vn -0.7051 0.1452 0.6941
vn -0.8569 -0.1587 -0.4905
vn -0.7866 -0.1697 -0.5937
vn -0.6280 0.2141 0.7482
vn -0.4605 0.1270 0.8785
vn -0.5145 -0.7436 0.4270
vn -0.9587 -0.0401 -0.2815
vn -0.4567 0.8580 0.2350
vn -0.2618 0.2248 0.9386
vn -0.5897 0.2121 0.7793
vn -0.7917 0.1395 0.5948
vn -0.6360 -0.4802 0.6041
vn -0.6076 0.1672 0.7764
vn -0.2813 0.0921 0.9552
vn -0.6153 -0.5370 0.5771
vn -0.2594 0.9625 0.0790
vn -0.2076 0.6618 0.7204
vn -0.2159 0.9687 0.1221
vn -0.4035 -0.6388 0.6551
vn -0.0993 0.9733 0.2069
vn -0.1922 -0.5951 0.7804
vn -0.5951 0.1848 0.7821
vn -0.6059 0.1670 0.7778
vn -0.5949 0.1878 0.7816
vn -0.6049 0.2307 0.7621
vn -0.6073 0.2170 0.7642
vn -0.6130 0.2066 0.7626
vn -0.3841 -0.6958 0.6068
vn -0.6019 -0.0080 0.7985
vn -0.2149 0.9692 0.1203
vn -0.6072 0.1814 0.7735
vn 0.2743 0.0284 0.9612
vn -0.3367 -0.7514 0.5674
vn -0.9930 -0.1104 0.0409
vn -0.9907 0.1360 0.0098
vn -0.3086 0.9265 0.2153
vn 0.2265 0.2859 0.9311
vn 0.2073 0.7783 0.5927
vn -0.1321 -0.1603 -0.9782
vn -0.8221 -0.2671 -0.5027
vn -0.5073 -0.5100 -0.6947
vn -0.0319 -0.0903 -0.9954
vn -0.8467 -0.4345 -0.3070
vn -0.1492 -0.5242 -0.8384
vn -0.2977 -0.6468 -0.7022
vn -0.8279 -0.2895 -0.4804
vn -0.9343 -0.3215 -0.1542
vn -0.9193 -0.3779 -0.1096
vn 0.0240 0.9992 -0.0330
vn 0.1641 0.0173 -0.9863
vn 0.1681 0.0107 -0.9857
vn 0.1668 0.9524 -0.2553
vn -0.6654 0.7115 -0.2257
vn 0.0536 -0.8487 0.5261
vn -0.0058 -0.8475 0.5307
vn 0.5976 -0.8006 0.0444
vn -0.7019 0.7085 -0.0730
vn 0.0386 -0.0979 -0.9945
vn -0.1326 -0.0936 -0.9867
vn -0.1505 -0.5260 -0.8371
vn 0.0554 -0.8441 0.5333
vn 0.0160 0.9954 -0.0950
vn -0.1349 -0.0936 -0.9864
vn -0.1337 -0.0954 -0.9864
vn -0.0257 -0.0910 -0.9955
vn -0.9181 -0.0283 -0.3953
vn -0.0162 0.8019 -0.5973
vn 0.8466 -0.0881 -0.5249
vn 0.8632 0.4880 -0.1295
vn -0.8778 0.4789 0.0090
vn -0.1372 -0.1559 0.9782
vn -0.8222 -0.2671 0.5027
vn -0.5073 -0.5100 0.6947
vn -0.4737 -0.0787 0.8771
vn -0.8467 -0.4345 0.3070
vn -0.1520 -0.5259 0.8369
vn -0.4814 -0.4586 0.7469
vn -0.8279 -0.2895 0.4804
vn -0.9331 -0.3219 0.1605
vn -0.8626 -0.4656 0.1978
vn 0.0260 0.9995 0.0179
vn 0.2205 0.0703 0.9729
vn 0.2741 0.1184 0.9544
vn 0.1372 0.9880 0.0704
vn -0.6654 0.7115 0.2257
vn 0.0536 -0.8487 -0.5261
vn 0.1986 -0.8472 -0.4928
vn 0.5983 -0.7999 -0.0466
vn -0.7017 0.7083 0.0765
vn 0.0386 -0.0978 0.9945
vn -0.1347 -0.0907 0.9867
vn -0.1505 -0.5260 0.8371
vn 0.0554 -0.8441 -0.5333
vn 0.0196 0.9975 0.0680
vn -0.1352 -0.0907 0.9867
vn -0.1337 -0.0954 0.9864
vn -0.4674 -0.0328 0.8835
vn -0.9181 -0.0283 0.3953
vn -0.0162 0.8019 0.5972
vn 0.7989 -0.0729 0.5970
vn 0.8520 0.5143 0.0981
vn -0.8791 0.4766 -0.0067
vn -0.8875 0.3972 -0.2334
vn -0.7707 -0.2872 -0.5688
vn 0.3706 -0.9270 0.0572
vn -0.7707 -0.2872 0.5688
vn -0.8911 0.3830 0.2435
vn 0.3455 -0.9376 -0.0399
vn 0.7994 0.3814 -0.4642
vn 0.7172 0.5229 -0.4606
vn -0.1038 0.9945 -0.0134
vn -0.1185 0.9929 -0.0041
vn -0.1185 0.9929 0.0043
vn -0.0944 0.9955 0.0102
vn 0.7116 0.5116 0.4815
vn 0.7792 0.3871 0.4929
vn 0.6077 0.0625 -0.7917
vn 0.7050 0.1933 0.6824
vn -0.0985 -0.7606 0.6418
vn -0.1912 0.0121 0.9815
vn -0.3295 0.5920 0.7355
vn -0.3836 0.8685 0.3140
vn -0.3730 0.9008 -0.2223
vn -0.2686 0.5336 -0.8020
vn -0.1789 -0.2214 -0.9586
vn -0.2595 -0.7346 -0.6269
vn -0.3672 -0.8737 -0.3190
vn -0.2231 -0.9742 0.0339
vn -0.3462 -0.8591 -0.3769
vn -0.3719 -0.8493 -0.3748
vn -0.8241 0.2294 -0.5178
vn -0.3997 -0.4910 0.7741
vn -0.3652 -0.8580 -0.3612
vn -0.3674 -0.8578 -0.3595
vn -0.3774 -0.8539 -0.3584
vn -0.3563 -0.8675 -0.3471
vn -0.3549 -0.8696 -0.3433
vn -0.3426 -0.8594 -0.3796
vn -0.0389 -0.9455 0.3234
vn -0.4751 -0.7925 0.3824
vn -0.7945 -0.5775 0.1876
vn 0.7263 -0.6420 -0.2455
vn -0.7473 -0.3169 -0.5840
vn -0.4446 -0.2852 -0.8491
vn -0.0416 -0.4305 -0.9016
vn 0.3023 -0.6605 -0.6873
vn 0.4224 -0.8447 -0.3287
vn 0.2905 -0.9549 0.0619
vn 0.2642 -0.5788 0.7715
vn -0.3297 -0.0723 0.9413
vn -0.6006 0.4209 0.6798
vn -0.6678 0.7005 0.2517
vn -0.5785 0.7678 -0.2754
vn -0.2190 0.5697 -0.7921
vn 0.4389 0.1416 -0.8873
vn 0.7827 -0.2774 -0.5571
vn 0.9987 -0.0495 -0.0138
vn 0.7150 -0.6291 0.3051
vn -0.3238 -0.1396 -0.9358
vn -0.2147 0.5644 -0.7971
vn -0.1469 0.9594 -0.2409
vn -0.0889 0.9405 0.3281
vn -0.0109 0.6376 0.7703
vn -0.0486 0.0458 0.9978
vn -0.1890 -0.6568 0.7300
vn -0.6108 -0.7875 0.0829
vn -0.7694 -0.6022 -0.2129
vn -0.5222 -0.6007 -0.6053
vn -0.9018 -0.3207 0.2896
vn -0.4986 -0.1277 0.8574
vn 0.3406 -0.3761 0.8617
vn 0.7379 -0.1124 0.6655
vn 0.9687 -0.0470 0.2438
vn 0.7581 0.2347 -0.6084
vn 0.7243 0.1466 -0.6737
vn 0.1655 0.3642 -0.9165
vn -0.5990 -0.0803 -0.7967
vn -0.8967 -0.3031 -0.3227
vn -0.2958 0.1144 -0.9484
vn 0.8888 -0.2235 -0.4001
vn 0.6599 -0.0222 -0.7510
vn 0.8718 -0.4825 0.0853
vn 0.5276 -0.6102 0.5910
vn 0.3998 -0.5614 0.7246
vn -0.7365 -0.3351 0.5875
vn -0.9403 -0.0462 0.3371
vn -0.9589 0.1794 -0.2198
vn -0.6483 0.2599 -0.7156
vn -0.2683 0.2655 -0.9260
vn 0.9237 -0.2886 -0.2521
vn 0.6748 -0.0837 -0.7332
vn 0.8741 -0.4766 0.0937
vn 0.5523 -0.5657 0.6124
vn 0.5053 -0.5397 0.6733
vn -0.7032 -0.1581 0.6932
vn -0.9121 0.0706 0.4039
vn -0.9382 0.2989 -0.1744
vn -0.6132 0.3634 -0.7014
vn 0.0572 0.9816 0.1823
vn 0.2737 0.4622 0.8435
vn 0.3988 0.5372 0.7432
vn 0.5574 0.6023 0.5715
vn 0.4918 0.7932 0.3592
vn 0.5052 0.8569 0.1027
vn 0.5686 0.8180 -0.0871
vn 0.6143 0.7360 -0.2845
vn 0.0103 0.9426 0.3339
vn 0.0420 0.9639 0.2630
vn 0.8728 0.4790 0.0938
vn 0.8584 0.5098 0.0568
vn 0.3257 0.9451 0.0262
vn -0.0576 0.9974 0.0434
vn 0.0444 0.9571 0.2864
vn -0.1596 0.8857 0.4360
vn 0.0617 0.8067 0.5877
vn 0.6297 0.3842 0.6752
vn 0.7540 0.3483 0.5569
vn 0.8662 0.3729 0.3326
vn -0.4123 0.2898 -0.8638
vn -0.8207 -0.1446 0.5528
vn -0.7469 -0.6569 -0.1034
vn -0.6018 -0.7631 0.2356
vn -0.1937 -0.9577 -0.2130
vn -0.1377 -0.9720 -0.1904
vn -0.1392 -0.9176 -0.3723
vn -0.1313 -0.8875 -0.4416
vn -0.0074 -0.8985 -0.4390
vn -0.8481 0.0407 -0.5283
vn -0.6130 -0.3963 -0.6834
vn -0.7451 -0.5352 -0.3980
vn -0.2868 -0.4389 -0.8516
vn -0.9977 -0.0675 -0.0114
vn -0.1887 -0.8782 -0.4395
vn -0.2373 -0.8328 -0.5001
vn -0.5055 -0.2624 -0.8219
vn -0.4691 -0.4199 -0.7769
vn -0.7178 -0.6957 0.0268
vn -0.8807 -0.4587 0.1182
vn -0.9643 -0.2490 0.0902
vn -0.2363 -0.9275 -0.2897
vn -0.1889 -0.9119 -0.3644
vn -0.3066 -0.9174 -0.2536
vn -0.7525 0.0533 -0.6564
vn -0.2014 -0.7500 -0.6301
vn 0.3266 0.0975 -0.9401
vn 0.3303 0.0493 -0.9426
vn 0.3960 0.3535 -0.8475
vn 0.4454 0.8823 -0.1522
vn 0.2138 0.6630 0.7174
vn -0.0751 -0.2627 0.9619
vn -0.2120 -0.4289 0.8781
vn -0.2372 -0.4621 0.8545
vn -0.3753 -0.9231 -0.0845
vn -0.5934 0.5332 0.6030
vn -0.6432 -0.1587 0.7491
vn -0.2550 0.8754 -0.4108
vn -0.1116 0.2790 -0.9538
vn -0.3373 0.9292 0.1509
vn -0.6292 -0.2109 0.7481
vn -0.5816 -0.7834 -0.2191
vn -0.5102 -0.7677 -0.3877
vn -0.4739 -0.7129 -0.5168
vn -0.0744 0.2030 -0.9764
vn 0.8017 0.5725 -0.1719
vn -0.5329 -0.4282 0.7298
vn -0.7753 -0.6054 0.1801
vn 0.4670 0.4588 0.7559
vn -0.4670 -0.4588 -0.7559
vn 0.0377 0.0110 -0.9992
vn 0.7734 0.5297 0.3484
vn -0.7734 -0.5297 -0.3484
vn 0.3568 0.7216 0.5933
vn 0.3193 -0.1459 0.9364
vn 0.1728 -0.5027 0.8470
vn 0.2383 -0.5209 0.8197
vn -0.2229 -0.9335 -0.2809
vn 0.6808 0.7131 0.1671
vn 0.9445 0.1437 -0.2956
vn 0.8423 -0.2730 -0.4649
vn 0.8370 -0.2655 -0.4785
vn -0.2422 -0.9341 -0.2621
vn 0.7298 -0.2510 0.6360
vn 0.7003 -0.5445 0.4617
vn 0.6713 -0.4926 0.5538
vn 0.1657 0.9350 0.3137
vn 0.0629 0.4203 0.9052
vn 0.0907 0.8869 0.4529
vn 0.5882 0.1563 0.7935
vn -0.7438 -0.5271 -0.4110
vn -0.0582 -0.9487 0.3109
vn -0.5520 -0.7722 0.3147
vn -0.7354 -0.6734 -0.0757
vn 0.8714 0.4440 -0.2086
vn 0.4549 0.7751 -0.4384
vn 0.1736 0.9727 0.1539
vn 0.9791 -0.0488 -0.1972
vn 0.9189 -0.2786 -0.2792
vn 0.9176 -0.3531 -0.1827
vn 0.1426 -0.6642 -0.7338
vn -0.3601 -0.3964 -0.8445
vn -0.5443 -0.4479 -0.7093
vn -0.1390 -0.4605 -0.8767
vn -0.4826 -0.8445 0.2321
vn 0.5739 0.3723 0.7294
vn 0.7753 0.6054 -0.1801
vn 0.2204 -0.3200 0.9214
vn 0.5417 0.2494 -0.8027
vn 0.8809 -0.0615 -0.4693
vn 0.9136 -0.3771 0.1523
vn 0.5753 -0.4815 0.6612
vn -0.2386 0.3235 -0.9157
vn -0.6705 -0.2604 0.6947
vn -0.8879 0.0693 0.4548
vn -0.9140 0.3770 -0.1502
vn -0.5773 0.4816 -0.6594
vn 0.4578 0.8594 0.2276
vn -0.0059 -0.8874 -0.4609
vn 0.9493 -0.1991 -0.2432
vn 0.3601 0.7016 0.6149
vn 0.7112 -0.4627 0.5292
vn 0.0335 -0.9544 -0.2966
vn 0.2865 0.8703 0.4006
vn -0.2167 -0.8798 -0.4231
vn 0.2960 0.8733 0.3869
vn -0.2865 -0.8766 -0.3867
vn 0.2268 0.9049 0.3601
vn -0.2932 -0.8724 -0.3911
vn 0.8955 -0.2182 -0.3879
vn -0.9331 0.2685 -0.2393
vn 0.4883 -0.5242 0.6977
vn 0.9111 -0.3565 0.2070
vn 0.1547 -0.9633 -0.2194
vn -0.3096 0.2698 -0.9118
vn -0.6720 -0.6218 -0.4022
vn -0.7456 -0.2280 0.6262
vn 0.1113 0.0095 -0.9937
vn -0.2267 -0.9147 -0.3344
vn -0.3580 -0.4912 0.7941
vn -0.3777 0.2544 -0.8903
vn 0.0736 -0.3262 -0.9424
vn 0.7400 -0.1953 -0.6437
vn -0.7273 -0.5561 -0.4023
vn 0.1422 -0.9642 -0.2239
vn 0.1833 -0.5723 0.7993
vn -0.4116 -0.6625 0.6258
vn -0.8048 -0.1714 0.5683
vn -0.8798 0.3850 -0.2787
vn -0.1324 -0.6627 -0.7371
vn 0.8814 -0.3647 0.3002
vn -0.8629 0.4807 -0.1557
vn 0.9471 0.0045 0.3210
vn 0.9386 -0.3187 0.1321
vn -0.3848 -0.9193 -0.0828
vn -0.9300 0.3439 -0.1297
vn 0.3279 0.3090 -0.8927
vn 0.6672 0.0254 -0.7444
vn 0.9233 -0.3121 0.2237
vn 0.1264 -0.4049 0.9056
vn -0.2778 -0.1702 0.9454
vn -0.6497 0.0248 0.7598
vn -0.8868 0.4259 -0.1793
vn -0.1219 0.4602 -0.8794
vn -0.8629 0.4808 -0.1557
vn -0.5807 0.1640 0.7974
vn -0.2274 -0.0432 0.9728
vn 0.2057 -0.1498 0.9671
vn 0.9486 -0.1532 0.2770
vn 0.7339 0.2734 -0.6219
vn 0.3681 0.4339 -0.8223
vn -0.0648 0.5952 -0.8010
vn -0.8479 0.5206 0.0999
vn -0.4689 -0.7961 0.3826
vn -0.0932 -0.1737 -0.9804
vn 0.8567 -0.4395 0.2700
vn 0.5045 0.8633 0.0115
vn -0.7733 -0.5180 0.3657
vn -0.6764 0.2340 -0.6984
vn -0.4506 -0.7773 -0.4391
vn -0.0692 -0.8996 0.4312
vn 0.5446 -0.4797 -0.6880
vn 0.8021 0.5890 0.0984
vn 0.3315 0.5561 -0.7621
vn 0.1142 0.9931 0.0274
vn -0.8369 -0.3963 -0.3775
vn 0.0701 -0.9265 -0.3698
vn 0.7326 0.2120 -0.6468
vn -0.1665 0.7375 -0.6545
vn 0.8633 -0.5046 0.0074
vn 0.9210 0.3574 -0.1549
vn 0.4955 0.8448 -0.2019
vn -0.1385 0.9767 -0.1639
vn -0.8633 0.5046 -0.0074
vn -0.9210 -0.3574 0.1549
vn -0.4955 -0.8448 0.2019
vn 0.1385 -0.9767 0.1639
vn 0.3834 -0.4169 -0.8241
vn 0.5526 0.1132 -0.8257
vn 0.3939 0.6646 -0.6349
vn -0.0021 0.5404 -0.8414
vn -0.5408 0.1234 -0.8320
vn -0.6902 -0.3698 -0.6221
vn -0.4815 -0.8280 -0.2872
vn -0.1341 -0.7945 -0.5923
vn -0.9839 -0.0932 -0.1522
vn -0.7436 -0.6288 0.2273
vn 0.4121 -0.8243 0.3883
vn 0.2180 -0.9759 0.0097
vn 0.8481 -0.4766 -0.2314
vn 0.8306 0.4042 -0.3830
vn 0.9284 0.2777 0.2468
vn -0.0812 0.9616 -0.2623
vn -0.5925 0.7313 -0.3379
vn -0.8605 0.4041 -0.3102
vn 0.1609 0.9767 -0.1421
vn 0.9981 -0.0616 -0.0029
vn 0.9881 0.1506 0.0295
vn 0.8859 -0.4411 0.1435
vn 0.4550 -0.8676 0.2008
vn 0.3617 -0.9227 0.1333
vn -0.6836 -0.7213 0.1116
vn -0.9859 -0.1396 0.0919
vn -0.8839 0.4663 0.0364
vn -0.4468 0.8926 -0.0602
vn 0.0411 0.8814 -0.4706
vn 0.9779 -0.0845 -0.1913
vn 0.9455 0.1059 -0.3078
vn 0.8639 -0.4755 -0.1660
vn 0.4397 -0.8938 -0.0885
vn 0.3718 -0.9154 -0.1545
vn -0.8319 -0.5547 -0.0159
vn -0.9875 -0.1542 -0.0320
vn -0.8880 0.4426 -0.1247
vn -0.4565 0.8535 -0.2514
vn -0.3587 0.5590 0.7476
vn 0.2778 -0.6995 0.6584
vn -0.0438 -0.6185 0.7846
vn 0.4534 -0.8721 0.1839
vn 0.5728 -0.1746 0.8009
vn 0.9773 0.1672 0.1304
vn 0.8007 0.3529 0.4842
vn 0.7966 0.3575 0.4875
vn -0.5357 0.2426 0.8088
vn -0.4112 0.3942 0.8219
vn 0.7127 0.4075 0.5709
vn 0.8542 -0.0221 0.5195
vn 0.6300 -0.4438 0.6373
vn 0.2554 -0.5249 0.8120
vn 0.6807 -0.2262 0.6967
vn 0.2128 0.9643 -0.1575
vn -0.6291 -0.7694 0.1107
vn -0.2880 -0.4085 -0.8661
vn -0.3591 -0.2834 -0.8892
vn -0.2903 0.3264 -0.8995
vn 0.0573 -0.4571 -0.8875
vn 0.2358 -0.2654 -0.9349
vn 0.2703 -0.0097 -0.9627
vn -0.7056 -0.0137 -0.7085
vn 0.3024 -0.5573 -0.7733
vn -0.2752 0.2042 -0.9394
vn -0.4078 0.0731 -0.9101
vn 0.3876 0.1106 -0.9152
vn 0.5484 -0.1351 -0.8252
vn 0.5669 -0.2640 -0.7803
vn 0.3292 0.3787 -0.8650
vn -0.7652 0.5099 -0.3930
vn -0.3387 0.3612 -0.8688
vn -0.5480 0.1596 -0.8211
vn -0.5983 -0.1303 -0.7906
vn -0.9197 0.3742 -0.1185
vn 0.5885 -0.5739 -0.5695
vn 0.2210 -0.7089 -0.6698
vn 0.5328 -0.3916 -0.7502
vn 0.3277 -0.6663 -0.6699
vn 0.7492 -0.3066 -0.5870
vn 0.1125 0.2992 -0.9475
vn 0.5465 0.8255 -0.1410
vn 0.5005 0.6436 -0.5791
vn -0.3177 -0.8828 0.3460
vn -0.2997 -0.9495 -0.0930
vn -0.3430 -0.9303 0.1296
vn -0.3170 -0.5132 -0.7976
vn 0.5464 0.8362 -0.0471
vn -0.0571 0.1869 0.9807
vn -0.6764 0.4346 0.5947
vn -0.6485 0.4313 0.6272
vn 0.3465 -0.0364 0.9373
vn 0.7435 -0.5714 0.3473
vn 0.9687 -0.1512 0.1968
vn 0.6321 -0.1708 0.7559
vn 0.8748 0.0058 0.4844
vn 0.7036 -0.5550 0.4437
vn 0.9737 0.0849 -0.2112
vn 0.9632 -0.1052 -0.2473
vn -0.1165 0.9380 -0.3265
vn -0.1745 0.9229 -0.3432
vn -0.0899 0.9375 -0.3361
vn 0.3667 -0.9268 -0.0806
vn -0.7739 -0.6306 -0.0587
vn 0.3979 -0.9162 -0.0476
vn -0.7518 -0.6531 -0.0914
vn -0.8964 -0.4378 -0.0690
vn -0.5982 -0.7735 0.2094
vn 0.3692 -0.2311 -0.9002
vn 0.7966 0.0504 0.6023
vn 0.3837 0.8453 -0.3717
vn -0.0472 0.6237 -0.7803
vn 0.8519 0.4371 -0.2886
vn 0.1419 0.9885 0.0528
vn -0.5175 -0.6260 0.5833
vn 0.1060 -0.9934 -0.0446
vn -0.6658 -0.3332 -0.6676
vn 0.1336 -0.6133 -0.7785
vn -0.6474 -0.7615 -0.0331
vn 0.3905 -0.6734 0.6277
vn 0.4190 0.8281 -0.3723
vn 0.5437 0.7141 -0.4410
vn -0.2589 -0.9419 -0.2141
vn -0.2905 -0.9532 -0.0844
vn 0.0116 0.9608 -0.2771
vn 0.0677 0.4047 -0.9120
vn -0.4113 -0.4839 -0.7725
vn 0.4280 -0.0739 -0.9008
vn -0.4006 0.8819 -0.2486
vn 0.0558 -0.6465 0.7609
vn 0.3959 -0.8477 0.3530
vn 0.8522 -0.0025 0.5232
vn -0.2405 -0.6627 -0.7092
vn 0.5221 -0.7410 0.4224
vn 0.1486 -0.3635 -0.9197
vn -0.8141 0.4399 -0.3793
vn -0.1934 -0.8331 0.5181
vn -0.6137 0.5466 0.5698
vn -0.7376 0.4458 0.5072
vn -0.4186 -0.9073 0.0396
vn 0.7430 -0.4376 -0.5064
vn 0.5838 -0.6313 -0.5105
vn 0.9836 0.1779 -0.0292
vn -0.5460 0.8309 0.1071
vn 0.5486 -0.8289 -0.1093
vn 0.6956 0.4459 -0.5633
vn -0.5515 0.8227 0.1375
vn -0.9001 0.4293 -0.0739
vn -0.4525 -0.8103 -0.3723
vn 0.9014 -0.4265 0.0751
vn 0.5536 -0.8215 -0.1367
vn 0.9617 0.0913 0.2586
vn -0.5601 0.8116 0.1663
vn 0.5613 -0.8115 -0.1625
vn 0.3381 -0.0452 0.9400
vn 0.3784 -0.8515 0.3630
vn 0.4874 -0.1671 -0.8570
vn -0.3784 0.8515 -0.3631
vn -0.6038 0.5419 0.5845
vn 0.1260 -0.6952 0.7077
vn 0.6038 -0.5419 -0.5845
vn -0.1768 -0.5970 -0.7825
vn 0.4142 -0.8607 0.2959
vn 0.7436 0.0087 0.6686
vn -0.4142 0.8607 -0.2959
vn -0.4133 -0.8930 0.1784
vn -0.6099 0.5920 0.5268
vn 0.9435 0.2832 -0.1719
vn 0.6099 -0.5920 -0.5268
vn -0.5180 0.7474 -0.4161
vn -0.9487 0.2549 0.1869
vn -0.7715 0.0522 -0.6341
vn -0.9449 -0.1694 -0.2801
vn -0.9627 -0.2104 0.1700
vn -0.7024 -0.1288 0.7000
vn -0.3979 0.0140 0.9173
vn -0.8013 -0.2276 0.5533
vn -0.4479 0.0680 0.8915
vn 0.5119 0.8178 0.2629
vn 0.3016 0.7464 0.5932
vn 0.5960 0.5922 -0.5422
vn 0.5013 0.7803 0.3741
vn 0.2372 0.0994 0.9664
vn 0.4151 0.9024 0.1158
vn 0.4603 0.7471 0.4795
vn -0.0454 0.6207 -0.7827
vn -0.4768 0.2548 -0.8412
vn 0.0143 0.5672 -0.8234
vn -0.3306 0.3818 -0.8631
vn -0.4306 0.8748 -0.2220
vn 0.2398 0.1680 0.9562
vn 0.2476 0.8789 0.4078
vn 0.7191 -0.6610 0.2146
vn 0.9238 -0.3201 -0.2102
vn -0.0022 0.7241 -0.6896
vn 0.9943 -0.0200 0.1046
vn 0.1978 0.9154 -0.3506
vn -0.7645 0.6339 -0.1171
vn -0.9363 0.2990 0.1844
vn -0.0174 -0.7880 -0.6154
vn 0.9772 -0.0804 -0.1965
vn 0.3365 0.8615 -0.3803
vn -0.4989 0.8313 -0.2449
vn -0.7792 0.6068 0.1569
vn 0.1063 -0.4777 0.8721
vn -0.8428 0.2666 -0.4675
vn -0.9586 0.1756 -0.2242
vn 0.2498 0.9526 0.1738
vn -0.0165 -0.9998 -0.0133
vn 0.4343 0.6734 -0.5982
vn 0.7507 -0.6501 -0.1176
vn 0.7438 -0.5181 -0.4223
vn -0.0984 -0.6753 0.7310
vn -0.7639 0.5982 -0.2421
vn -0.9672 0.2121 -0.1400
vn 0.4943 0.8692 -0.0112
vn 0.7285 -0.6826 0.0578
vn 0.9916 -0.0968 0.0852
vn -0.3042 -0.9105 0.2801
vn 0.7128 -0.5808 -0.3931
vn 0.3709 -0.9285 -0.0155
vn -0.4087 -0.2535 -0.8767
vn -0.2776 -0.9607 0.0044
vn -0.3500 0.7584 -0.5498
vn -0.6020 0.7325 -0.3178
vn -0.2455 -0.9147 -0.3210
vn -0.9351 -0.0286 -0.3532
vn 0.2171 0.9163 -0.3366
vn 0.1934 0.9166 -0.3499
vn -0.5064 -0.8347 -0.2163
vn -0.2712 -0.1632 -0.9486
vn 0.5377 0.8417 0.0483
vn -0.7070 -0.5389 0.4579
vn 0.1296 0.8277 0.5460
vn -0.7317 0.5987 -0.3258
vn -0.5500 -0.6501 -0.5242
vn 0.8268 -0.5369 0.1680
vn 0.9301 -0.0633 0.3619
vn 0.3371 0.8071 0.4847
vn -0.9287 0.2422 -0.2810
vn -0.2913 -0.9134 -0.2844
vn 0.5283 0.5950 0.6057
vn -0.9457 0.3206 -0.0537
vn -0.3823 -0.9005 0.2074
vn 0.9580 -0.0175 0.2862
vn 0.2169 -0.9622 0.1649
vn 0.3711 -0.9285 -0.0169
vn -0.7666 0.3642 0.5289
vn -0.9119 0.4024 -0.0810
vn -0.9151 0.3470 -0.2055
vn -0.8668 0.4136 -0.2785
vn 0.8372 -0.4864 0.2498
vn 0.8963 -0.4418 0.0376
vn -0.1051 0.0320 -0.9939
vn 0.4884 -0.7921 -0.3660
vn -0.9310 0.1207 -0.3444
vn -0.9863 0.1320 -0.0986
vn -0.9081 0.3499 0.2299
vn -0.7666 0.3643 0.5287
vn 0.8936 -0.2649 0.3622
vn 0.9735 -0.2237 0.0469
vn 0.7304 -0.4299 -0.5307
vn 0.6780 -0.6812 -0.2764
vn 0.9291 -0.3330 -0.1609
vn -0.1093 -0.9720 0.2078
vn 0.8778 0.2407 0.4142
vn 0.2662 0.8859 -0.3798
vn 0.4559 0.8778 0.1470
vn -0.8221 0.5609 0.0981
vn -0.8299 0.3176 -0.4587
vn -0.5602 -0.8184 -0.1284
vn 0.1582 0.6884 -0.7079
vn 0.4699 0.8826 -0.0170
vn -0.5904 0.2480 0.7680
vn -0.3279 0.2286 -0.9166
vn -0.5385 0.4176 0.7318
vn -0.3379 0.3011 -0.8917
vn -0.3116 0.9486 -0.0548
vn -0.5852 0.2827 0.7600
vn -0.7384 -0.6606 0.1360
vn -0.3810 -0.0869 -0.9205
vn -0.4156 0.5837 0.6975
vn 0.2564 0.2563 -0.9320
vn 0.1886 0.0032 -0.9820
vn 0.1391 -0.1979 -0.9703
vn 0.4750 0.4615 -0.7493
vn 0.8079 0.1929 -0.5569
vn -0.4157 -0.7331 -0.5384
vn -0.1757 -0.2837 -0.9427
vn 0.4366 -0.3234 -0.8395
vn -0.4906 0.7384 0.4627
vn 0.5383 -0.0440 0.8416
vn -0.5954 0.1858 0.7816
vn 0.6649 -0.5109 0.5449
vn 0.0557 0.5997 0.7983
vn -0.2120 -0.2606 0.9419
vn 0.0025 0.1615 0.9869
vn 0.0323 0.0953 0.9949
vn 0.0079 0.1836 0.9830
vn 0.0610 0.2227 0.9730
vn -0.0335 0.1653 0.9857
vn -0.0327 0.2335 0.9718
vn -0.5552 0.8317 0.0078
vn 0.9969 0.0743 0.0246
vn -0.9727 0.0490 0.2268
vn 0.6916 -0.6991 0.1818
vn 0.4037 0.9126 -0.0647
vn -0.3330 -0.8719 0.3590
vn 0.9598 -0.1947 -0.2020
vn 0.9986 -0.0528 0.0070
vn -0.9999 -0.0136 0.0018
vn 0.6265 -0.7771 -0.0608
vn 0.5542 0.0730 0.8292
vn -0.1985 0.9748 0.1019
vn -0.4247 0.2947 -0.8560
vn -0.6178 -0.7840 -0.0613
vn 0.4162 0.2948 -0.8602
vn 0.2014 0.9742 0.1018
vn -0.5443 0.0752 0.8355
vn 0.9042 -0.2300 0.3600
vn -0.9055 -0.2285 0.3576
vn -0.9009 0.4338 -0.0151
vn 0.8819 0.4712 -0.0164
vn -0.9415 0.3291 -0.0722
vn -0.5177 -0.8344 0.1891
vn -0.3917 -0.0980 -0.9149
vn 0.4775 0.8650 -0.1539
vn 0.2513 0.4810 0.8400
vn 0.5106 -0.8386 0.1900
vn -0.2465 0.4808 0.8415
vn -0.4891 0.8587 -0.1527
vn 0.3847 -0.0969 -0.9179
vn -0.9804 -0.1685 0.1022
vn 0.9801 -0.1698 0.1030
vn -0.9409 -0.3231 0.1010
vn -0.9937 0.1056 0.0365
vn -0.7582 0.6492 -0.0613
vn 0.9084 0.4078 -0.0920
vn 0.9988 -0.0245 -0.0431
vn 0.7298 -0.6818 0.0501
vn -0.2679 -0.3026 -0.9147
vn -0.2553 0.0672 0.9645
vn 0.7740 -0.6318 0.0419
vn -0.2713 -0.2938 -0.9165
vn -0.1965 0.2366 0.9515
vn -0.3391 0.0048 -0.9407
vn 0.9691 0.2354 -0.0736
vn -0.0480 0.3624 0.9308
vn 0.9345 -0.3559 0.0006
vn 0.7903 0.3498 0.5030
vn 0.5062 0.8474 -0.1600
vn 0.6378 0.2588 -0.7254
vn 0.9783 0.1956 -0.0691
vn 0.3542 -0.5879 -0.7272
vn -0.2081 -0.9645 0.1625
vn 0.3109 -0.4209 0.8522
vn -0.9418 0.2155 0.2580
vn -0.8490 0.2079 0.4857
vn -0.9778 0.2096 0.0047
vn -0.9657 0.2146 0.1459
vn -0.3641 0.9257 0.1028
vn -0.3303 0.9122 0.2424
vn 0.1863 0.0130 0.9824
vn -0.3885 0.9206 -0.0403
vn -0.7029 0.7055 0.0901
vn -0.2305 -0.0030 -0.9731
vn -0.2925 0.9525 0.0842
vn -0.2930 0.9413 0.1678
vn -0.3639 0.9217 -0.1343
vn -0.3570 0.9249 0.1305
vn -0.4008 0.1346 0.9062
vn -0.2994 0.9468 0.1179
vn -0.4813 -0.2073 0.8517
vn -0.1399 0.9561 0.2574
vn -0.2103 0.9660 0.1505
vn -0.1197 0.9928 -0.0102
vn -0.9546 0.1922 -0.2275
vn -0.6763 0.5253 -0.5164
vn -0.6815 0.1840 0.7083
vn -0.1237 0.6863 0.7167
vn 0.4196 -0.0410 0.9068
vn -0.4578 0.5293 0.7143
vn -0.1119 0.8750 0.4710
vn 0.6796 -0.5859 0.4415
vn -0.0688 0.9974 0.0234
vn -0.0334 0.9960 0.0827
vn 0.8840 -0.1658 0.4371
vn -0.0636 0.9934 -0.0952
vn -0.0877 0.9952 0.0441
vn 0.4046 -0.1353 -0.9044
vn -0.1803 0.5791 -0.7951
vn 0.3499 0.7137 0.6068
vn 0.8269 -0.2052 -0.5236
vn 0.8713 -0.2104 -0.4434
vn 0.7584 -0.1958 -0.6217
vn 0.9245 -0.2149 -0.3148
vn 0.2327 0.0025 0.9725
vn 0.8656 -0.1598 0.4746
vn -0.5972 -0.1776 0.7822
vn 0.9777 -0.2078 0.0292
vn -0.3062 0.9374 0.1660
vn 0.0338 -0.0609 -0.9976
vn 0.2814 0.5057 -0.8155
vn 0.4021 0.8268 -0.3935
vn 0.4930 0.7673 -0.4100
vn 0.5720 0.8008 -0.1778
vn 0.5740 0.7947 0.1974
vn 0.5230 0.6123 0.5930
vn 0.2659 0.7286 0.6312
vn -0.3885 0.9076 -0.1590
vn -0.1190 0.9875 -0.1030
vn -0.3651 0.9232 -0.1197
vn -0.2822 0.9322 -0.2266
vn 0.3566 0.6566 -0.6646
vn -0.9602 0.1948 -0.2000
vn -0.4050 -0.2831 0.8694
vn -0.3120 0.9214 0.2318
vn -0.2864 0.9503 0.1223
vn -0.3253 0.9398 0.1049
vn -0.3006 0.9267 0.2257
vn -0.3041 0.9364 0.1751
vn -0.0466 0.9936 0.1029
vn -0.7080 -0.6804 0.1892
vn -0.6523 -0.6836 0.3275
vn -0.7313 -0.6805 0.0458
vn -0.7053 -0.6798 0.2009
vn -0.6467 -0.7324 0.2128
vn -0.6481 -0.7169 0.2570
vn -0.6645 -0.6719 0.3271
vn -0.7007 -0.6798 0.2168
vn -0.6572 -0.7245 0.2078
vn -0.3358 0.4720 0.8151
vn -0.5124 -0.7837 0.3510
vn -0.5864 -0.7726 0.2434
vn -0.5148 -0.8527 0.0891
vn -0.8430 -0.2534 -0.4745
vn -0.3774 -0.4984 0.7805
vn -0.6182 -0.2198 0.7546
vn -0.3654 -0.7357 0.5703
vn 0.8691 0.2993 0.3938
vn -0.4631 -0.8780 0.1214
vn -0.4354 -0.8813 0.1837
vn -0.4657 -0.8849 0.0059
vn -0.5804 -0.7992 0.1565
vn -0.2004 -0.7063 -0.6790
vn 0.0412 -0.7279 0.6844
vn -0.4553 0.4852 0.7465
vn -0.6586 -0.7082 0.2545
vn 0.0324 -0.6573 -0.7529
vn 0.0567 -0.9516 -0.3020
vn 0.1245 -0.9390 -0.3206
vn 0.1911 -0.9781 -0.0820
vn 0.2037 -0.9350 0.2904
vn 0.2403 -0.7081 0.6640
vn -0.0410 -0.7047 0.7083
vn -0.7286 -0.6810 -0.0735
vn -0.5141 -0.8578 -0.0037
vn -0.7128 -0.7006 -0.0323
vn -0.6432 -0.7536 -0.1359
vn 0.0427 -0.8094 -0.5858
vn -0.2349 0.5114 0.8266
vn -0.6853 -0.6915 0.2284
vn -0.6467 -0.7324 0.2129
vn -0.6477 -0.6946 0.3130
vn -0.6560 -0.7072 0.2635
vn -0.4460 -0.8717 0.2032
vn -0.9536 -0.2961 0.0538
vn 0.2053 0.9739 -0.0969
vn -0.8836 -0.1584 0.4407
vn 0.2172 0.9589 0.1825
vn -0.8142 0.5796 -0.0336
vn -0.1300 0.0020 -0.9915
vn 0.9939 0.0289 -0.1068
vn -0.8175 0.4960 0.2927
vn 0.9961 0.0680 0.0555
vn 0.1344 0.0223 0.9907
vn 0.1323 0.0241 0.9909
vn -0.7674 0.6403 -0.0334
vn -0.6509 0.7100 0.2686
vn 0.9599 0.1994 -0.1970
vn 0.9606 0.2780 0.0042
vn -0.5292 0.8484 -0.0100
vn 0.9641 -0.2172 -0.1529
vn -0.9762 0.2137 0.0366
vn 0.7504 0.6513 -0.1126
vn -0.5275 0.8063 0.2677
vn -0.9593 0.2234 0.1730
vn 0.9622 -0.2173 -0.1643
vn 0.7632 0.6414 0.0782
vn 0.7411 -0.6552 0.1468
vn 0.7288 -0.6791 -0.0876
vn -0.5932 -0.1021 -0.7985
vn -0.1578 0.7012 -0.6953
vn -0.2240 0.6607 -0.7165
vn -0.6373 0.0953 -0.7647
vn 0.2758 -0.3007 -0.9130
vn 0.4094 -0.1362 -0.9021
vn 0.2987 0.5459 -0.7828
vn 0.2573 0.6119 -0.7479
vn 0.7914 0.0420 -0.6098
vn 0.0810 0.7295 -0.6792
vn -0.8285 0.4097 -0.3818
vn 0.1370 0.0234 0.9903
vn 0.1903 0.9428 -0.2736
vn 0.5907 0.7976 -0.1220
vn -0.3321 0.9393 -0.0860
vn -0.1355 -0.0243 -0.9905
vn -0.1354 -0.0242 -0.9905
vn 0.1840 0.5812 -0.7927
vn -0.1157 0.6564 -0.7455
vn -0.0425 0.0420 -0.9982
vn 0.9978 0.0568 -0.0329
vn -0.8493 0.5262 0.0419
vn 0.2422 0.9478 0.2074
vn -0.9895 -0.0413 -0.1383
vn 0.8578 -0.4562 -0.2369
vn 0.9880 -0.0796 -0.1321
vn -0.8955 0.4451 -0.0027
vn -0.1517 -0.8877 0.4348
vn -0.2153 -0.9754 0.0465
vn 0.0091 -0.8529 0.5219
vn -0.3417 -0.7483 0.5686
vn -0.3305 -0.9431 0.0365
vn -0.1118 -0.9936 0.0169
vn -0.8654 -0.2695 0.4224
vn 0.8170 -0.5648 0.1162
vn 0.8096 -0.5867 -0.0192
vn -0.9469 -0.2998 0.1164
vn 0.1432 0.0728 0.9870
vn 0.0500 0.1771 0.9829
vn 0.0347 -0.4077 0.9125
vn 0.2958 0.0125 0.9552
vn -0.2039 -0.1304 -0.9703
vn -0.1107 -0.1345 -0.9847
vn -0.0468 -0.0437 -0.9979
vn -0.2064 -0.0085 -0.9784
vn -0.6278 0.4543 -0.6320
vn 0.6061 0.1623 -0.7786
vn 0.2201 0.2176 -0.9509
vn -0.3280 0.3483 -0.8781
vn -0.0604 0.3060 -0.9501
vn -0.1935 -0.8202 0.5383
vn -0.0633 -0.8509 0.5214
vn -0.1594 -0.9032 0.3984
vn -0.1339 -0.9904 0.0344
vn -0.2774 -0.9598 0.0420
vn -0.2157 -0.9756 0.0419
vn 0.8074 -0.5843 0.0816
vn -0.9310 -0.1734 0.3212
vn 0.1319 0.0768 0.9883
vn -0.9791 -0.2028 0.0175
vn 0.8079 -0.5841 -0.0781
vn -0.2504 -0.7010 -0.6678
vn -0.5223 -0.8527 -0.0146
vn 0.7286 -0.6263 -0.2773
vn -0.2343 -0.9606 -0.1497
vn -0.9633 -0.2542 -0.0860
vn 0.0794 -0.9932 -0.0853
vn 0.7664 -0.6421 0.0189
vn -0.3631 -0.9233 -0.1256
vn -0.9526 -0.2756 -0.1288
vn -0.9701 0.2003 -0.1372
vn -0.7652 0.6215 -0.1680
vn -0.5085 0.8347 -0.2114
vn -0.8101 0.5730 -0.1242
vn 0.2930 0.9229 -0.2497
vn 0.9978 0.0612 -0.0252
vn 0.1984 0.9602 -0.1964
vn -0.8072 0.5855 0.0754
vn 0.0641 0.9716 -0.2278
vn 0.9710 0.0594 -0.2314
vn 0.7192 0.6389 -0.2730
vn 0.9192 0.2168 -0.3287
vn 0.9371 -0.1669 -0.3065
vn 0.6941 -0.6533 -0.3024
vn -0.0852 -0.9844 -0.1541
vn -0.9379 -0.3015 0.1714
vn -0.6014 0.4663 0.6488
vn 0.2093 0.4613 0.8622
vn 0.7020 0.0689 0.7088
vn -0.1232 -0.8233 0.5540
vn 0.2082 0.0149 0.9780
vn 0.7104 -0.3643 0.6021
vn -0.7069 0.5706 0.4180
vn -0.8583 -0.1539 0.4896
vn -0.8576 0.2089 0.4699
vn 0.8106 -0.5838 -0.0452
vn -0.3560 -0.7850 0.5069
vn 0.0692 0.9073 0.4148
vn 0.2515 -0.9526 0.1712
vn 0.1981 0.9564 -0.2144
vn -0.6102 0.6349 0.4739
vn -0.1923 -0.9608 0.1996
vn 0.5830 0.2565 -0.7709
vn 0.8705 0.4208 -0.2553
vn -0.6337 0.7652 -0.1137
vn -0.7204 0.5827 -0.3761
vn -0.1997 -0.9592 0.2003
vn 0.8383 0.2312 -0.4938
vn 0.1997 0.9592 -0.2003
vn 0.2081 0.7070 0.6759
vn 0.8790 0.2986 0.3718
vn -0.5362 0.5327 -0.6548
vn 0.0621 0.5524 -0.8313
vn -0.4798 0.8774 0.0005
vn 0.8012 0.5909 -0.0942
vn -0.4378 0.0847 -0.8951
vn -0.5964 0.5816 -0.5532
vn 0.1128 0.8890 -0.4438
vn -0.7373 0.0048 -0.6756
vn -0.2052 0.8854 -0.4170
vn -0.5334 0.7330 -0.4222
vn -0.2477 0.8839 -0.3968
vn -0.8149 -0.1507 -0.5596
vn -0.9700 -0.0436 -0.2390
vn -0.0788 -0.3020 -0.9500
vn 0.9353 -0.0568 -0.3494
vn -0.9661 0.0265 -0.2566
vn -0.9955 -0.0135 -0.0937
vn -0.6971 0.0006 -0.7169
vn -0.7045 0.5067 -0.4970
vn -0.5578 0.0049 -0.8299
vn -0.1119 -0.1479 -0.9826
vn -0.0505 0.9089 -0.4140
vn 0.0908 0.1300 -0.9873
vn 0.1529 0.9190 -0.3633
vn -0.7107 0.6832 0.1680
vn 0.0565 0.9376 0.3432
vn -0.9878 -0.0767 -0.1354
vn -0.9902 -0.1087 -0.0876
vn -0.9984 0.0567 0.0006
vn -0.9208 -0.0399 0.3881
vn -0.8284 0.5502 0.1052
vn -0.9497 -0.2507 -0.1876
vn -0.9685 -0.1988 -0.1497
vn -0.6807 0.4567 0.5728
vn 0.0549 0.9549 0.2918
vn -0.8167 0.1609 0.5542
vn -0.3678 -0.4555 0.8107
vn -0.4518 -0.1518 0.8791
vn -0.8640 -0.1698 0.4740
vn -0.5864 0.0963 0.8043
vn -0.3521 -0.5720 0.7408
vn -0.2339 -0.3352 0.9126
vn -0.0193 0.9574 0.2881
vn -0.1688 0.3689 0.9140
vn -0.3831 -0.3443 0.8571
vn -0.3638 -0.4098 0.8365
vn 0.0926 -0.1685 0.9813
vn -0.2312 -0.3291 0.9156
vn -0.2165 0.2173 0.9518
vn -0.4470 -0.7126 0.5408
vn -0.6104 0.0212 -0.7918
vn -0.6884 -0.0573 -0.7231
vn -0.5005 -0.2079 -0.8404
vn -0.4419 -0.1255 -0.8883
vn -0.9657 -0.1004 -0.2394
vn -0.4581 0.8249 -0.3311
vn 0.6803 0.0254 -0.7325
vn 0.1596 -0.6886 -0.7074
vn 0.9210 -0.0445 0.3870
vn -0.0775 0.0016 0.9970
vn 0.9943 -0.0051 0.1067
vn 0.8388 0.0077 -0.5444
vn 0.1055 0.0186 -0.9942
vn -0.0083 0.9518 0.3067
vn -0.0172 0.9681 0.2500
vn -0.0268 0.9418 0.3352
vn 0.0488 0.8764 -0.4791
vn 0.1420 0.8741 -0.4646
vn 0.4715 0.8382 0.2741
vn -0.0206 0.9415 0.3363
vn -0.0225 0.9416 0.3359
vn -0.8777 0.1302 -0.4612
vn 0.0687 0.0478 -0.9965
vn -0.9806 0.1843 -0.0676
vn -0.9048 -0.0126 0.4257
vn -0.1025 -0.3365 0.9361
vn -0.1026 -0.3365 0.9361
vn -0.9393 -0.0404 0.3406
vn -0.9893 0.1195 -0.0839
vn -0.9194 0.1029 -0.3796
vn 0.0964 0.1924 -0.9766
vn 0.1658 -0.9653 0.2017
vn -0.1761 0.0827 -0.9809
vn -0.2796 -0.1208 -0.9525
vn -0.1037 -0.0965 -0.9899
vn -0.1621 -0.0961 -0.9821
vn 0.8882 -0.4316 -0.1577
vn 0.9957 0.0227 -0.0898
vn -0.0016 -0.9856 -0.1691
vn 0.1003 -0.9790 -0.1776
vn -0.5876 0.0901 0.8041
vn -0.9235 0.0216 -0.3831
vn -0.9911 -0.0297 -0.1298
vn -0.8169 -0.4280 0.3867
vn -0.1865 -0.6232 0.7595
vn -0.3022 -0.3781 0.8750
vn -0.3479 -0.8927 0.2865
vn -0.1469 -0.4837 0.8628
vn -0.2155 -0.1604 0.9632
vn -0.2358 -0.8987 0.3699
vn -0.9160 -0.0695 0.3951
vn 0.0874 0.1141 0.9896
vn -0.3812 -0.3142 0.8694
vn -0.5372 -0.3012 0.7879
vn 0.6092 0.0711 -0.7899
vn 0.7314 0.5367 -0.4207
vn 0.0134 0.8856 -0.4643
vn 0.8736 -0.0289 -0.4858
vn 0.2297 0.8963 -0.3794
vn 0.6867 0.4069 -0.6023
vn 0.1471 0.8998 -0.4108
vn 0.7397 -0.1642 -0.6526
vn 0.9098 0.2720 -0.3133
vn -0.0788 -0.3027 -0.9498
vn -0.9820 -0.0763 -0.1729
vn 0.8445 0.4059 -0.3494
vn 0.9624 0.0330 -0.2696
vn 0.9576 -0.0206 -0.2875
vn 0.7760 0.4901 -0.3969
vn 0.6297 0.1106 -0.7689
vn -0.0600 -0.1499 -0.9869
vn -0.0121 0.9177 -0.3970
vn 0.0465 0.1358 -0.9896
vn 0.0004 0.9264 -0.3767
vn 0.6740 0.6687 0.3140
vn -0.0972 0.9399 0.3273
vn 0.9901 -0.1250 0.0631
vn 0.9945 0.0914 0.0503
vn 0.9563 0.1680 0.2391
vn 0.9765 0.0053 0.2153
vn 0.7965 0.5246 0.3007
vn 0.9825 -0.1859 0.0077
vn 0.9973 -0.0708 0.0196
vn 0.5573 0.4464 0.7001
vn -0.0914 0.9572 0.2744
vn 0.6942 0.1243 0.7090
vn 0.5833 -0.4160 0.6976
vn 0.6081 -0.1276 0.7835
vn 0.7496 -0.2222 0.6235
vn 0.4211 0.1100 0.9003
vn 0.4361 -0.7027 0.5622
vn 0.0009 -0.2340 0.9722
vn -0.0229 0.9662 0.2567
vn -0.0110 0.3647 0.9311
vn 0.3284 -0.2916 0.8984
vn 0.3372 -0.4309 0.8370
vn 0.0923 -0.1688 0.9813
vn 0.0272 -0.3475 0.9373
vn 0.0276 0.2276 0.9734
vn 0.2747 -0.5582 0.7829
vn 0.7910 0.0520 -0.6096
vn 0.7349 0.1435 -0.6628
vn 0.5684 -0.0758 -0.8193
vn 0.5583 -0.0848 -0.8253
vn 0.9961 -0.0620 -0.0624
vn 0.3460 0.8985 -0.2700
vn -0.5646 0.0013 -0.8253
vn -0.0383 -0.7037 -0.7094
vn -0.9846 -0.0002 0.1751
vn -0.1254 -0.0231 0.9918
vn -0.9943 0.0052 -0.1067
vn -0.7060 0.0157 -0.7080
vn 0.1013 0.0206 -0.9946
vn -0.0249 0.9531 0.3015
vn -0.0189 0.9680 0.2501
vn -0.0282 0.9418 0.3351
vn 0.1012 0.8678 -0.4866
vn 0.0555 0.8603 -0.5067
vn -0.0201 0.9415 0.3363
vn -0.0202 0.9415 0.3365
vn -0.0183 0.9416 0.3363
vn 0.9718 0.0505 -0.2304
vn 0.1212 0.0447 -0.9916
vn 0.9746 0.1734 0.1420
vn 0.7948 -0.0213 0.6065
vn -0.1019 -0.3365 0.9362
vn -0.1018 -0.3365 0.9362
vn 0.8509 -0.1014 0.5154
vn 0.9922 0.0518 0.1137
vn 0.9921 0.0373 -0.1196
vn 0.1056 0.1921 -0.9757
vn -0.0835 -0.9715 0.2216
vn -0.1056 -0.0039 -0.9944
vn 0.1100 -0.1119 -0.9876
vn -0.0639 -0.1084 -0.9921
vn -0.0122 -0.0925 -0.9956
vn -0.8816 -0.4721 0.0019
vn -0.9957 -0.0227 0.0897
vn 0.0160 -0.9852 -0.1707
vn -0.0859 -0.9832 -0.1608
vn 0.4307 0.0611 0.9004
vn 0.9825 -0.0338 -0.1829
vn 0.9909 -0.1107 0.0769
vn 0.6959 -0.4727 0.5406
vn 0.0079 -0.6289 0.7774
vn 0.1174 -0.3544 0.9277
vn 0.3716 -0.8593 0.3515
vn 0.3176 -0.6703 0.6707
vn 0.4255 -0.1518 0.8922
vn 0.2366 -0.8579 0.4561
vn 0.9741 -0.0263 0.2247
vn 0.3155 0.2576 0.9133
vn 0.2398 -0.3228 0.9156
vn 0.3802 -0.2946 0.8767
vn 0.3392 -0.2890 0.8952
vn -0.3782 -0.3442 0.8594
vn 0.7713 -0.0931 0.6296
vn 0.8115 -0.0781 0.5791
vn 0.0568 -0.9413 -0.3327
vn -0.6984 -0.6295 0.3405
vn -0.6849 -0.1132 0.7198
vn 0.0580 -0.9413 -0.3326
vn -0.6598 -0.6918 0.2933
vn 0.7501 -0.4886 0.4456
vn -0.9465 -0.2558 -0.1968
vn -0.9513 -0.2557 -0.1722
vn -0.9616 -0.2200 -0.1642
vn -0.9597 -0.2281 -0.1643
vn -0.9722 -0.2011 -0.1201
vn -0.9699 -0.1901 -0.1522
vn 0.9857 -0.1675 -0.0163
vn 0.9834 -0.1722 0.0567
vn 0.9834 -0.1790 0.0309
vn 0.9973 -0.0699 0.0229
vn 0.9982 -0.0562 0.0218
vn 0.9942 -0.0503 0.0950
vn 0.6072 0.4163 -0.6768
vn -0.1040 0.3679 -0.9240
vn -0.8096 0.2880 -0.5115
vn -0.1090 0.3914 -0.9137
vn -0.1194 0.3822 -0.9163
vn -0.8419 -0.0865 -0.5327
vn -0.1113 -0.1717 -0.9788
vn 0.5427 -0.0478 -0.8386
vn -0.4792 0.8776 -0.0123
vn -0.0459 0.9954 -0.0847
vn 0.0199 0.9938 -0.1098
vn 0.5367 0.8315 -0.1435
vn 0.8768 0.4742 -0.0798
vn 0.9959 0.0347 -0.0838
vn 0.0076 -0.9987 0.0499
vn -0.9987 0.0377 0.0346
vn -0.8997 0.4365 0.0047
vn 0.1745 0.9306 -0.3216
vn 0.2232 0.9739 0.0414
vn -0.1875 -0.9447 0.2689
vn -0.2262 -0.9718 -0.0671
vn 0.8369 -0.5474 -0.0050
vn -0.9635 -0.1716 0.2056
vn 0.0424 -0.3146 0.9483
vn -0.9564 -0.2921 0.0037
vn 0.7367 -0.6182 -0.2741
vn -0.2411 -0.6059 -0.7581
vn -0.7660 -0.4759 -0.4320
vn 0.2164 0.9756 -0.0371
vn 0.3631 -0.8115 -0.4578
vn -0.2188 -0.9757 0.0146
vn -0.7984 -0.2532 0.5463
vn 0.2162 0.9751 -0.0492
vn 0.7130 -0.5761 0.3996
vn -0.2177 -0.9748 0.0485
vn -0.8600 -0.4309 -0.2734
vn -0.8146 -0.5594 0.1532
vn -0.7114 -0.4176 0.5653
vn -0.5898 -0.0597 0.8054
vn -0.4961 0.3776 0.7818
vn -0.4663 0.7273 0.5036
vn -0.5116 0.8558 0.0770
vn -0.6148 0.7140 -0.3350
vn -0.7365 0.3560 -0.5752
vn -0.8301 -0.0813 -0.5516
vn -0.5009 -0.7213 -0.4783
vn -0.4402 -0.8931 0.0922
vn -0.3022 -0.7035 0.6432
vn -0.1395 -0.2249 0.9643
vn -0.0143 0.3599 0.9329
vn 0.0256 0.8275 0.5608
vn -0.0350 0.9993 -0.0097
vn -0.1730 0.8097 -0.5607
vn -0.3357 0.3311 -0.8819
vn -0.4609 -0.2537 -0.8504
vn -0.0256 -0.8275 -0.5608
vn 0.0350 -0.9993 0.0097
vn 0.1730 -0.8097 0.5607
vn 0.3357 -0.3311 0.8819
vn 0.4609 0.2537 0.8504
vn 0.5009 0.7213 0.4783
vn 0.4402 0.8931 -0.0922
vn 0.3022 0.7035 -0.6432
vn 0.1395 0.2249 -0.9643
vn 0.0143 -0.3599 -0.9329
vn 0.4663 -0.7273 -0.5036
vn 0.5116 -0.8557 -0.0770
vn 0.6148 -0.7140 0.3350
vn 0.7365 -0.3560 0.5752
vn 0.8301 0.0812 0.5516
vn 0.8600 0.4309 0.2734
vn 0.8146 0.5594 -0.1532
vn 0.7114 0.4176 -0.5652
vn 0.5898 0.0597 -0.8054
vn 0.4961 -0.3776 -0.7818
vn -0.9998 -0.0098 0.0154
vn -0.9829 -0.0579 0.1750
vn -0.9442 -0.0048 0.3292
vn -0.8987 0.1292 0.4191
vn -0.8637 0.2928 0.4103
vn -0.8525 0.4237 0.3062
vn -0.8695 0.4718 0.1465
vn -0.9081 0.4187 -0.0077
vn -0.9536 0.2847 -0.0976
vn -0.9887 0.1211 -0.0888
vn 0.8525 -0.4237 -0.3062
vn 0.8695 -0.4718 -0.1465
vn 0.9081 -0.4187 0.0077
vn 0.9536 -0.2848 0.0976
vn 0.9887 -0.1211 0.0888
vn 0.9998 0.0098 -0.0154
vn 0.9829 0.0578 -0.1750
vn 0.9442 0.0048 -0.3292
vn 0.8987 -0.1292 -0.4191
vn 0.8637 -0.2928 -0.4103
vn 0.1817 -0.9662 -0.1830
vn -0.0710 -0.9895 -0.1258
vn 0.0079 -0.9866 -0.1629
vn -0.0865 -0.1186 -0.9892
vn -0.0907 0.0411 -0.9950
vn -0.0497 -0.6868 -0.7251
vn -0.0483 -0.5167 -0.8548
vn 0.0075 -0.9854 -0.1701
vn 0.0068 -0.9855 -0.1695
vn 0.0071 -0.9854 -0.1700
vn 0.0073 -0.9854 -0.1700
vn 0.0072 -0.9854 -0.1698
vn 0.0072 -0.9855 -0.1696
vn 0.0072 -0.9855 -0.1697
vn 0.0886 0.0504 0.9948
vn -0.0076 -0.9855 -0.1696
vn -0.0069 -0.9854 -0.1700
vn -0.0071 -0.9854 -0.1700
vn -0.0073 -0.9854 -0.1700
vn -0.0072 -0.9854 -0.1698
vn 0.0045 -0.9886 -0.1508
vn -0.4065 -0.8713 -0.2750
vn 0.1678 -0.9735 -0.1555
vn -0.1833 -0.9665 -0.1797
vn 0.0719 -0.9892 -0.1275
vn -0.0641 0.0390 0.9972
vn -0.0516 0.6192 0.7835
vn -0.0072 -0.9855 -0.1697
vn -0.0096 -0.9859 -0.1668
vn -0.0077 -0.9866 -0.1629
vn 0.0649 -0.1182 -0.9909
vn 0.0683 0.0416 -0.9968
vn 0.0362 -0.6865 -0.7262
vn 0.0312 -0.5164 -0.8558
vn -0.4003 0.5589 0.7262
vn -0.1780 -0.9502 -0.2557
vn -0.9292 0.0085 -0.3694
vn -0.5141 -0.3092 0.8001
vn 0.0720 0.9688 -0.2372
vn -0.3337 -0.9256 0.1785
vn -0.2036 0.6046 0.7701
vn -0.1237 -0.1627 0.9789
vn -0.3050 -0.7727 -0.5567
vn -0.2129 0.9706 -0.1127
vn -0.2293 0.7889 -0.5702
vn -0.2482 0.0683 -0.9663
vn -0.6495 -0.6960 0.3061
vn -0.9270 0.0058 -0.3749
vn -0.1702 -0.6336 0.7547
vn -0.3432 -0.9381 0.0460
vn -0.9947 -0.0422 -0.0933
vn -0.9972 0.0753 -0.0038
vn -0.9971 0.0692 0.0325
vn -0.9960 -0.0527 0.0718
vn -0.9908 -0.0896 -0.1016
vn -0.8973 -0.0451 -0.4392
vn -0.2501 -0.0000 -0.9682
vn -0.9827 -0.1092 -0.1498
vn -0.5593 -0.8017 0.2109
vn -0.9832 -0.1393 -0.1181
vn -0.9942 -0.0412 -0.0992
vn -0.9189 -0.0272 -0.3936
vn 0.4003 0.5589 0.7262
vn 0.1780 -0.9502 -0.2557
vn 0.9149 0.0424 -0.4015
vn 0.5300 -0.3022 0.7923
vn -0.0720 0.9688 -0.2372
vn 0.3015 -0.9311 0.2054
vn 0.2065 0.6016 0.7717
vn 0.1521 -0.1986 0.9682
vn 0.3050 -0.7727 -0.5567
vn 0.2129 0.9706 -0.1127
vn 0.1881 0.7634 -0.6179
vn 0.2482 0.0683 -0.9663
vn 0.6495 -0.6960 0.3061
vn 0.9270 0.0058 -0.3749
vn 0.1702 -0.6336 0.7547
vn 0.3432 -0.9381 0.0460
vn 0.9947 -0.0422 -0.0933
vn 0.9956 -0.0378 -0.0853
vn 0.9971 0.0692 0.0325
vn 0.9960 -0.0527 0.0718
vn 0.9908 -0.0896 -0.1016
vn 0.7582 -0.0893 -0.6459
vn 0.2501 -0.0000 -0.9682
vn 0.9827 -0.1092 -0.1498
vn 0.5593 -0.8017 0.2109
vn 0.9832 -0.1393 -0.1181
vn 0.9952 -0.0345 -0.0912
vn 0.9189 -0.0272 -0.3936
vn -0.2022 0.0215 -0.9791
vn 0.0001 0.9999 -0.0139
vn -0.0001 -0.9999 0.0160
vn 0.9982 -0.0021 -0.0603
vn -0.9982 0.0050 0.0603
vn 0.2021 0.0215 -0.9791
vn -0.0001 0.9999 -0.0139
vn 0.0001 -0.9999 0.0160
vn -0.9982 -0.0021 -0.0603
vn 0.9982 0.0051 0.0603
vn 0.0670 0.9605 -0.2700
vn -0.7347 0.5883 -0.3377
vn -0.8133 0.0727 -0.5772
vn -0.0890 0.0996 -0.9910
vn -0.0826 -0.9072 -0.4124
vn -0.0687 0.9641 -0.2565
vn 0.7347 0.5883 -0.3377
vn 0.8839 -0.1700 -0.4357
vn 0.0847 0.0575 -0.9947
vn 0.0860 -0.9070 -0.4123
vn -0.1427 0.0068 0.9897
vn 0.1427 0.0068 0.9897
vn 0.1213 0.0097 0.9926
vn -0.1283 0.0146 0.9916
vn -0.1108 0.9878 -0.1098
vn -0.1233 0.9860 0.1126
vn -0.1297 0.9354 0.3289
vn -0.0148 0.5333 -0.8458
vn -0.0434 0.7075 -0.7054
vn -0.0699 0.8455 -0.5295
vn -0.0927 0.9403 -0.3274
vn -0.3615 0.9285 0.0848
vn -0.3803 0.8750 0.2997
vn -0.0432 0.5264 -0.8491
vn -0.1274 0.6873 -0.7152
vn -0.2049 0.8129 -0.5452
vn -0.2717 0.8971 -0.3483
vn -0.3248 0.9361 -0.1347
vn -0.6050 0.7582 0.2432
vn -0.0688 0.5131 -0.8556
vn -0.2026 0.6482 -0.7341
vn -0.3259 0.7500 -0.5756
vn -0.4323 0.8137 -0.3887
vn -0.5167 0.8364 -0.1830
vn -0.5751 0.8175 0.0312
vn -0.7885 0.5930 0.1634
vn -0.0896 0.4944 -0.8646
vn -0.2640 0.5928 -0.7608
vn -0.4247 0.6610 -0.6186
vn -0.5634 0.6957 -0.4457
vn -0.6734 0.6953 -0.2512
vn -0.7495 0.6605 -0.0448
vn -0.1043 0.4714 -0.8757
vn -0.3075 0.5251 -0.7936
vn -0.4946 0.5521 -0.6713
vn -0.6561 0.5511 -0.5156
vn -0.7842 0.5226 -0.3347
vn -0.8728 0.4682 -0.1377
vn -0.9182 0.3907 0.0656
vn -0.1120 0.4457 -0.8881
vn -0.3300 0.4495 -0.8301
vn -0.5307 0.4305 -0.7300
vn -0.7041 0.3899 -0.5935
vn -0.8415 0.3299 -0.4278
vn -0.9367 0.2537 -0.2414
vn -0.9853 0.1651 -0.0435
vn -0.3300 0.3713 -0.8679
vn -0.5307 0.3047 -0.7909
vn -0.7041 0.2230 -0.6742
vn -0.8415 0.1304 -0.5243
vn -0.9367 0.0316 -0.3488
vn -0.9853 -0.0685 -0.1564
vn -0.1120 0.4192 -0.9010
vn -0.3075 0.2958 -0.9044
vn -0.4946 0.1832 -0.8496
vn -0.6561 0.0618 -0.7522
vn -0.7842 -0.0623 -0.6174
vn -0.8728 -0.1828 -0.4524
vn -0.9182 -0.2941 -0.2655
vn -0.1043 0.3936 -0.9134
vn -0.4247 0.0742 -0.9023
vn -0.5634 -0.0828 -0.8220
vn -0.6734 -0.2350 -0.7009
vn -0.7495 -0.3751 -0.5454
vn -0.7884 -0.4964 -0.3633
vn -0.0896 0.3706 -0.9245
vn -0.2640 0.2280 -0.9372
vn -0.3259 -0.0147 -0.9453
vn -0.4323 -0.2008 -0.8791
vn -0.5167 -0.3761 -0.7691
vn -0.5751 -0.5322 -0.6213
vn -0.6050 -0.6615 -0.4431
vn -0.0687 0.3518 -0.9335
vn -0.2026 0.1727 -0.9639
vn -0.2718 -0.2842 -0.9194
vn -0.3248 -0.4758 -0.8174
vn -0.3615 -0.6432 -0.6750
vn -0.3803 -0.7783 -0.4996
vn -0.0432 0.3385 -0.9400
vn -0.1274 0.1336 -0.9828
vn -0.2049 -0.0776 -0.9757
vn -0.1108 -0.5275 -0.8423
vn -0.1233 -0.7006 -0.7028
vn -0.1297 -0.8388 -0.5288
vn -0.0147 0.3317 -0.9433
vn -0.0434 0.1134 -0.9926
vn -0.0699 -0.1102 -0.9915
vn -0.0927 -0.3274 -0.9403
vn 0.1108 -0.5275 -0.8423
vn 0.1233 -0.7006 -0.7028
vn 0.1297 -0.8388 -0.5288
vn 0.0147 0.3317 -0.9433
vn 0.0434 0.1134 -0.9926
vn 0.0699 -0.1102 -0.9915
vn 0.0927 -0.3274 -0.9403
vn 0.3615 -0.6432 -0.6750
vn 0.3803 -0.7783 -0.4996
vn 0.0432 0.3385 -0.9400
vn 0.1274 0.1336 -0.9828
vn 0.2049 -0.0776 -0.9757
vn 0.2718 -0.2842 -0.9194
vn 0.3248 -0.4758 -0.8174
vn 0.5751 -0.5322 -0.6213
vn 0.6050 -0.6615 -0.4431
vn 0.0687 0.3518 -0.9335
vn 0.2026 0.1727 -0.9639
vn 0.3259 -0.0147 -0.9453
vn 0.4323 -0.2008 -0.8791
vn 0.5167 -0.3761 -0.7691
vn 0.7885 -0.4964 -0.3633
vn 0.0896 0.3706 -0.9245
vn 0.2640 0.2280 -0.9372
vn 0.4247 0.0742 -0.9023
vn 0.5634 -0.0828 -0.8220
vn 0.6734 -0.2350 -0.7009
vn 0.7495 -0.3751 -0.5454
vn 0.1043 0.3936 -0.9134
vn 0.3075 0.2958 -0.9044
vn 0.4946 0.1832 -0.8496
vn 0.6561 0.0618 -0.7522
vn 0.7842 -0.0623 -0.6174
vn 0.8728 -0.1828 -0.4524
vn 0.9182 -0.2941 -0.2655
vn 0.1120 0.4192 -0.9010
vn 0.3300 0.3713 -0.8679
vn 0.5307 0.3047 -0.7909
vn 0.7041 0.2230 -0.6742
vn 0.8415 0.1304 -0.5243
vn 0.9367 0.0316 -0.3488
vn 0.9853 -0.0685 -0.1564
vn 0.1120 0.4457 -0.8881
vn 0.3300 0.4495 -0.8301
vn 0.5307 0.4305 -0.7300
vn 0.7041 0.3899 -0.5935
vn 0.8415 0.3299 -0.4278
vn 0.9367 0.2537 -0.2414
vn 0.9853 0.1651 -0.0435
vn 0.3075 0.5251 -0.7935
vn 0.4946 0.5521 -0.6713
vn 0.6561 0.5511 -0.5156
vn 0.7842 0.5226 -0.3347
vn 0.8728 0.4682 -0.1377
vn 0.9182 0.3907 0.0656
vn 0.1043 0.4714 -0.8757
vn 0.4247 0.6610 -0.6186
vn 0.5634 0.6957 -0.4457
vn 0.6734 0.6953 -0.2512
vn 0.7495 0.6605 -0.0448
vn 0.7884 0.5930 0.1634
vn 0.0896 0.4944 -0.8646
vn 0.2640 0.5928 -0.7608
vn 0.3259 0.7500 -0.5756
vn 0.4323 0.8137 -0.3887
vn 0.5167 0.8364 -0.1830
vn 0.5751 0.8175 0.0312
vn 0.6050 0.7582 0.2432
vn 0.0687 0.5131 -0.8556
vn 0.2026 0.6482 -0.7341
vn 0.2718 0.8971 -0.3483
vn 0.3248 0.9361 -0.1347
vn 0.3615 0.9285 0.0848
vn 0.3803 0.8750 0.2997
vn 0.0432 0.5264 -0.8491
vn 0.1274 0.6873 -0.7152
vn 0.2049 0.8129 -0.5452
vn 0.0927 0.9403 -0.3274
vn 0.1108 0.9878 -0.1098
vn 0.1233 0.9860 0.1126
vn 0.1297 0.9354 0.3289
vn 0.0148 0.5333 -0.8458
vn 0.0434 0.7075 -0.7054
vn 0.0699 0.8455 -0.5295
vn 0.8600 -0.4309 -0.2734
vn 0.7114 -0.4176 0.5652
vn 0.6148 0.7140 -0.3351
vn 0.7365 0.3560 -0.5752
vn 0.5009 -0.7213 -0.4784
vn -0.7365 -0.3560 0.5752
vn 0.0806 -0.7805 0.6200
vn 0.0642 -0.1862 0.9804
vn -0.1190 0.8986 -0.4223
vn -0.0544 0.2290 -0.9719
vn 0.0047 -0.4285 -0.9035
vn 0.9202 -0.2531 0.2988
vn -0.9061 -0.4227 0.0180
vn -0.0063 -0.3188 -0.9478
vn 0.9274 -0.1057 0.3588
vn -0.8631 -0.2732 0.4249
vn 0.9183 0.1477 0.3673
vn -0.0607 0.5097 -0.8582
vn -0.9265 0.1283 0.3536
vn 0.5316 -0.4004 -0.7464
vn -0.1433 0.8644 -0.4820
vn -0.2499 0.4703 -0.8464
vn -0.1023 0.8183 -0.5656
vn -0.0504 0.8037 -0.5928
vn 0.2787 0.4292 0.8592
vn -0.9524 -0.2359 -0.1934
vn 0.9729 0.2314 -0.0019
vn -0.2178 0.2190 -0.9511
vn -0.5472 -0.3740 -0.7488
vn 0.5620 0.3525 0.7483
vn 0.7924 0.3806 0.4768
vn -0.7360 -0.3130 -0.6003
vn 0.2330 -0.0466 0.9714
vn 0.2353 0.0870 0.9680
vn 0.2790 0.2385 0.9302
vn -0.3055 0.0332 -0.9516
vn -0.0288 0.9745 -0.2226
vn -0.1093 0.6628 -0.7408
vn -0.0845 0.1415 -0.9863
vn -0.0115 0.9019 -0.4318
vn 0.1564 -0.1645 -0.9739
vn 0.1217 -0.1192 -0.9854
vn 0.1561 -0.2165 -0.9637
vn 0.2351 -0.4827 -0.8436
vn 0.9928 0.0653 0.1002
vn 0.7087 0.2106 -0.6733
vn 0.6580 -0.1511 -0.7377
vn 0.2146 -0.4778 -0.8519
vn -0.2622 0.7795 -0.5689
vn -0.3503 0.7416 -0.5721
vn -0.3040 0.7780 -0.5498
vn -0.1335 0.8584 -0.4953
vn 0.5134 -0.0325 0.8576
vn 0.6473 0.1906 0.7381
vn 0.6034 0.2083 0.7697
vn 0.7879 0.2081 0.5796
vn 0.2243 0.3434 -0.9120
vn -0.0960 0.9706 -0.2207
vn -0.4707 0.0298 -0.8818
vn 0.1893 0.9419 -0.2775
vn -0.7982 0.1670 -0.5788
vn 0.6945 0.6989 -0.1712
vn -0.8155 0.2904 -0.5006
vn 0.1522 0.7853 -0.6001
vn 0.7292 0.4006 -0.5548
vn -0.6426 0.7306 0.2309
vn -0.2859 0.3264 -0.9010
vn -0.5592 0.8164 -0.1445
vn -0.6859 0.4465 -0.5746
vn -0.1828 0.9810 0.0655
vn -0.8538 0.1569 -0.4964
vn -0.0242 0.9986 -0.0480
vn -0.5408 0.8042 -0.2466
vn 0.1056 0.9419 -0.3189
vn 0.1117 0.3878 -0.9149
vn -0.8948 0.4319 -0.1130
vn -0.2489 -0.4455 -0.8600
vn -0.7382 0.6177 0.2711
vn -0.9217 0.3383 -0.1899
vn -0.2401 0.9145 0.3255
vn -0.8542 0.5161 -0.0632
vn 0.0845 0.9904 0.1095
vn -0.8969 0.4420 -0.0111
vn 0.4523 0.8918 0.0113
vn 0.2605 -0.1646 -0.9513
vn -0.7679 0.3643 -0.5269
vn -0.8925 0.4093 -0.1894
vn -0.8313 0.5533 -0.0533
vn -0.6613 0.7474 0.0647
vn -0.2641 0.9584 0.1081
vn -0.5625 0.1649 -0.8101
vn -0.6642 0.2821 -0.6923
vn -0.8655 0.3191 -0.3862
vn -0.0243 0.7864 -0.6172
vn -0.1736 0.7181 -0.6740
vn -0.2099 0.7269 -0.6539
vn -0.0694 0.7439 -0.6646
vn -0.1161 0.9578 -0.2629
vn -0.0133 0.9403 -0.3401
vn 0.0700 0.8598 -0.5059
vn -0.6331 0.6366 -0.4403
vn -0.6914 0.6492 -0.3169
vn -0.4945 0.7819 -0.3796
vn -0.1661 0.9292 -0.3301
vn -0.3333 0.5754 -0.7469
vn -0.5176 0.6546 -0.5510
vn -0.5078 0.6611 -0.5523
vn -0.8316 0.4492 -0.3265
vn -0.7644 0.6165 -0.1886
vn -0.6866 0.7253 -0.0500
vn -0.1950 0.9796 -0.0493
vn -0.4305 0.1923 -0.8819
vn -0.7299 0.3037 -0.6123
vn -0.8221 0.3500 -0.4491
vn -0.0407 0.6740 -0.7376
vn -0.0218 0.6128 -0.7899
vn -0.0379 0.5345 -0.8443
vn -0.0235 0.5503 -0.8346
vn -0.1747 0.9020 -0.3947
vn -0.1354 0.8368 -0.5305
vn -0.0853 0.7381 -0.6692
vn 0.0103 -0.9904 0.1378
vn 0.9856 -0.1308 0.1074
vn 0.1893 -0.9661 0.1755
vn 0.1135 -0.9934 -0.0163
vn 0.7793 -0.0252 -0.6261
vn 0.7968 0.1585 -0.5831
vn 0.3314 0.2867 -0.8989
vn 0.4073 0.5229 -0.7488
vn 0.1584 0.9651 -0.2085
vn 0.1182 0.7029 -0.7014
vn 0.9794 -0.1349 -0.1505
vn 0.8289 -0.3954 -0.3958
vn -0.1490 -0.1600 0.9758
vn 0.6698 -0.2939 0.6819
vn 0.9823 -0.0360 0.1840
vn 0.9379 -0.1254 -0.3235
vn 0.3758 0.1909 -0.9068
vn 0.8556 -0.0000 0.5176
vn -0.4346 -0.2878 0.8534
vn -0.4158 -0.5709 0.7080
vn 0.0857 -0.8448 -0.5282
vn -0.1538 -0.9025 0.4023
vn -0.1244 -0.7739 0.6210
vn 0.7767 -0.2911 -0.5585
vn -0.0774 -0.3238 0.9430
vn 0.3935 -0.5334 0.7487
vn 0.7241 -0.6738 0.1472
vn 0.4456 -0.7389 0.5054
vn 0.7909 -0.1527 0.5926
vn 0.9457 0.3177 0.0694
vn 0.9956 0.0820 -0.0448
vn 0.9883 -0.1361 0.0686
vn 0.9695 -0.1623 0.1835
vn -0.1376 0.8579 -0.4951
vn -0.3466 0.7416 -0.5744
vn -0.3362 0.7678 -0.5453
vn -0.2344 0.8245 -0.5150
vn -0.3295 0.7846 -0.5252
vn -0.2100 0.6739 -0.7083
vn -0.1440 0.8571 -0.4946
vn -0.3075 0.7758 -0.5510
vn -0.3459 0.7422 -0.5740
vn -0.3372 0.7660 -0.5472
vn -0.3242 0.7909 -0.5190
vn -0.2909 0.7947 -0.5327
vn -0.2881 0.8343 -0.4701
vn -0.1665 0.8404 -0.5158
vn -0.0883 0.7149 -0.6936
vn 0.7610 -0.5633 0.3218
vn 0.7106 -0.6815 0.1752
vn 0.0163 -0.1658 -0.9860
vn -0.3909 0.7648 -0.5121
vn 0.6958 -0.1702 -0.6978
vn 0.6800 -0.2384 -0.6933
vn 0.1525 -0.5990 -0.7861
vn 0.1253 -0.6208 -0.7739
vn 0.4631 -0.4920 -0.7372
vn 0.3074 -0.9058 0.2917
vn -0.0054 -0.9961 0.0880
vn 0.1199 -0.6860 -0.7177
vn 0.1551 -0.2050 -0.9664
vn 0.1378 -0.1790 -0.9742
vn 0.9929 -0.0552 -0.1057
vn -0.8944 -0.0622 -0.4429
vn 0.9414 -0.3249 0.0902
vn -0.9365 -0.3257 -0.1301
vn 0.9583 -0.2800 -0.0577
vn -0.8857 -0.2287 -0.4039
vn 0.5023 -0.2206 -0.8361
vn -0.3127 0.7779 -0.5451
vn 0.5340 -0.1436 -0.8332
vn 0.6236 -0.1906 -0.7581
vn -0.5114 -0.6098 -0.6055
vn 0.0115 0.5117 -0.8591
vn 0.9046 0.4116 -0.1105
vn 0.5748 0.8088 0.1243
vn 0.5246 -0.1243 -0.8423
vn -0.8453 -0.1920 -0.4987
vn -0.1583 0.1428 0.9770
vn -0.1348 0.4565 0.8794
vn 0.4360 -0.2454 0.8659
vn 0.8325 -0.4951 -0.2486
vn 0.8161 -0.3949 0.4219
vn 0.8740 -0.4524 -0.1773
vn 0.8333 -0.4649 0.2992
vn 0.2923 -0.5162 -0.8050
vn -0.0246 -0.2920 -0.9561
vn 0.2259 0.0795 0.9709
vn 0.9981 -0.0562 -0.0233
vn 0.9234 0.0313 0.3827
vn 0.3436 -0.6700 0.6580
vn 0.8278 0.4294 -0.3612
vn -0.7332 -0.5064 0.4539
vn 0.4121 0.1368 -0.9008
vn 0.9892 -0.1417 -0.0368
vn 0.2161 -0.8029 -0.5555
vn -0.0236 -0.4884 -0.8723
vn -0.7103 -0.2660 -0.6517
vn -0.0995 -0.0256 0.9947
vn 0.4113 -0.7363 -0.5373
vn -0.8500 0.2718 -0.4513
vn 0.3329 -0.9040 -0.2683
vn -0.4338 0.0360 -0.9003
vn 0.7900 -0.1535 0.5936
vn 0.9787 -0.0860 0.1863
vn 0.9388 -0.2645 -0.2206
vn 0.8894 -0.1469 -0.4328
vn 0.1578 -0.9869 -0.0322
vn 0.2149 0.9712 -0.1032
vn 0.1711 -0.9792 0.1095
vn 0.2021 0.9695 0.1390
vn 0.2201 0.9746 0.0415
vn 0.9279 -0.0012 0.3728
vn 0.5502 0.2237 0.8045
vn 0.6890 -0.0593 0.7223
vn 0.9117 -0.3416 0.2282
vn 0.8396 0.4489 0.3058
vn 0.7861 0.5324 -0.3140
vn 0.9882 -0.1311 -0.0787
vn 0.4292 -0.2285 -0.8738
vn 0.8685 -0.1008 -0.4854
vn 0.8286 0.4784 -0.2910
vn 0.7392 0.6706 -0.0629
vn 0.7571 -0.6500 0.0662
vn 0.7399 -0.5448 0.3946
vn 0.7787 0.5858 0.2247
vn 0.7304 0.2505 0.6354
vn 0.0257 0.6969 -0.7167
vn -0.1845 0.6715 -0.7177
vn -0.1322 0.7002 -0.7016
vn -0.2043 0.7574 -0.6202
vn -0.2449 0.7673 -0.5927
vn -0.2007 0.7120 -0.6729
vn -0.7811 -0.1172 0.6133
vn 0.0726 -0.9067 0.4154
vn 0.0369 -0.9928 0.1137
vn 0.4756 -0.1521 0.8664
vn 0.1822 -0.1842 0.9659
vn 0.6460 0.1243 0.7532
vn 0.7750 -0.1495 -0.6140
vn 0.7866 -0.1697 -0.5937
vn 0.6280 0.2141 0.7482
vn 0.4605 0.1270 0.8785
vn 0.5145 -0.7436 0.4270
vn 0.9587 -0.0401 -0.2815
vn 0.4492 0.8347 0.3187
vn 0.2753 0.2387 0.9312
vn 0.6059 0.1954 0.7711
vn 0.7759 -0.1108 0.6210
vn 0.6076 0.1672 0.7764
vn 0.2771 0.0481 0.9596
vn 0.5167 -0.6664 0.5375
vn 0.1693 0.9855 -0.0100
vn 0.2076 0.6618 0.7204
vn 0.2165 0.9686 0.1225
vn 0.3626 -0.6819 0.6353
vn 0.0954 0.9776 0.1877
vn 0.1922 -0.5951 0.7804
vn 0.6015 0.1928 0.7752
vn 0.6034 0.1706 0.7789
vn 0.5966 0.1821 0.7816
vn 0.6056 0.2298 0.7619
vn 0.6073 0.2170 0.7642
vn 0.6058 0.1984 0.7705
vn 0.4094 -0.6264 0.6633
vn 0.6380 0.1741 0.7501
vn 0.2152 0.9691 0.1210
vn 0.6072 0.1814 0.7735
vn -0.2743 0.0284 0.9612
vn 0.3367 -0.7514 0.5674
vn 0.9906 -0.1365 0.0023
vn 0.9907 0.1360 0.0098
vn 0.3086 0.9265 0.2153
vn -0.2816 0.2965 0.9126
vn -0.1527 0.7885 0.5958
vn 0.1321 -0.1603 -0.9782
vn 0.0319 -0.0903 -0.9954
vn 0.1492 -0.5242 -0.8384
vn 0.2976 -0.6468 -0.7022
vn 0.9325 -0.3295 -0.1476
vn 0.9193 -0.3779 -0.1096
vn -0.0240 0.9992 -0.0330
vn -0.1681 0.0107 -0.9857
vn -0.3227 0.9388 -0.1203
vn 0.7369 0.6356 -0.2301
vn -0.0592 -0.8514 0.5212
vn -0.0815 -0.9471 0.3103
vn 0.6926 0.7176 -0.0734
vn 0.1326 -0.0936 -0.9867
vn 0.1535 -0.5297 -0.8342
vn -0.0606 -0.8488 0.5253
vn -0.0160 0.9954 -0.0950
vn 0.1349 -0.0936 -0.9864
vn 0.1341 -0.0936 -0.9865
vn 0.0259 -0.0981 -0.9948
vn 0.9609 -0.0473 -0.2727
vn 0.0162 0.8019 -0.5972
vn -0.8466 -0.0881 -0.5249
vn -0.9101 0.4018 -0.1012
vn 0.8778 0.4789 0.0090
vn 0.1372 -0.1559 0.9782
vn 0.4737 -0.0787 0.8771
vn 0.1520 -0.5259 0.8369
vn 0.4814 -0.4586 0.7469
vn 0.9316 -0.3292 0.1543
vn 0.8626 -0.4656 0.1978
vn -0.0271 0.9995 0.0185
vn -0.2741 0.1184 0.9544
vn -0.2718 0.9300 0.2473
vn 0.7369 0.6356 0.2301
vn -0.0592 -0.8514 -0.5212
vn -0.1975 -0.9530 -0.2298
vn 0.6921 0.7177 0.0770
vn 0.1347 -0.0907 0.9867
vn 0.1535 -0.5297 0.8342
vn -0.0606 -0.8488 -0.5253
vn -0.0196 0.9975 0.0680
vn 0.1352 -0.0907 0.9867
vn 0.1341 -0.0936 0.9865
vn 0.4674 -0.0791 0.8805
vn 0.9609 -0.0473 0.2727
vn 0.0162 0.8019 0.5973
vn -0.7989 -0.0729 0.5970
vn -0.8520 0.5143 0.0981
vn 0.9372 0.3464 -0.0413
vn 0.9820 0.1298 -0.1373
vn 0.7707 -0.2872 -0.5688
vn -0.3706 -0.9270 0.0572
vn 0.7816 -0.3189 0.5361
vn 0.8911 0.3830 0.2435
vn -0.3388 -0.8817 -0.3283
vn -0.8439 0.3415 -0.4138
vn 0.0796 0.9965 -0.0270
vn 0.1042 0.9945 -0.0103
vn 0.1185 0.9929 0.0043
vn 0.0944 0.9955 0.0102
vn -0.7792 0.3871 0.4929
vn 0.0985 -0.7606 0.6417
vn 0.1912 0.0121 0.9815
vn 0.3295 0.5920 0.7355
vn 0.3772 0.8747 0.3042
vn 0.3458 0.9018 -0.2591
vn 0.2784 0.5401 -0.7942
vn 0.2769 -0.1283 -0.9523
vn 0.3734 -0.6340 -0.6772
vn 0.3672 -0.8737 -0.3190
vn 0.2231 -0.9742 0.0339
vn 0.0388 -0.9456 0.3229
vn 0.4751 -0.7925 0.3824
vn 0.7945 -0.5775 0.1876
vn -0.7264 -0.6420 -0.2455
vn 0.7487 -0.3838 -0.5406
vn 0.4832 -0.3325 -0.8099
vn 0.0567 -0.4362 -0.8980
vn -0.3023 -0.6605 -0.6873
vn -0.2625 -0.5658 0.7816
vn 0.3297 -0.0723 0.9413
vn 0.6006 0.4209 0.6798
vn 0.6741 0.6896 0.2647
vn 0.5666 0.7724 -0.2870
vn 0.2463 0.5697 -0.7841
vn -0.2510 0.1261 -0.9597
vn -0.7827 -0.2774 -0.5571
vn -0.9988 -0.0476 -0.0124
vn -0.7775 -0.3790 0.5018
vn 0.3799 0.0025 -0.9250
vn 0.1785 0.5138 -0.8391
vn 0.1020 0.9433 -0.3158
vn 0.0889 0.9405 0.3281
vn 0.0481 0.5820 0.8118
vn 0.0486 0.0458 0.9978
vn 0.1890 -0.6568 0.7300
vn 0.6108 -0.7874 0.0829
vn 0.7694 -0.6022 -0.2129
vn 0.6642 -0.2088 -0.7178
vn 0.9342 -0.2689 0.2346
vn 0.5173 0.0210 0.8555
vn -0.3406 -0.3761 0.8617
vn -0.7379 -0.1124 0.6655
vn -0.9687 -0.0470 0.2438
vn -0.7581 0.2347 -0.6084
vn -0.9773 -0.0999 -0.1869
vn -0.1656 0.3642 -0.9165
vn 0.5990 -0.0803 -0.7967
vn 0.8972 -0.2912 -0.3319
vn 0.1163 0.1673 -0.9790
vn -0.8888 -0.2235 -0.4001
vn -0.7056 -0.0396 -0.7075
vn -0.8718 -0.4825 0.0853
vn -0.5290 -0.6112 0.5888
vn -0.4832 -0.5786 0.6571
vn 0.7365 -0.3351 0.5875
vn 0.9409 -0.0420 0.3360
vn 0.9576 0.1838 -0.2217
vn 0.6437 0.2651 -0.7179
vn 0.2683 0.2655 -0.9260
vn -0.9237 -0.2886 -0.2521
vn -0.6400 -0.0684 -0.7654
vn -0.8741 -0.4766 0.0937
vn -0.5493 -0.5641 0.6165
vn -0.4129 -0.5258 0.7437
vn 0.6630 -0.2453 0.7073
vn 0.9121 0.0706 0.4039
vn 0.9375 0.3003 -0.1757
vn 0.6272 0.3555 -0.6930
vn -0.0572 0.9816 0.1823
vn -0.2737 0.4622 0.8435
vn -0.3988 0.5372 0.7432
vn -0.5573 0.6023 0.5715
vn -0.4918 0.7932 0.3592
vn -0.5052 0.8569 0.1027
vn -0.4812 0.8645 -0.1453
vn -0.7265 0.6846 -0.0590
vn -0.3161 0.9091 0.2715
vn -0.0420 0.9639 0.2630
vn -0.1777 0.9830 0.0464
vn 0.0576 0.9974 0.0434
vn 0.1596 0.8857 0.4360
vn -0.1632 0.7551 0.6350
vn 0.8386 -0.5388 -0.0805
vn 0.4721 -0.8703 0.1405
vn 0.2934 -0.9524 -0.0827
vn 0.1737 -0.8440 -0.5074
vn 0.1413 -0.9165 -0.3742
vn 0.1708 -0.8663 -0.4694
vn 0.0074 -0.8985 -0.4390
vn 0.8481 0.0407 -0.5283
vn 0.6120 -0.4999 -0.6128
vn 0.7490 -0.5274 -0.4011
vn 0.2868 -0.4389 -0.8516
vn 0.9971 -0.0723 -0.0248
vn 0.2007 -0.7498 -0.6305
vn -0.3030 0.0932 -0.9484
vn -0.3095 0.0465 -0.9498
vn -0.3960 0.3535 -0.8475
vn -0.4104 0.9059 -0.1051
vn -0.2407 0.5990 0.7637
vn 0.0751 -0.2627 0.9619
vn 0.2049 -0.4285 0.8800
vn 0.2197 -0.4606 0.8600
vn 0.3722 -0.9249 -0.0780
vn 0.5934 0.5332 0.6030
vn 0.6432 -0.1587 0.7491
vn 0.1976 0.9053 -0.3761
vn 0.0500 0.2877 -0.9564
vn 0.3373 0.9292 0.1509
vn 0.6292 -0.2109 0.7481
vn 0.1334 0.2408 -0.9614
vn 0.8021 -0.5727 0.1692
vn 0.4670 -0.4588 -0.7559
vn -0.4566 0.6894 0.5623
vn -0.3193 -0.1459 0.9363
vn -0.2290 -0.5064 0.8313
vn -0.1658 -0.5217 0.8369
vn 0.1792 -0.9402 -0.2896
vn -0.6460 0.7318 0.2172
vn -0.9736 -0.0172 -0.2276
vn -0.8427 -0.2752 -0.4628
vn -0.8383 -0.2805 -0.4675
vn 0.0641 -0.8707 -0.4877
vn -0.7298 -0.2510 0.6360
vn -0.7003 -0.5444 0.4617
vn -0.6194 -0.4954 0.6090
vn -0.1657 0.9350 0.3137
vn -0.5882 0.1563 0.7935
vn 0.0499 -0.9668 0.2508
vn -0.8105 0.4363 -0.3908
vn -0.9729 -0.0377 -0.2280
vn -0.9189 -0.2786 -0.2792
vn -0.9159 -0.2483 -0.3155
vn -0.1426 -0.6642 -0.7338
vn -0.0748 -0.3897 0.9179
vn -0.5417 0.2494 -0.8027
vn -0.8809 -0.0614 -0.4693
vn -0.9136 -0.3771 0.1523
vn -0.5761 -0.4808 0.6610
vn 0.1018 0.3977 -0.9118
vn 0.6705 -0.2604 0.6947
vn 0.8879 0.0693 0.4548
vn 0.9140 0.3770 -0.1502
vn 0.5782 0.4807 -0.6592
vn -0.4578 0.8594 0.2276
vn -0.0565 -0.9358 -0.3479
vn -0.3764 0.7008 0.6060
vn -0.0335 -0.9544 -0.2965
vn -0.2108 0.8851 0.4149
vn 0.2167 -0.8798 -0.4231
vn -0.2960 0.8733 0.3869
vn 0.2965 -0.8735 -0.3861
vn -0.2268 0.9049 0.3601
vn 0.2354 -0.9045 -0.3556
vn -0.8955 -0.2182 -0.3879
vn -0.5349 -0.5046 0.6777
vn 0.2209 0.2005 -0.9545
vn 0.7456 -0.2280 0.6262
vn -0.1310 -0.1808 -0.9747
vn 0.4037 -0.5697 -0.7159
vn 0.3875 -0.5049 0.7713
vn 0.3777 0.2544 -0.8903
vn -0.0736 -0.3262 -0.9424
vn -0.7227 -0.1763 -0.6683
vn -0.1833 -0.5723 0.7993
vn 0.4183 -0.6407 0.6439
vn 0.8228 -0.1609 0.5451
vn 0.8798 0.3850 -0.2787
vn 0.1307 -0.6615 -0.7385
vn -0.8873 -0.3612 0.2866
vn -0.9471 0.0045 0.3210
vn -0.9386 -0.3187 0.1321
vn 0.3848 -0.9193 -0.0829
vn 0.8809 0.3829 -0.2781
vn -0.3260 0.3123 -0.8923
vn -0.9261 0.0874 -0.3671
vn -0.1264 -0.4049 0.9056
vn 0.2785 -0.1688 0.9455
vn 0.6414 0.0086 0.7672
vn 0.1219 0.4602 -0.8794
vn 0.8629 0.4808 -0.1557
vn 0.5547 0.1061 0.8252
vn 0.2295 -0.0387 0.9725
vn -0.2172 -0.1589 0.9631
vn -0.7339 0.2734 -0.6219
vn -0.3681 0.4339 -0.8223
vn 0.0648 0.5952 -0.8010
vn 0.4689 -0.7961 0.3826
vn -0.5048 0.8632 0.0112
vn 0.0692 -0.8996 0.4312
vn -0.8020 0.5891 0.0984
vn -0.1385 -0.9767 0.1640
vn -0.5526 0.1132 -0.8257
vn 0.1620 0.5308 -0.8318
vn 0.6902 -0.3698 -0.6221
vn -0.0244 -0.7874 -0.6160
vn 0.9745 -0.1642 -0.1529
vn 0.0322 -0.8921 0.4507
vn -0.8430 -0.4479 0.2980
vn -0.3835 -0.8405 -0.3826
vn -0.4419 -0.8944 -0.0684
vn -0.8481 -0.4766 -0.2314
vn -0.5741 0.8161 -0.0659
vn -0.8730 0.4771 0.1012
vn -0.9467 -0.0050 0.3221
vn 0.5925 0.7313 -0.3379
vn 0.8619 0.4003 -0.3114
vn -0.1541 0.9776 -0.1434
vn -0.9981 -0.0616 -0.0029
vn -0.9881 0.1506 0.0295
vn -0.8859 -0.4411 0.1435
vn -0.4597 -0.8658 0.1976
vn -0.3831 -0.9149 0.1271
vn 0.7088 -0.6929 0.1323
vn 0.9859 -0.1396 0.0919
vn 0.8844 0.4654 0.0361
vn 0.4470 0.8925 -0.0603
vn -0.0411 0.8814 -0.4706
vn -0.9779 -0.0845 -0.1913
vn -0.9455 0.1059 -0.3078
vn -0.8639 -0.4755 -0.1660
vn -0.4259 -0.9013 -0.0784
vn -0.3621 -0.9210 -0.1438
vn 0.8676 -0.4972 -0.0020
vn 0.9888 -0.1462 -0.0294
vn 0.8861 0.4467 -0.1237
vn 0.4567 0.8534 -0.2514
vn 0.3681 0.5538 0.7469
vn -0.2966 -0.6843 0.6662
vn -0.4534 -0.8721 0.1839
vn -0.5713 -0.1740 0.8021
vn -0.5576 -0.0427 0.8290
vn -0.7966 0.3575 0.4875
vn 0.5357 0.2426 0.8088
vn 0.4106 0.3942 0.8222
vn 0.2880 -0.4085 -0.8661
vn 0.8679 -0.1559 -0.4717
vn 0.7056 -0.0137 -0.7085
vn -0.7404 -0.0242 -0.6718
vn 0.2752 0.2042 -0.9395
vn -0.4876 0.2653 -0.8318
vn -0.5484 -0.1351 -0.8252
vn -0.1135 0.2997 -0.9472
vn -0.5465 0.8255 -0.1410
vn 0.3177 -0.8828 0.3460
vn 0.3430 -0.9303 0.1296
vn 0.3167 -0.5144 -0.7969
vn -0.5464 0.8362 -0.0471
vn 0.0023 0.1403 0.9901
vn 0.6817 0.4419 0.5830
vn 0.6519 0.4331 0.6225
vn -0.3397 -0.0344 0.9399
vn -0.8748 0.0058 0.4844
vn -0.7047 -0.5548 0.4422
vn -0.9737 0.0849 -0.2112
vn -0.9632 -0.1052 -0.2473
vn 0.0487 0.9501 -0.3080
vn 0.1745 0.9229 -0.3432
vn 0.0898 0.9375 -0.3361
vn -0.3590 -0.9301 -0.0776
vn 0.8356 -0.5493 0.0053
vn -0.3951 -0.9174 -0.0467
vn 0.7518 -0.6531 -0.0914
vn 0.8059 -0.5056 -0.3082
vn -0.3692 -0.2311 -0.9001
vn -0.7966 0.0505 0.6024
vn -0.2432 0.9058 -0.3469
vn 0.1710 0.2816 -0.9442
vn -0.8519 0.4371 -0.2886
vn -0.1419 0.9885 0.0529
vn 0.4877 -0.5909 0.6426
vn -0.1672 -0.9852 -0.0383
vn 0.6658 -0.3332 -0.6676
vn -0.1341 -0.6462 -0.7513
vn 0.6474 -0.7614 -0.0331
vn -0.4440 -0.7114 0.5447
vn -0.4191 0.8281 -0.3723
vn 0.3849 -0.9219 -0.0442
vn -0.4280 -0.0739 -0.9008
vn 0.3938 0.8482 -0.3542
vn -0.0382 -0.6348 0.7717
vn -0.3959 -0.8477 0.3530
vn 0.2406 -0.6626 -0.7093
vn -0.5221 -0.7410 0.4224
vn -0.1447 -0.3612 -0.9212
vn 0.1934 -0.8331 0.5181
vn 0.6137 0.5466 0.5698
vn 0.4187 -0.9073 0.0396
vn -0.9494 -0.2525 -0.1869
vn -0.6150 -0.5472 -0.5677
vn -0.4874 -0.1671 -0.8570
vn -0.1205 -0.6811 0.7222
vn 0.7024 -0.1287 0.7000
vn 0.3979 0.0139 0.9173
vn 0.4399 0.0651 0.8957
vn -0.4604 0.7471 0.4795
vn 0.0457 0.6208 -0.7827
vn -0.0090 0.5851 -0.8109
vn 0.4307 0.8748 -0.2220
vn -0.8412 0.4733 0.2615
vn -0.5802 0.8080 0.1024
vn -0.9005 -0.2975 0.3173
vn -0.8771 -0.4434 -0.1844
vn 0.0022 0.7241 -0.6897
vn -0.9943 -0.0200 0.1046
vn 0.7645 0.6339 -0.1171
vn 0.9722 0.1085 0.2076
vn -0.9772 -0.0804 -0.1965
vn -0.3837 0.8224 -0.4201
vn 0.4989 0.8313 -0.2449
vn -0.1064 -0.4777 0.8721
vn 0.9586 0.1756 -0.2242
vn -0.1887 0.9496 0.2503
vn -0.5171 0.6504 -0.5564
vn -0.7507 -0.6501 -0.1176
vn -0.7689 -0.5381 -0.3453
vn 0.0984 -0.6753 0.7310
vn 0.7639 0.5982 -0.2421
vn 0.9710 0.1734 -0.1644
vn -0.3920 0.9172 0.0714
vn -0.7886 -0.5761 0.2149
vn -0.9997 0.0218 -0.0106
vn 0.3042 -0.9105 0.2801
vn 0.3979 -0.9135 0.0847
vn 0.6406 -0.7524 -0.1536
vn 0.2712 -0.1632 -0.9486
vn -0.4064 0.8981 0.1681
vn 0.7070 -0.5389 0.4579
vn -0.1297 0.8277 0.5460
vn 0.7317 0.5987 -0.3258
vn 0.4308 -0.6953 -0.5753
vn -0.8119 -0.5192 0.2668
vn -0.9393 -0.0398 0.3408
vn -0.3242 0.8094 0.4896
vn 0.9287 0.2421 -0.2810
vn 0.2912 -0.9134 -0.2844
vn 0.9457 0.3206 -0.0537
vn 0.3823 -0.9005 0.2074
vn -0.8546 -0.1129 0.5069
vn 0.7666 0.3642 0.5289
vn 0.9925 0.0374 -0.1162
vn 0.9082 0.3972 -0.1323
vn 0.8668 0.4136 -0.2785
vn -0.8356 -0.4884 0.2514
vn -0.8963 -0.4418 0.0376
vn 0.9490 0.0829 -0.3040
vn 0.9771 0.1673 -0.1314
vn 0.9081 0.3499 0.2299
vn -0.9243 -0.2206 0.3113
vn -0.9527 -0.2818 0.1136
vn -0.5424 -0.3982 -0.7397
vn 0.1093 -0.9720 0.2078
vn -0.9948 0.0122 0.1012
vn -0.2662 0.8859 -0.3798
vn -0.4558 0.8778 0.1469
vn 0.8221 0.5609 0.0981
vn 0.8299 0.3175 -0.4587
vn 0.5602 -0.8184 -0.1284
vn -0.1590 0.6878 -0.7083
vn -0.4699 0.8825 -0.0170
vn 0.5904 0.2480 0.7681
vn 0.3279 0.2286 -0.9166
vn 0.5386 0.4176 0.7318
vn 0.3380 0.3011 -0.8917
vn 0.3116 0.9486 -0.0548
vn 0.5778 0.2828 0.7656
vn 0.3767 -0.8746 0.3053
vn 0.3795 -0.0879 -0.9210
vn 0.4155 0.5837 0.6976
vn -0.2657 0.2458 -0.9322
vn -0.1589 0.0264 -0.9869
vn -0.1013 -0.1688 -0.9804
vn -0.4750 0.4615 -0.7493
vn -0.8313 0.1400 -0.5379
vn 0.1757 -0.2837 -0.9427
vn 0.3998 0.7011 0.5904
vn -0.8453 0.1144 0.5219
vn 0.6554 0.1430 0.7416
vn -0.6649 -0.5109 0.5449
vn -0.0557 0.5997 0.7983
vn 0.2120 -0.2606 0.9419
vn 0.5565 0.8308 0.0067
vn -0.9969 0.0743 0.0246
vn 0.9727 0.0488 0.2267
vn -0.6952 -0.6971 0.1755
vn -0.4881 0.8727 -0.0132
vn 0.3330 -0.8719 0.3590
vn -0.9768 -0.2135 -0.0167
vn -0.9986 -0.0528 0.0070
vn 0.9999 -0.0125 -0.0012
vn -0.8207 0.5682 0.0594
vn 0.7896 0.6137 -0.0006
vn -0.6265 -0.7771 -0.0608
vn -0.5508 0.0668 0.8320
vn 0.2027 0.9751 0.0905
vn 0.4247 0.2947 -0.8560
vn 0.5937 -0.7977 0.1057
vn -0.6399 -0.0316 -0.7678
vn -0.2014 0.9742 0.1018
vn 0.5443 0.0752 0.8355
vn -0.9042 -0.2300 0.3600
vn 0.9441 -0.2819 0.1710
vn 0.8846 0.4592 -0.0817
vn -0.8819 0.4712 -0.0164
vn 0.9399 0.3363 -0.0598
vn 0.5177 -0.8344 0.1891
vn 0.4569 0.1726 -0.8726
vn -0.2513 0.4810 0.8400
vn -0.4663 -0.8841 0.0308
vn 0.4862 -0.1412 0.8624
vn -0.3847 -0.0969 -0.9179
vn 0.9804 -0.1685 0.1022
vn -0.9740 -0.2211 0.0501
vn 0.2679 -0.3026 -0.9147
vn 0.2710 0.0258 0.9622
vn -0.7852 -0.6168 0.0548
vn 0.2713 -0.2938 -0.9165
vn 0.1965 0.2366 0.9515
vn 0.3409 0.0651 -0.9378
vn -0.9719 0.2190 -0.0863
vn 0.0480 0.3624 0.9308
vn -0.7904 0.3498 0.5029
vn -0.6378 0.2588 -0.7254
vn 0.3655 0.9251 0.1028
vn 0.3303 0.9122 0.2424
vn 0.3786 0.9229 -0.0703
vn 0.7029 0.7055 0.0901
vn 0.2925 0.9525 0.0842
vn 0.3639 0.9217 -0.1343
vn 0.2259 0.9687 0.1031
vn 0.3064 0.9282 0.2111
vn 0.2103 0.9660 0.1504
vn 0.6908 0.5093 -0.5132
vn 0.1126 0.6845 0.7203
vn 0.5579 0.8150 0.1562
vn 0.1119 0.8750 0.4710
vn -0.1657 -0.7013 0.6934
vn 0.0688 0.9974 0.0234
vn 0.0906 0.9936 -0.0673
vn 0.0877 0.9952 0.0441
vn 0.1803 0.5791 -0.7951
vn -0.4239 0.7483 0.5103
vn 0.3002 0.9401 0.1615
vn -0.4020 0.8268 -0.3935
vn -0.4930 0.7673 -0.4100
vn -0.5719 0.8008 -0.1778
vn -0.6168 0.7796 0.1087
vn -0.5309 0.6085 0.5898
vn -0.5253 0.6185 0.5844
vn 0.3980 0.9042 -0.1552
vn 0.0645 0.9922 -0.1071
vn 0.4141 0.8994 -0.1400
vn 0.1552 0.9356 -0.3171
vn -0.3377 0.6683 -0.6628
vn 0.3120 0.9214 0.2318
vn 0.3253 0.9398 0.1049
vn 0.0896 0.9895 0.1133
vn 0.7090 -0.6794 0.1891
vn 0.6523 -0.6836 0.3275
vn 0.7239 -0.6897 0.0165
vn 0.7053 -0.6798 0.2009
vn 0.6467 -0.7324 0.2128
vn 0.6645 -0.6719 0.3271
vn 0.5994 -0.7758 0.1970
vn 0.6540 -0.6951 0.2985
vn 0.5864 -0.7726 0.2434
vn 0.8496 -0.2325 -0.4733
vn 0.3665 -0.5009 0.7841
vn 0.8385 -0.4954 0.2267
vn 0.3654 -0.7357 0.5703
vn -0.4528 0.6396 0.6212
vn 0.4631 -0.8780 0.1214
vn 0.4899 -0.8712 0.0331
vn 0.5804 -0.7992 0.1565
vn 0.2004 -0.7063 -0.6790
vn -0.0926 -0.7995 0.5935
vn 0.6543 -0.7136 0.2505
vn -0.0567 -0.9516 -0.3020
vn -0.1245 -0.9390 -0.3206
vn -0.1910 -0.9782 -0.0820
vn -0.2469 -0.9478 0.2017
vn -0.2490 -0.7082 0.6606
vn -0.2396 -0.7155 0.6562
vn 0.7358 -0.6736 -0.0703
vn 0.4663 -0.8846 -0.0061
vn 0.7482 -0.6611 -0.0560
vn 0.5306 -0.8178 -0.2227
vn -0.0207 -0.8121 -0.5832
vn 0.6853 -0.6915 0.2284
vn 0.4833 -0.8494 0.2122
vn 0.9584 -0.2790 0.0600
vn -0.2061 0.9736 -0.0979
vn 0.8626 -0.2746 0.4250
vn -0.2236 0.9568 0.1858
vn 0.8142 0.5797 -0.0336
vn 0.1300 0.0020 -0.9915
vn -0.9939 0.0520 -0.0972
vn 0.8078 0.5151 0.2867
vn -0.9961 0.0680 0.0555
vn -0.1348 0.0229 0.9906
vn -0.1323 0.0241 0.9909
vn 0.6984 0.7156 0.0117
vn 0.6509 0.7100 0.2686
vn -0.9599 0.1994 -0.1970
vn -0.9811 0.1858 0.0537
vn 0.5292 0.8484 -0.0100
vn -0.9705 -0.1988 -0.1364
vn 0.9746 0.2199 0.0422
vn -0.7659 0.6272 -0.1415
vn 0.5430 0.7992 0.2577
vn 0.9624 0.2150 0.1659
vn -0.9622 -0.2173 -0.1643
vn -0.7721 0.6325 0.0624
vn -0.7411 -0.6552 0.1468
vn -0.7288 -0.6791 -0.0876
vn 0.1506 0.6870 -0.7109
vn 0.2280 0.6624 -0.7136
vn -0.4094 -0.1362 -0.9022
vn -0.2573 0.6119 -0.7479
vn -0.7914 0.0420 -0.6098
vn -0.0810 0.7295 -0.6792
vn 0.8284 0.4115 -0.3799
vn -0.1370 0.0234 0.9903
vn -0.1905 0.9427 -0.2740
vn -0.5017 0.8585 -0.1058
vn 0.3321 0.9393 -0.0860
vn 0.1354 -0.0239 -0.9905
vn 0.2411 -0.0029 -0.9705
vn 0.1354 -0.0242 -0.9905
vn -0.1839 0.5812 -0.7927
vn 0.4153 0.7763 -0.4742
vn 0.0425 0.0420 -0.9982
vn -0.9978 0.0568 -0.0329
vn 0.8475 0.5293 0.0397
vn -0.2411 0.9477 0.2091
vn 0.9895 -0.0413 -0.1383
vn -0.8585 -0.4545 -0.2377
vn -0.9880 -0.0796 -0.1321
vn 0.8925 0.4510 0.0088
vn 0.1504 -0.8875 0.4355
vn 0.2153 -0.9754 0.0465
vn 0.0926 -0.8488 0.5205
vn 0.3417 -0.7483 0.5686
vn 0.3305 -0.9431 0.0365
vn 0.0754 -0.9970 0.0185
vn 0.8654 -0.2695 0.4224
vn -0.8223 -0.5573 0.1155
vn -0.8096 -0.5867 -0.0192
vn 0.9465 -0.3007 0.1167
vn -0.0941 0.0305 0.9951
vn -0.0500 0.1771 0.9829
vn -0.0347 -0.4077 0.9125
vn -0.2959 0.0125 0.9552
vn 0.2039 -0.1304 -0.9703
vn 0.0988 -0.1534 -0.9832
vn 0.0555 0.3069 -0.9501
vn 0.4811 -0.7126 0.5106
vn 0.0633 -0.8509 0.5214
vn 0.1339 -0.9904 0.0344
vn 0.2774 -0.9598 0.0420
vn 0.2157 -0.9756 0.0420
vn -0.7805 -0.6193 0.0848
vn 0.9310 -0.1734 0.3212
vn 0.9751 -0.2206 0.0246
vn -0.8079 -0.5841 -0.0781
vn 0.5223 -0.8526 -0.0146
vn -0.7295 -0.6249 -0.2780
vn 0.2343 -0.9606 -0.1497
vn 0.9678 -0.2343 -0.0923
vn 0.0916 -0.9892 -0.1146
vn -0.7664 -0.6421 0.0189
vn 0.3631 -0.9233 -0.1256
vn 0.9526 -0.2756 -0.1288
vn 0.9656 0.2326 -0.1164
vn 0.7436 0.6510 -0.1524
vn 0.4509 0.8746 -0.1784
vn 0.8769 0.4593 -0.1417
vn -0.2930 0.9229 -0.2497
vn -0.9915 0.1148 -0.0614
vn -0.1956 0.9613 -0.1941
vn 0.8250 0.5559 0.1015
vn -0.0641 0.9716 -0.2278
vn -0.9714 0.0296 -0.2355
vn -0.7192 0.6389 -0.2730
vn -0.9192 0.2168 -0.3287
vn -0.9371 -0.1669 -0.3065
vn -0.6941 -0.6533 -0.3024
vn 0.0852 -0.9844 -0.1541
vn 0.3058 0.3486 0.8860
vn 0.1028 -0.9071 0.4081
vn 0.8583 -0.1539 0.4895
vn -0.1980 0.9564 -0.2144
vn 0.1981 -0.9565 0.2141
vn 0.2288 -0.9470 0.2257
vn 0.2012 -0.9616 0.1868
vn -0.7450 0.5426 -0.3879
vn 0.6337 0.7652 -0.1137
vn 0.7154 0.0107 -0.6987
vn 0.5225 0.6352 -0.5688
vn -0.0134 0.8721 -0.4892
vn 0.2196 0.8871 -0.4061
vn 0.5197 0.7392 -0.4283
vn 0.0548 0.8097 -0.5842
vn 0.8036 -0.1369 -0.5792
vn 0.9635 -0.0802 -0.2555
vn 0.0587 -0.3017 -0.9516
vn -0.9426 -0.0604 -0.3284
vn 0.8837 0.4244 -0.1972
vn 0.9909 -0.0418 -0.1282
vn 0.7129 0.4764 -0.5145
vn 0.6464 -0.1868 -0.7398
vn 0.0873 -0.1511 -0.9847
vn 0.0377 0.9093 -0.4144
vn -0.0910 0.1322 -0.9870
vn -0.1034 0.8919 -0.4402
vn 0.9874 -0.1190 -0.1041
vn 0.8123 -0.5336 0.2356
vn 0.8986 -0.0819 0.4310
vn 0.8311 0.5450 0.1112
vn 0.9536 -0.2375 -0.1850
vn 0.9643 -0.2235 -0.1422
vn -0.0549 0.9549 0.2918
vn 0.8371 0.1866 0.5143
vn 0.4520 -0.4187 0.7877
vn 0.4891 -0.1425 0.8605
vn 0.3560 -0.5731 0.7381
vn 0.2339 -0.3352 0.9127
vn 0.0193 0.9574 0.2881
vn 0.1918 0.3964 0.8978
vn 0.3872 -0.3540 0.8513
vn 0.1699 -0.5935 0.7867
vn -0.0700 -0.1690 0.9831
vn 0.2312 -0.3293 0.9155
vn 0.4508 -0.7058 0.5465
vn 0.6109 0.0269 -0.7912
vn 0.6809 -0.0508 -0.7306
vn 0.4593 -0.1778 -0.8703
vn 0.4385 -0.1108 -0.8919
vn 0.9686 -0.1190 -0.2184
vn 0.4437 0.8303 -0.3374
vn -0.6894 0.0286 -0.7238
vn -0.1646 -0.6853 -0.7094
vn -0.9210 -0.0445 0.3870
vn 0.0775 0.0016 0.9970
vn -0.1044 0.0206 -0.9943
vn 0.0171 0.9681 0.2500
vn 0.0293 0.9431 0.3312
vn -0.4485 0.8577 -0.2515
vn -0.1420 0.8741 -0.4646
vn -0.4716 0.8382 0.2741
vn 0.0206 0.9415 0.3363
vn 0.0220 0.9418 0.3353
vn 0.8434 0.3037 -0.4432
vn -0.0881 0.0374 -0.9954
vn 0.9805 0.1853 -0.0657
vn 0.9377 -0.0212 0.3467
vn 0.9477 -0.0515 0.3151
vn 0.9892 0.1206 -0.0828
vn 0.9271 0.2000 -0.3170
vn -0.1028 0.1911 -0.9762
vn -0.0420 -0.9323 0.3592
vn 0.1539 0.0834 -0.9846
vn -0.2801 -0.3188 -0.9055
vn 0.0820 -0.0959 -0.9920
vn 0.1404 -0.0956 -0.9855
vn -0.9966 0.0174 -0.0806
vn 0.9445 0.1066 -0.3107
vn 0.9911 -0.0306 -0.1295
vn 0.8283 -0.4252 0.3648
vn 0.2177 -0.6342 0.7419
vn 0.3141 -0.3836 0.8685
vn 0.2149 -0.4696 0.8563
vn 0.2375 -0.1596 0.9582
vn 0.2386 -0.9042 0.3542
vn 0.9255 -0.0636 0.3733
vn -0.0658 0.1136 0.9913
vn -0.8300 -0.0137 -0.5575
vn -0.6350 0.6171 -0.4648
vn -0.1156 0.8664 -0.4858
vn -0.1187 0.9028 -0.4134
vn -0.2516 0.8938 -0.3713
vn 0.0546 0.7940 -0.6055
vn -0.7543 -0.1666 -0.6350
vn -0.9605 -0.0115 -0.2782
vn 0.0608 -0.3000 -0.9520
vn 0.9833 -0.0154 -0.1811
vn -0.8335 0.4559 -0.3121
vn -0.9654 -0.0046 -0.2607
vn -0.7517 0.5432 -0.3740
vn -0.7470 -0.1220 -0.6535
vn 0.0408 -0.1496 -0.9879
vn 0.0925 0.9117 -0.4003
vn -0.0618 0.1359 -0.9888
vn -0.0549 0.8945 -0.4436
vn -0.9947 0.0780 0.0664
vn -0.9520 0.1604 0.2605
vn -0.9510 -0.0461 0.3058
vn -0.7912 0.5389 0.2891
vn -0.9805 -0.1962 0.0102
vn -0.9961 -0.0842 0.0270
vn 0.0914 0.9572 0.2744
vn -0.7181 0.1444 0.6808
vn -0.5653 -0.4223 0.7086
vn -0.6056 -0.1218 0.7864
vn -0.4280 -0.7029 0.5681
vn -0.0009 -0.2340 0.9722
vn 0.0229 0.9662 0.2567
vn -0.0158 0.3909 0.9203
vn -0.3098 -0.2946 0.9040
vn -0.3166 -0.4338 0.8435
vn -0.0697 -0.1692 0.9831
vn -0.0348 -0.3381 0.9405
vn -0.2666 -0.5595 0.7848
vn -0.7643 0.0623 -0.6418
vn -0.7511 0.0932 -0.6535
vn -0.6016 -0.1024 -0.7922
vn -0.5680 -0.0865 -0.8185
vn -0.9966 -0.0439 -0.0692
vn -0.3617 0.8990 -0.2469
vn 0.5571 -0.0031 -0.8304
vn 0.0330 -0.7054 -0.7080
vn 0.9846 -0.0002 0.1751
vn 0.1254 -0.0231 0.9918
vn 0.7060 0.0157 -0.7081
vn -0.1013 0.0206 -0.9946
vn 0.0249 0.9531 0.3015
vn 0.0189 0.9680 0.2501
vn 0.0249 0.9431 0.3315
vn 0.3593 0.8651 -0.3501
vn -0.0555 0.8603 -0.5067
vn 0.0201 0.9415 0.3363
vn 0.0202 0.9415 0.3365
vn 0.0186 0.9418 0.3357
vn -0.9328 0.2852 -0.2203
vn -0.1066 0.0382 -0.9936
vn -0.9741 0.1744 0.1438
vn -0.8432 -0.0304 0.5367
vn -0.8632 -0.1127 0.4921
vn -0.9921 0.0519 0.1138
vn -0.9909 0.1155 -0.0689
vn -0.1028 0.1917 -0.9761
vn -0.0420 -0.9327 0.3583
vn 0.0751 0.0042 -0.9972
vn 0.0422 -0.1080 -0.9933
vn -0.0098 -0.0920 -0.9957
vn -0.9886 0.0054 -0.1504
vn -0.9909 -0.1104 0.0772
vn -0.7211 -0.4690 0.5099
vn -0.0332 -0.6386 0.7688
vn -0.0976 -0.3468 0.9329
vn -0.3026 -0.6718 0.6761
vn -0.4048 -0.1541 0.9013
vn -0.2403 -0.8924 0.3821
vn -0.9691 -0.0276 0.2450
vn -0.2960 0.2563 0.9201
vn -0.7599 -0.1103 0.6406
vn -0.7915 -0.0847 0.6053
vn -0.0567 -0.9414 -0.3326
vn 0.5852 -0.6413 0.4963
vn 0.7013 -0.1123 0.7040
vn -0.0584 -0.9441 -0.3245
vn 0.6778 -0.6757 0.2899
vn -0.8104 -0.4469 0.3788
vn 0.9546 -0.2326 -0.1862
vn 0.9564 -0.2401 -0.1664
vn 0.9627 -0.2130 -0.1666
vn 0.9648 -0.2140 -0.1531
vn 0.9721 -0.1948 -0.1307
vn 0.9712 -0.1800 -0.1561
vn -0.9833 -0.1814 -0.0125
vn -0.9832 -0.1792 0.0346
vn -0.9771 -0.2118 0.0181
vn -0.9958 -0.0842 0.0357
vn -0.9979 -0.0530 0.0377
vn -0.9940 -0.0654 0.0877
vn -0.3900 0.6568 -0.6454
vn 0.7982 0.2872 -0.5296
vn 0.8241 -0.0690 -0.5623
vn 0.0890 -0.1716 -0.9811
vn -0.5615 -0.0470 -0.8261
vn 0.4798 0.8771 -0.0230
vn 0.1170 0.9871 -0.1097
vn 0.0457 0.9914 -0.1224
vn -0.4521 0.8738 -0.1788
vn -0.9134 0.4062 -0.0262
vn -0.9989 -0.0169 -0.0447
vn 0.9984 0.0557 0.0103
vn 0.9035 0.4284 -0.0096
vn -0.1732 0.9303 -0.3232
vn -0.2252 0.9734 0.0430
vn 0.1860 -0.9445 0.2708
vn 0.2262 -0.9718 -0.0671
vn -0.8369 -0.5474 -0.0050
vn 0.9654 -0.1548 0.2098
vn -0.0424 -0.3146 0.9483
vn 0.9564 -0.2921 0.0037
vn -0.5935 -0.7818 -0.1911
vn 0.2411 -0.6059 -0.7581
vn 0.7660 -0.4759 -0.4320
vn -0.2164 0.9756 -0.0371
vn -0.3532 -0.8022 -0.4814
vn 0.2188 -0.9757 0.0146
vn -0.2162 0.9751 -0.0492
vn 0.2235 -0.9727 0.0632
vn -0.0806 -0.7805 0.6200
vn -0.0394 -0.1785 0.9831
vn 0.1190 0.8986 -0.4223
vn 0.0544 0.2290 -0.9719
vn -0.0049 -0.4282 -0.9037
vn -0.9202 -0.2531 0.2988
vn 0.8272 -0.5068 0.2425
vn 0.0333 -0.3530 -0.9350
vn -0.8743 -0.0833 0.4782
vn 0.8995 -0.2991 0.3184
vn -0.9183 0.1477 0.3673
vn 0.0479 0.5296 -0.8469
vn 0.9232 0.1379 0.3588
vn -0.5316 -0.4004 -0.7464
vn 0.1433 0.8644 -0.4820
vn 0.0538 0.5965 -0.8008
vn 0.0908 0.8631 -0.4968
vn 0.1523 0.6788 -0.7184
vn -0.2787 0.4292 0.8592
vn 0.9524 -0.2359 -0.1934
vn -0.9658 0.2586 -0.0160
vn 0.2178 0.2190 -0.9511
vn 0.5564 -0.3841 -0.7368
vn -0.5620 0.3525 0.7483
vn -0.8295 0.2893 0.4778
vn 0.8141 -0.4105 -0.4108
vn -0.2330 -0.0466 0.9714
vn -0.2611 0.0688 0.9628
vn -0.2790 0.2385 0.9302
vn 0.2918 0.0826 -0.9529
vn 0.0288 0.9745 -0.2226
vn 0.0574 0.7068 -0.7051
vn 0.0385 0.2100 -0.9769
vn -0.0126 0.9101 -0.4143
vn -0.1375 -0.1517 -0.9788
vn -0.1217 -0.1192 -0.9854
vn -0.1561 -0.2165 -0.9637
vn -0.2351 -0.4827 -0.8436
vn -0.9928 0.0653 0.1002
vn -0.7087 0.2106 -0.6733
vn -0.6580 -0.1511 -0.7377
vn -0.2713 -0.5274 -0.8051
vn 0.2622 0.7795 -0.5689
vn 0.3503 0.7416 -0.5721
vn 0.3040 0.7780 -0.5498
vn 0.1335 0.8584 -0.4953
vn -0.4826 -0.0550 0.8741
vn -0.6473 0.1906 0.7381
vn -0.6036 0.2080 0.7697
vn -0.7879 0.2081 0.5796
vn -0.2243 0.3434 -0.9120
vn 0.0960 0.9706 -0.2207
vn 0.3580 0.5330 -0.7667
vn -0.1893 0.9419 -0.2775
vn 0.7914 0.1832 -0.5832
vn -0.4332 0.7617 -0.4817
vn 0.3601 0.6942 -0.6233
vn -0.1522 0.7853 -0.6001
vn -0.4134 0.7013 -0.5808
vn 0.6426 0.7306 0.2309
vn 0.2859 0.3264 -0.9010
vn 0.5755 0.7498 0.3264
vn 0.6887 0.5147 -0.5107
vn 0.2727 0.9564 -0.1043
vn 0.7149 0.6238 -0.3160
vn 0.0242 0.9986 -0.0480
vn 0.8140 0.4690 -0.3426
vn -0.4766 0.8613 -0.1764
vn -0.1117 0.3878 -0.9149
vn 0.7251 0.5777 -0.3749
vn 0.2489 -0.4455 -0.8600
vn 0.5934 0.5936 0.5436
vn 0.6266 -0.1212 -0.7698
vn 0.2401 0.9145 0.3255
vn 0.8377 0.0391 -0.5447
vn -0.0844 0.9904 0.1095
vn 0.9827 0.0693 -0.1715
vn -0.4523 0.8918 0.0113
vn -0.2605 -0.1646 -0.9513
vn 0.9449 0.2371 0.2256
vn 0.8868 0.4170 -0.1991
vn 0.8289 0.5561 -0.0612
vn 0.6599 0.7500 0.0455
vn 0.2641 0.9584 0.1081
vn 0.5995 0.0592 -0.7982
vn 0.6642 0.2821 -0.6923
vn 0.8655 0.3191 -0.3862
vn -0.0702 0.7595 -0.6467
vn 0.1148 0.6645 -0.7384
vn 0.2105 0.7057 -0.6766
vn 0.0694 0.7439 -0.6646
vn 0.1161 0.9578 -0.2629
vn 0.0133 0.9403 -0.3401
vn -0.0700 0.8598 -0.5059
vn 0.5426 0.6380 -0.5463
vn 0.6718 0.5563 -0.4890
vn 0.5027 0.7604 -0.4112
vn 0.1662 0.9292 -0.3301
vn 0.3333 0.5754 -0.7469
vn 0.5177 0.6546 -0.5510
vn 0.5078 0.6611 -0.5523
vn 0.8316 0.4492 -0.3265
vn 0.7644 0.6165 -0.1886
vn 0.6372 0.7706 0.0148
vn 0.1950 0.9796 -0.0493
vn 0.4888 0.1450 -0.8602
vn 0.6930 0.3205 -0.6458
vn 0.8221 0.3500 -0.4491
vn 0.0407 0.6740 -0.7376
vn 0.0218 0.6128 -0.7899
vn 0.0379 0.5344 -0.8443
vn 0.0235 0.5503 -0.8346
vn 0.0653 0.9166 -0.3944
vn 0.1354 0.8368 -0.5305
vn 0.0853 0.7381 -0.6692
vn 0.0098 -0.9932 0.1158
vn -0.8964 -0.1289 0.4241
vn -0.2553 -0.9603 0.1124
vn 0.4976 -0.7867 -0.3655
vn -0.7793 -0.0252 -0.6261
vn -0.7815 -0.0122 -0.6237
vn -0.3714 0.2447 -0.8956
vn -0.4073 0.5229 -0.7488
vn -0.1559 0.9662 -0.2054
vn -0.1182 0.7029 -0.7014
vn -0.9797 -0.1418 -0.1420
vn -0.8702 -0.1056 -0.4812
vn 0.0095 -0.3958 0.9183
vn -0.6698 -0.2939 0.6819
vn -0.9724 0.0843 0.2174
vn -0.9273 -0.2498 -0.2786
vn -0.3758 0.1909 -0.9068
vn -0.8793 -0.4519 -0.1504
vn 0.3805 -0.2614 0.8871
vn -0.0857 -0.8448 -0.5282
vn 0.1538 -0.9025 0.4023
vn 0.2825 -0.8083 0.5166
vn -0.7713 -0.2834 -0.5699
vn 0.0774 -0.3238 0.9430
vn -0.1157 -0.4935 0.8620
vn -0.7241 -0.6738 0.1472
vn -0.4512 -0.7349 0.5064
vn -0.7545 -0.2331 0.6135
vn -0.9457 0.3177 0.0694
vn -0.9956 0.0820 -0.0448
vn -0.9883 -0.1361 0.0686
vn -0.9572 -0.2639 0.1186
vn 0.1376 0.8579 -0.4951
vn 0.3499 0.7423 -0.5714
vn 0.3362 0.7678 -0.5453
vn 0.2344 0.8245 -0.5150
vn 0.3451 0.7674 -0.5403
vn 0.2501 0.5524 -0.7952
vn 0.1440 0.8571 -0.4946
vn 0.3074 0.7757 -0.5512
vn 0.3497 0.7428 -0.5709
vn 0.3372 0.7660 -0.5472
vn 0.3242 0.7909 -0.5190
vn 0.2909 0.7947 -0.5327
vn 0.2881 0.8343 -0.4701
vn 0.1665 0.8404 -0.5158
vn 0.0962 0.7273 -0.6796
vn -0.7610 -0.5633 0.3218
vn -0.7421 -0.6324 0.2220
vn -0.0163 -0.1658 -0.9860
vn 0.3909 0.7648 -0.5121
vn -0.6958 -0.1702 -0.6978
vn -0.6800 -0.2384 -0.6933
vn -0.1200 -0.6802 -0.7232
vn -0.1253 -0.6208 -0.7739
vn -0.4641 -0.5038 -0.7285
vn -0.3074 -0.9058 0.2917
vn 0.0054 -0.9961 0.0880
vn -0.1142 -0.6985 -0.7065
vn -0.1559 -0.2057 -0.9661
vn -0.1378 -0.1790 -0.9742
vn -0.9745 -0.0395 -0.2207
vn 0.8569 -0.0980 -0.5061
vn -0.9503 -0.2953 0.0988
vn 0.9365 -0.3257 -0.1301
vn -0.9583 -0.2800 -0.0577
vn 0.9073 -0.1358 -0.3979
vn -0.6389 -0.2257 -0.7354
vn 0.3127 0.7779 -0.5451
vn -0.5340 -0.1436 -0.8332
vn -0.6236 -0.1906 -0.7581
vn 0.5862 -0.5880 -0.5574
vn -0.0459 0.4243 -0.9044
vn -0.8992 0.4366 -0.0293
vn -0.5748 0.8088 0.1243
vn -0.4632 0.0930 -0.8814
vn 0.7717 -0.1015 -0.6279
vn 0.1436 0.4577 0.8775
vn 0.1348 0.4565 0.8794
vn -0.3281 -0.2964 0.8969
vn -0.8325 -0.4951 -0.2486
vn -0.8161 -0.3949 0.4219
vn -0.8425 -0.4916 -0.2202
vn -0.8333 -0.4649 0.2992
vn -0.5224 -0.3334 -0.7848
vn 0.0246 -0.2920 -0.9561
vn -0.2149 0.0725 0.9739
vn -0.9981 -0.0562 -0.0233
vn -0.9242 0.0304 0.3807
vn -0.1725 -0.5458 0.8200
vn -0.8278 0.4294 -0.3612
vn -0.9502 -0.0244 -0.3107
vn -0.4121 0.1368 -0.9008
vn -0.9892 -0.1417 -0.0368
vn -0.8325 -0.2368 -0.5008
vn 0.0787 -0.5202 -0.8504
vn 0.8560 -0.0000 -0.5169
vn 0.3560 -0.2608 -0.8973
vn 0.8500 0.2718 -0.4513
vn -0.9538 -0.2668 0.1385
vn 0.4338 0.0361 -0.9003
vn -0.7900 -0.1535 0.5936
vn -0.9231 -0.2177 0.3170
vn -0.9933 -0.1004 -0.0575
vn -0.9230 -0.2589 -0.2848
vn -0.1578 -0.9869 -0.0322
vn -0.2547 0.9573 -0.1366
vn -0.1711 -0.9792 0.1095
vn -0.2211 0.9642 0.1467
vn -0.9279 -0.0012 0.3728
vn -0.5502 0.2237 0.8045
vn -0.5415 -0.2579 0.8002
vn -0.9117 -0.3416 0.2282
vn -0.8559 0.4255 0.2941
vn -0.8071 0.5058 -0.3044
vn -0.9882 -0.1311 -0.0787
vn -0.4292 -0.2285 -0.8738
vn -0.9287 -0.1124 -0.3535
vn -0.8273 0.4797 -0.2923
vn -0.7392 0.6706 -0.0629
vn -0.7597 -0.6466 0.0693
vn -0.7399 -0.5448 0.3946
vn -0.7787 0.5858 0.2247
vn -0.7304 0.2505 0.6354
vn -0.0264 0.6983 -0.7153
vn 0.1845 0.6715 -0.7177
vn 0.1871 0.6438 -0.7420
vn 0.1322 0.7002 -0.7016
vn 0.2007 0.7602 -0.6179
vn 0.2327 0.7716 -0.5921
vn 0.2007 0.7120 -0.6729
vn 0.7811 -0.1172 0.6133
vn -0.0726 -0.9068 0.4154
vn -0.0303 -0.9893 0.1429
vn -0.4597 -0.1635 0.8729
vn -0.1697 -0.2231 0.9599
vn -0.6460 0.1243 0.7532
vn -0.7750 -0.1495 -0.6140
vn -0.7774 -0.0865 -0.6230
vn -0.5130 -0.0133 0.8583
vn -0.5437 0.0730 0.8361
vn -0.5000 -0.8194 0.2804
vn -0.9505 -0.0384 -0.3084
vn -0.4492 0.8347 0.3187
vn -0.2753 0.2387 0.9312
vn -0.6059 0.1954 0.7711
vn -0.7760 -0.1108 0.6210
vn -0.5556 -0.0715 0.8284
vn -0.2771 0.0481 0.9596
vn -0.5167 -0.6664 0.5375
vn -0.1693 0.9855 -0.0100
vn 0.6350 0.3030 0.7106
vn -0.2165 0.9686 0.1225
vn -0.3626 -0.6819 0.6353
vn -0.0954 0.9776 0.1877
vn -0.1901 -0.6073 0.7714
vn -0.6015 0.1928 0.7752
vn -0.6035 0.1706 0.7789
vn -0.5966 0.1821 0.7816
vn -0.6056 0.2298 0.7619
vn -0.6047 0.2134 0.7674
vn -0.6058 0.1984 0.7705
vn -0.4093 -0.6264 0.6633
vn -0.6380 0.1740 0.7501
vn -0.2152 0.9691 0.1210
vn -0.6059 0.1673 0.7777
vn 0.3401 -0.0060 0.9404
vn -0.3301 -0.7644 0.5539
vn -0.9906 -0.1365 0.0023
vn -0.9765 0.1466 -0.1578
vn -0.3055 0.9283 0.2121
vn 0.2816 0.2965 0.9126
vn 0.1527 0.7885 0.5958
vn -0.1372 -0.1559 -0.9782
vn -0.0272 -0.0980 -0.9948
vn -0.1521 -0.5259 -0.8369
vn -0.1183 -0.5270 -0.8416
vn -0.9325 -0.3295 -0.1476
vn -0.8633 -0.4676 -0.1899
vn 0.0173 0.9995 -0.0267
vn 0.2653 0.1256 -0.9559
vn 0.3227 0.9388 -0.1203
vn -0.7369 0.6356 -0.2301
vn 0.0592 -0.8514 0.5212
vn 0.0815 -0.9471 0.3103
vn -0.6926 0.7176 -0.0734
vn -0.1347 -0.0907 -0.9867
vn -0.1535 -0.5297 -0.8342
vn 0.0606 -0.8488 0.5253
vn 0.0164 0.9953 -0.0958
vn -0.1352 -0.0907 -0.9867
vn -0.1341 -0.0936 -0.9865
vn -0.0259 -0.0981 -0.9948
vn -0.9609 -0.0473 -0.2727
vn 0.7989 -0.0729 -0.5970
vn 0.9101 0.4018 -0.1012
vn -0.9055 0.4231 0.0318
vn -0.1321 -0.1603 0.9782
vn -0.4986 -0.0279 0.8664
vn -0.1492 -0.5242 0.8384
vn -0.5455 -0.5309 0.6485
vn -0.9316 -0.3292 0.1543
vn -0.9188 -0.3777 0.1149
vn 0.0271 0.9995 0.0185
vn 0.2282 0.0623 0.9716
vn 0.2718 0.9300 0.2473
vn -0.7369 0.6356 0.2301
vn 0.0592 -0.8514 -0.5212
vn 0.1975 -0.9530 -0.2298
vn -0.6921 0.7177 0.0770
vn 0.0386 -0.0979 0.9945
vn -0.1326 -0.0936 0.9867
vn -0.1535 -0.5297 0.8342
vn 0.0606 -0.8488 -0.5253
vn 0.0203 0.9974 0.0688
vn -0.1349 -0.0936 0.9864
vn -0.1341 -0.0936 0.9865
vn -0.4674 -0.0791 0.8805
vn -0.9609 -0.0473 0.2727
vn -0.0162 0.8019 0.5973
vn 0.8466 -0.0881 0.5249
vn 0.9298 0.3612 0.0702
vn -0.9372 0.3464 -0.0413
vn -0.9820 0.1298 -0.1373
vn -0.7816 -0.3189 -0.5361
vn 0.3328 -0.8888 0.3151
vn -0.7816 -0.3189 0.5361
vn -0.9820 0.1226 0.1435
vn 0.3388 -0.8817 -0.3283
vn 0.8439 0.3415 -0.4138
vn -0.0796 0.9965 -0.0270
vn -0.1042 0.9945 -0.0103
vn -0.0927 0.9956 0.0160
vn 0.1030 0.9878 0.1170
vn 0.8505 0.3007 0.4315
vn -0.2236 -0.6589 0.7182
vn -0.1877 0.0085 0.9822
vn -0.3031 0.5746 0.7602
vn -0.3772 0.8747 0.3042
vn -0.3458 0.9018 -0.2591
vn -0.2784 0.5401 -0.7942
vn -0.2769 -0.1283 -0.9523
vn -0.3734 -0.6340 -0.6772
vn -0.3791 -0.8735 -0.3054
vn -0.3566 -0.9215 0.1535
vn -0.0388 -0.9456 0.3229
vn -0.4843 -0.7934 0.3687
vn 0.2383 -0.0232 -0.9709
vn -0.5447 -0.3791 0.7481
vn -0.7487 -0.3838 -0.5406
vn -0.4832 -0.3325 -0.8099
vn -0.0567 -0.4362 -0.8980
vn 0.3021 -0.6609 -0.6870
vn 0.2625 -0.5658 0.7816
vn -0.2385 -0.0990 0.9661
vn -0.5707 0.4101 0.7114
vn -0.6741 0.6896 0.2647
vn -0.5666 0.7724 -0.2870
vn -0.2463 0.5697 -0.7841
vn 0.2510 0.1261 -0.9597
vn 0.8642 0.2542 -0.4341
vn 0.9988 -0.0477 -0.0124
vn 0.7775 -0.3791 0.5018
vn -0.3798 0.0025 -0.9250
vn -0.1785 0.5138 -0.8391
vn -0.1020 0.9433 -0.3158
vn -0.0684 0.9329 0.3536
vn -0.0481 0.5820 0.8118
vn -0.0271 0.0002 0.9996
vn -0.2663 -0.4640 0.8448
vn -0.6900 -0.6859 0.2313
vn -0.7739 -0.5999 -0.2027
vn -0.6642 -0.2088 -0.7178
vn -0.9342 -0.2689 0.2346
vn -0.5173 0.0210 0.8555
vn 0.5618 -0.3341 0.7568
vn 0.6432 -0.2213 0.7330
vn 0.9677 -0.0522 0.2467
vn 0.7634 0.2292 -0.6039
vn 0.9773 -0.0999 -0.1869
vn 0.0812 0.6082 -0.7897
vn -0.6609 -0.0523 -0.7487
vn -0.8972 -0.2912 -0.3319
vn -0.1163 0.1673 -0.9790
vn 0.9177 -0.2949 -0.2660
vn 0.7056 -0.0396 -0.7075
vn 0.8731 -0.4804 0.0837
vn 0.5290 -0.6112 0.5888
vn 0.4832 -0.5786 0.6571
vn -0.5932 -0.3286 0.7349
vn -0.9409 -0.0420 0.3360
vn -0.9576 0.1838 -0.2217
vn -0.6437 0.2651 -0.7179
vn -0.2252 0.2043 -0.9527
vn 0.8875 -0.2267 -0.4012
vn 0.6400 -0.0684 -0.7654
vn 0.8764 -0.4731 0.0898
vn 0.5493 -0.5641 0.6165
vn 0.4129 -0.5258 0.7437
vn -0.6630 -0.2453 0.7073
vn -0.9165 0.0700 0.3938
vn -0.9375 0.3003 -0.1757
vn -0.6272 0.3555 -0.6930
vn 0.2884 0.8854 0.3644
vn 0.4683 0.4861 0.7378
vn 0.3781 0.5338 0.7564
vn 0.5484 0.6437 0.5338
vn 0.4910 0.7939 0.3585
vn 0.5686 0.8087 0.1507
vn 0.4812 0.8645 -0.1453
vn 0.7265 0.6846 -0.0590
vn 0.3161 0.9091 0.2715
vn 0.0419 0.9639 0.2628
vn 0.1777 0.9830 0.0464
vn 0.1786 0.9786 0.1020
vn 0.0656 0.8578 0.5097
vn 0.1632 0.7551 0.6350
vn -0.8386 -0.5388 -0.0805
vn -0.4721 -0.8703 0.1405
vn -0.2935 -0.9524 -0.0827
vn -0.1737 -0.8440 -0.5074
vn -0.1413 -0.9165 -0.3742
vn -0.1708 -0.8663 -0.4694
vn -0.1074 -0.7863 -0.6084
vn -0.8446 0.0491 -0.5332
vn -0.6120 -0.4999 -0.6128
vn -0.7490 -0.5274 -0.4011
vn -0.2023 -0.5841 -0.7861
vn -0.9971 -0.0723 -0.0248
vn -0.2007 -0.7498 -0.6305
vn 0.3030 0.0932 -0.9484
vn 0.3095 0.0465 -0.9498
vn 0.4039 0.3397 -0.8494
vn 0.4104 0.9058 -0.1051
vn 0.2407 0.5990 0.7637
vn -0.1438 -0.1708 0.9748
vn -0.2049 -0.4285 0.8800
vn -0.2197 -0.4606 0.8600
vn -0.3722 -0.9249 -0.0780
vn -0.5306 0.5794 0.6187
vn -0.6146 -0.1601 0.7724
vn -0.1976 0.9052 -0.3761
vn -0.0500 0.2877 -0.9564
vn -0.3372 0.9292 0.1509
vn -0.6553 -0.1826 0.7330
vn -0.1334 0.2408 -0.9614
vn -0.8021 -0.5727 0.1692
vn -0.5794 -0.3765 -0.7229
vn 0.4566 0.6894 0.5623
vn 0.3243 -0.1483 0.9343
vn 0.2290 -0.5064 0.8313
vn 0.1658 -0.5217 0.8369
vn -0.1792 -0.9402 -0.2896
vn 0.6460 0.7318 0.2172
vn 0.9736 -0.0172 -0.2276
vn 0.8427 -0.2752 -0.4628
vn 0.8383 -0.2805 -0.4675
vn -0.0641 -0.8707 -0.4876
vn 0.7163 -0.2521 0.6506
vn 0.6069 -0.5222 0.5992
vn 0.6194 -0.4954 0.6090
vn 0.1640 0.9357 0.3123
vn 0.4455 0.0767 0.8920
vn -0.0498 -0.9668 0.2508
vn 0.8105 0.4363 -0.3908
vn 0.9729 -0.0377 -0.2280
vn 0.9104 -0.2605 -0.3215
vn 0.9159 -0.2483 -0.3155
vn 0.0951 -0.7646 -0.6374
vn 0.0748 -0.3897 0.9179
vn 0.6487 0.2740 -0.7100
vn 0.8826 -0.0610 -0.4662
vn 0.9135 -0.3775 0.1515
vn 0.5761 -0.4808 0.6610
vn -0.1018 0.3977 -0.9118
vn -0.5705 -0.2308 0.7882
vn -0.8870 0.0697 0.4565
vn -0.9140 0.3766 -0.1509
vn -0.5782 0.4807 -0.6592
vn 0.4550 0.8618 0.2240
vn 0.0565 -0.9358 -0.3480
vn 0.3764 0.7008 0.6060
vn -0.0768 -0.9710 -0.2263
vn 0.2108 0.8851 0.4149
vn -0.2865 -0.8655 -0.4110
vn 0.2865 0.8763 0.3874
vn -0.2964 -0.8735 -0.3861
vn 0.2882 0.8705 0.3990
vn -0.2354 -0.9045 -0.3556
vn 0.8691 -0.2190 -0.4435
vn 0.5349 -0.5046 0.6777
vn -0.2209 0.2005 -0.9545
vn -0.8027 -0.1370 0.5804
vn 0.1310 -0.1808 -0.9747
vn -0.4037 -0.5697 -0.7159
vn -0.3875 -0.5049 0.7713
vn -0.3288 0.2527 -0.9100
vn 0.0771 -0.2902 -0.9539
vn 0.7227 -0.1763 -0.6683
vn 0.2350 -0.5869 0.7748
vn -0.4183 -0.6407 0.6439
vn -0.8228 -0.1609 0.5451
vn -0.9307 0.3420 -0.1297
vn -0.1308 -0.6615 -0.7385
vn 0.8873 -0.3612 0.2866
vn -0.8630 0.4807 -0.1558
vn 0.9134 -0.3228 0.2478
vn 0.9483 -0.3052 0.0864
vn -0.3848 -0.9191 -0.0841
vn -0.8809 0.3829 -0.2781
vn 0.3260 0.3123 -0.8923
vn 0.9261 0.0874 -0.3671
vn 0.5212 -0.2279 0.8225
vn -0.2785 -0.1688 0.9455
vn -0.6414 0.0086 0.7672
vn -0.1032 0.4432 -0.8905
vn -0.8629 0.4809 -0.1557
vn -0.5547 0.1061 0.8252
vn -0.2295 -0.0387 0.9725
vn 0.2172 -0.1589 0.9631
vn 0.7436 0.2601 -0.6160
vn 0.3643 0.4400 -0.8208
vn -0.0158 0.5497 -0.8352
vn -0.4687 -0.7963 0.3823
vn 0.5048 0.8632 0.0112
vn -0.0694 -0.8996 0.4313
vn 0.8020 0.5891 0.0984
vn 0.1385 -0.9767 0.1640
vn 0.3834 -0.4168 -0.8241
vn 0.4826 0.2571 -0.8373
vn -0.1620 0.5309 -0.8318
vn -0.6189 -0.5111 -0.5964
vn 0.0244 -0.7874 -0.6160
vn -0.9745 -0.1642 -0.1529
vn -0.0322 -0.8921 0.4507
vn 0.3618 -0.8377 0.4092
vn 0.3835 -0.8405 -0.3826
vn 0.4520 -0.8558 0.2515
vn 0.8476 -0.4773 -0.2317
vn 0.9604 0.1154 -0.2535
vn 0.9876 0.1557 0.0207
vn 0.8730 0.4771 0.1012
vn 0.9718 -0.0218 0.2349
vn -0.4504 0.8020 -0.3924
vn -0.8619 0.4003 -0.3114
vn 0.1541 0.9776 -0.1434
vn 0.9979 -0.0653 -0.0029
vn 0.9884 0.1489 0.0288
vn 0.8868 -0.4391 0.1443
vn 0.4597 -0.8658 0.1976
vn 0.3831 -0.9149 0.1271
vn -0.7088 -0.6929 0.1323
vn -0.9792 -0.1701 0.1107
vn -0.8844 0.4654 0.0361
vn -0.4470 0.8925 -0.0603
vn 0.0634 0.8855 -0.4603
vn 0.9784 -0.0756 -0.1925
vn 0.9446 0.1316 -0.3007
vn 0.8670 -0.4705 -0.1642
vn 0.4260 -0.9013 -0.0784
vn 0.3621 -0.9210 -0.1438
vn -0.8676 -0.4973 -0.0020
vn -0.9888 -0.1462 -0.0294
vn -0.8861 0.4467 -0.1237
vn -0.4567 0.8534 -0.2514
vn -0.3681 0.5538 0.7469
vn 0.2966 -0.6843 0.6662
vn 0.4643 -0.2376 0.8532
vn 0.5712 -0.1740 0.8022
vn 0.5576 -0.0426 0.8290
vn 0.7961 0.3209 0.5131
vn -0.5365 0.2461 0.8072
vn -0.4106 0.3942 0.8222
vn -0.4553 -0.4918 -0.7422
vn -0.8679 -0.1559 -0.4717
vn 0.0573 -0.4572 -0.8875
vn -0.7148 0.6262 -0.3114
vn 0.7404 -0.0242 -0.6718
vn 0.4876 0.2653 -0.8318
vn 0.4275 -0.7354 -0.5259
vn 0.1135 0.2998 -0.9472
vn 0.5524 0.8211 -0.1434
vn -0.2726 -0.9060 0.3239
vn -0.3786 -0.9147 0.1415
vn -0.3167 -0.5145 -0.7969
vn 0.5754 0.8152 -0.0658
vn -0.0023 0.1403 0.9901
vn -0.6817 0.4419 0.5830
vn -0.6519 0.4331 0.6224
vn 0.3397 -0.0344 0.9399
vn 0.8941 -0.0352 0.4464
vn 0.7047 -0.5548 0.4422
vn 0.9703 0.1140 -0.2134
vn 0.9633 -0.1041 -0.2473
vn -0.0487 0.9501 -0.3080
vn -0.0154 0.8057 -0.5922
vn -0.1677 0.9380 -0.3032
vn 0.3590 -0.9301 -0.0776
vn -0.8356 -0.5493 0.0053
vn 0.3951 -0.9174 -0.0467
vn -0.7285 -0.6708 -0.1389
vn -0.8059 -0.5056 -0.3082
vn 0.5018 -0.1141 -0.8574
vn 0.6908 0.1873 0.6983
vn 0.2432 0.9058 -0.3469
vn -0.1710 0.2816 -0.9442
vn 0.8966 0.3612 -0.2561
vn 0.0889 0.8885 0.4501
vn -0.4877 -0.5909 0.6427
vn 0.1672 -0.9852 -0.0383
vn -0.6187 -0.2419 -0.7474
vn 0.1341 -0.6463 -0.7512
vn -0.7224 -0.6913 -0.0169
vn 0.4440 -0.7114 0.5448
vn 0.5420 0.7144 -0.4426
vn -0.3849 -0.9219 -0.0442
vn 0.4510 -0.1050 -0.8863
vn -0.3938 0.8482 -0.3542
vn 0.0382 -0.6348 0.7717
vn 0.4030 -0.8798 0.2520
vn 0.8522 -0.0026 0.5231
vn -0.2405 -0.6626 -0.7093
vn 0.8143 -0.4380 0.3809
vn 0.1447 -0.3612 -0.9212
vn -0.1979 -0.8316 0.5190
vn -0.5804 0.6346 0.5102
vn -0.4187 -0.9073 0.0397
vn 0.9494 -0.2525 -0.1869
vn 0.6150 -0.5472 -0.5677
vn 0.6957 0.4459 -0.5633
vn 0.4874 -0.1664 -0.8572
vn 0.1205 -0.6811 0.7222
vn -0.7715 0.0523 -0.6341
vn -0.9627 -0.2104 0.1699
vn -0.7024 -0.1287 0.7000
vn -0.3967 -0.0001 0.9179
vn -0.4399 0.0651 0.8957
vn 0.3015 0.7465 0.5932
vn 0.2371 0.0994 0.9664
vn -0.0457 0.6208 -0.7827
vn -0.4768 0.2548 -0.8413
vn 0.0090 0.5851 -0.8109
vn -0.5960 0.7560 -0.2708
vn 0.8412 0.4733 0.2615
vn 0.5802 0.8080 0.1023
vn 0.9005 -0.2973 0.3173
vn 0.8772 -0.4434 -0.1844
vn 0.0723 0.7284 -0.6814
vn 0.9421 -0.1650 0.2918
vn -0.4491 0.8742 -0.1844
vn -0.9722 0.1084 0.2076
vn 0.9845 -0.1551 -0.0824
vn 0.3837 0.8224 -0.4201
vn -0.4743 0.8421 -0.2566
vn 0.0124 -0.2938 0.9558
vn -0.9295 0.2368 -0.2829
vn 0.1887 0.9496 0.2503
vn 0.5171 0.6504 -0.5564
vn 0.5620 -0.8148 -0.1425
vn 0.7689 -0.5381 -0.3453
vn -0.1872 -0.6603 0.7273
vn -0.7391 0.6400 -0.2100
vn -0.9710 0.1735 -0.1644
vn 0.3920 0.9172 0.0715
vn 0.7886 -0.5761 0.2149
vn 0.9997 0.0218 -0.0106
vn -0.1836 -0.9484 0.2586
vn -0.3979 -0.9135 0.0847
vn -0.6406 -0.7524 -0.1537
vn -0.8113 -0.5837 -0.0342
vn 0.4064 0.8981 0.1681
vn -0.6153 -0.6951 0.3718
vn 0.2089 0.7518 0.6254
vn -0.7340 0.6208 -0.2754
vn -0.4308 -0.6953 -0.5753
vn 0.8119 -0.5192 0.2668
vn 0.9393 -0.0398 0.3408
vn 0.3242 0.8094 0.4896
vn -0.9358 0.2286 -0.2684
vn -0.2261 -0.9266 -0.3004
vn -0.8723 0.3833 -0.3038
vn -0.3510 -0.9210 0.1689
vn 0.8546 -0.1128 0.5069
vn -0.7395 0.5083 0.4413
vn -0.9925 0.0371 -0.1163
vn -0.9082 0.3972 -0.1323
vn -0.9066 0.3518 -0.2331
vn 0.8356 -0.4884 0.2514
vn 0.8981 -0.4374 0.0462
vn -0.9490 0.0829 -0.3041
vn -0.9771 0.1673 -0.1314
vn -0.9357 0.1623 0.3133
vn 0.9243 -0.2206 0.3114
vn 0.9527 -0.2818 0.1136
vn 0.5424 -0.3982 -0.7397
vn 0.0222 -0.9838 0.1777
vn 0.9948 0.0122 0.1012
vn 0.3365 0.6471 -0.6842
vn 0.4032 0.8908 -0.2096
vn -0.8049 0.5898 0.0661
vn -0.8285 0.3251 -0.4559
vn -0.8104 -0.5687 -0.1409
vn 0.1590 0.6878 -0.7083
vn 0.1985 0.9669 -0.1605
vn -0.5904 0.2480 0.7681
vn -0.3330 0.2277 -0.9150
vn -0.5458 0.4200 0.7251
vn -0.3371 0.3012 -0.8920
vn -0.5033 0.8428 -0.1906
vn -0.5778 0.2828 0.7656
vn -0.3767 -0.8746 0.3053
vn -0.3795 -0.0879 -0.9210
vn -0.4188 0.5852 0.6944
vn 0.2657 0.2457 -0.9322
vn 0.1589 0.0264 -0.9869
vn 0.1013 -0.1688 -0.9804
vn 0.4727 0.4641 -0.7491
vn 0.8313 0.1400 -0.5379
vn 0.0181 -0.5474 -0.8367
vn -0.3998 0.7011 0.5904
vn 0.8453 0.1144 0.5219
vn -0.6554 0.1430 0.7416
vn 0.6640 -0.4981 0.5576
vn 0.2407 0.6960 0.6765
vn -0.3057 -0.3311 0.8927
vn -0.5565 0.8308 0.0067
vn 0.9817 0.1770 0.0705
vn -0.9727 0.0488 0.2268
vn 0.6952 -0.6970 0.1755
vn 0.4881 0.8727 -0.0132
vn -0.3599 -0.8685 0.3409
vn 0.9988 -0.0486 -0.0045
vn -0.9999 -0.0125 -0.0012
vn 0.6025 -0.7912 0.1048
vn 0.5508 0.0668 0.8320
vn -0.2027 0.9751 0.0905
vn -0.6383 -0.0088 -0.7697
vn -0.5937 -0.7977 0.1057
vn 0.6399 -0.0316 -0.7678
vn 0.2057 0.9744 0.0904
vn -0.5515 0.0885 0.8295
vn 0.9433 -0.2839 0.1722
vn -0.9441 -0.2819 0.1710
vn -0.8846 0.4592 -0.0817
vn 0.8631 0.4972 -0.0884
vn -0.4731 -0.8804 0.0307
vn -0.4569 0.1726 -0.8726
vn 0.4891 -0.1165 0.8644
vn 0.4663 -0.8841 0.0308
vn -0.4862 -0.1412 0.8624
vn 0.4528 0.1967 -0.8696
vn -0.9744 -0.2194 0.0497
vn 0.9740 -0.2211 0.0501
vn -0.2310 -0.2037 -0.9514
vn -0.2710 0.0258 0.9622
vn 0.7852 -0.6168 0.0548
vn -0.4899 -0.1483 -0.8591
vn -0.3176 0.2951 0.9011
vn -0.3409 0.0651 -0.9378
vn 0.9719 0.2190 -0.0863
vn -0.0428 0.2768 0.9600
vn 0.7904 0.3498 0.5029
vn 0.6379 0.2588 -0.7253
vn -0.3655 0.9251 0.1028
vn -0.3089 0.9200 0.2412
vn -0.3786 0.9229 -0.0703
vn -0.3616 0.9253 0.1145
vn -0.3248 0.9144 0.2417
vn -0.2259 0.9687 0.1031
vn -0.3064 0.9282 0.2111
vn -0.2143 0.9652 0.1499
vn -0.6908 0.5093 -0.5132
vn -0.1127 0.6845 0.7203
vn -0.5579 0.8150 0.1562
vn -0.0205 0.8751 0.4836
vn 0.1657 -0.7013 0.6934
vn -0.0615 0.9979 0.0205
vn -0.0906 0.9936 -0.0673
vn -0.1999 0.9779 0.0609
vn 0.0906 0.6528 -0.7521
vn 0.4239 0.7483 0.5103
vn -0.3002 0.9401 0.1615
vn 0.4337 0.8090 -0.3968
vn 0.4900 0.7680 -0.4125
vn 0.5719 0.8008 -0.1778
vn 0.6168 0.7796 0.1087
vn 0.5309 0.6085 0.5898
vn 0.5253 0.6185 0.5844
vn -0.3980 0.9042 -0.1552
vn -0.0645 0.9922 -0.1071
vn -0.4141 0.8994 -0.1400
vn -0.1552 0.9356 -0.3171
vn 0.3377 0.6683 -0.6628
vn -0.3380 0.9305 0.1411
vn -0.2864 0.9503 0.1222
vn -0.0896 0.9895 0.1133
vn -0.7090 -0.6794 0.1891
vn -0.6686 -0.6677 0.3274
vn -0.7239 -0.6897 0.0164
vn -0.9276 -0.3437 0.1466
vn -0.6540 -0.7359 0.1751
vn -0.7114 -0.7012 -0.0470
vn -0.5994 -0.7758 0.1970
vn -0.6540 -0.6951 0.2985
vn -0.5830 -0.7749 0.2441
vn -0.8496 -0.2325 -0.4733
vn -0.3664 -0.5009 0.7841
vn -0.8385 -0.4954 0.2267
vn -0.4491 -0.6996 0.5558
vn 0.4528 0.6396 0.6212
vn -0.4695 -0.8742 0.1241
vn -0.4899 -0.8712 0.0331
vn -0.4854 -0.8624 0.1440
vn -0.4185 -0.5332 -0.7352
vn 0.0926 -0.7995 0.5936
vn -0.6543 -0.7136 0.2505
vn 0.0206 -0.9545 -0.2976
vn 0.1275 -0.9394 -0.3182
vn 0.1910 -0.9782 -0.0820
vn 0.2469 -0.9478 0.2017
vn 0.2490 -0.7082 0.6606
vn 0.2396 -0.7155 0.6562
vn -0.7358 -0.6736 -0.0703
vn -0.4663 -0.8846 -0.0061
vn -0.7482 -0.6611 -0.0560
vn -0.5306 -0.8178 -0.2227
vn 0.0207 -0.8121 -0.5832
vn -0.6559 -0.6845 0.3182
vn -0.6467 -0.7325 0.2128
vn -0.6783 -0.7088 0.1937
vn -0.4833 -0.8494 0.2122
vn -0.9584 -0.2790 0.0600
vn 0.2061 0.9736 -0.0979
vn -0.8626 -0.2745 0.4250
vn 0.2236 0.9568 0.1858
vn -0.8501 0.5229 -0.0625
vn -0.1298 0.0022 -0.9915
vn 0.9939 0.0520 -0.0972
vn -0.8078 0.5151 0.2867
vn 0.9968 0.0537 0.0586
vn 0.1348 0.0229 0.9906
vn 0.1355 0.0243 0.9905
vn -0.6984 0.7156 0.0117
vn -0.7268 0.5793 0.3691
vn 0.9502 0.2673 -0.1605
vn 0.9811 0.1858 0.0537
vn -0.5914 0.8047 -0.0520
vn 0.9705 -0.1988 -0.1364
vn -0.9746 0.2199 0.0422
vn 0.7659 0.6272 -0.1415
vn -0.5430 0.7992 0.2577
vn -0.9624 0.2150 0.1659
vn 0.9630 -0.2149 -0.1624
vn 0.7721 0.6325 0.0624
vn 0.8168 -0.5573 0.1491
vn 0.7408 -0.6648 -0.0966
vn -0.1506 0.6870 -0.7109
vn -0.2280 0.6624 -0.7136
vn 0.2433 0.6039 -0.7590
vn 0.7967 0.0487 -0.6024
vn 0.0776 0.7275 -0.6817
vn -0.8284 0.4115 -0.3799
vn 0.1905 0.9427 -0.2740
vn 0.5017 0.8585 -0.1058
vn -0.1258 0.9892 -0.0753
vn -0.1354 -0.0239 -0.9905
vn -0.2411 -0.0029 -0.9705
vn -0.0298 -0.0497 -0.9983
vn 0.6119 0.5343 -0.5832
vn -0.4153 0.7763 -0.4742
vn -0.0422 0.0425 -0.9982
vn 0.9986 0.0460 -0.0266
vn -0.8475 0.5293 0.0397
vn 0.2411 0.9477 0.2091
vn -0.9869 0.0137 -0.1606
vn 0.8585 -0.4545 -0.2377
vn 0.9834 -0.0921 -0.1563
vn -0.8925 0.4510 0.0088
vn -0.1504 -0.8875 0.4355
vn -0.2149 -0.9756 0.0460
vn -0.0926 -0.8488 0.5205
vn -0.2091 -0.8177 0.5364
vn -0.3515 -0.9353 0.0408
vn -0.0754 -0.9970 0.0185
vn -0.8650 -0.2710 0.4223
vn 0.8223 -0.5573 0.1155
vn 0.7659 -0.6429 0.0077
vn -0.9465 -0.3007 0.1167
vn 0.0941 0.0305 0.9951
vn 0.1580 0.0162 0.9873
vn 0.0524 -0.6030 0.7961
vn 0.2298 -0.0510 0.9719
vn -0.1146 -0.0636 -0.9914
vn -0.0988 -0.1534 -0.9832
vn -0.0555 0.3069 -0.9501
vn -0.4811 -0.7126 0.5106
vn 0.2026 -0.8832 0.4229
vn -0.1670 -0.9852 0.0379
vn -0.2960 -0.9541 0.0458
vn -0.2157 -0.9756 0.0420
vn 0.7805 -0.6193 0.0848
vn -0.9141 -0.2513 0.3181
vn -0.9751 -0.2206 0.0246
vn 0.7863 -0.6148 -0.0616
vn -0.3802 -0.9217 -0.0765
vn 0.7295 -0.6249 -0.2780
vn -0.2379 -0.9602 -0.1464
vn -0.9678 -0.2343 -0.0923
vn -0.0916 -0.9892 -0.1146
vn 0.8163 -0.5776 0.0019
vn -0.4080 -0.9049 -0.1210
vn -0.9729 -0.1660 -0.1609
vn -0.9656 0.2326 -0.1164
vn -0.7436 0.6510 -0.1524
vn -0.4509 0.8746 -0.1784
vn -0.8769 0.4593 -0.1417
vn 0.0931 0.9671 -0.2369
vn 0.9915 0.1148 -0.0614
vn 0.1956 0.9613 -0.1941
vn -0.8250 0.5559 0.1015
vn 0.2704 0.9293 -0.2515
vn 0.9714 0.0296 -0.2355
vn 0.7351 0.6101 -0.2957
vn 0.9184 0.2289 -0.3227
vn 0.9167 -0.2144 -0.3372
vn 0.7516 -0.5632 -0.3432
vn -0.0083 -0.9868 -0.1619
vn -0.3058 0.3486 0.8860
vn -0.1028 -0.9071 0.4081
vn -0.8583 -0.1539 0.4895
vn 0.1980 0.9564 -0.2144
vn -0.1981 -0.9565 0.2141
vn -0.2012 -0.9616 0.1868
vn -0.2288 -0.9470 0.2257
vn 0.7450 0.5426 -0.3879
vn -0.4919 0.8273 -0.2712
vn -0.7216 0.0083 -0.6922
vn -0.5225 0.6352 -0.5688
vn 0.0134 0.8721 -0.4892
vn -0.2409 0.8848 -0.3989
vn 0.0472 0.8718 -0.4875
vn -0.0709 0.8094 -0.5829
vn -0.8304 -0.2079 -0.5169
vn -0.9673 -0.0957 -0.2350
vn -0.0787 -0.3021 -0.9500
vn 0.9419 0.0002 -0.3358
vn -0.8895 0.4210 -0.1775
vn -0.9933 -0.0456 -0.1061
vn -0.7178 0.4677 -0.5158
vn -0.6514 -0.1965 -0.7329
vn -0.1087 -0.1516 -0.9825
vn -0.0108 0.9133 -0.4071
vn 0.0468 0.1358 -0.9896
vn 0.1034 0.8919 -0.4402
vn 0.0564 0.9376 0.3432
vn -0.9868 -0.1455 -0.0715
vn -0.7996 -0.5460 0.2500
vn -0.8885 -0.0852 0.4509
vn -0.8314 0.5449 0.1087
vn -0.9604 -0.2280 -0.1600
vn -0.9594 -0.2455 -0.1387
vn 0.0621 0.9549 0.2904
vn -0.8371 0.1866 0.5143
vn -0.4321 -0.4240 0.7960
vn -0.4692 -0.1443 0.8712
vn -0.4729 -0.7053 0.5281
vn -0.2073 -0.2330 0.9501
vn -0.0008 0.9659 0.2590
vn -0.1918 0.3964 0.8978
vn -0.3686 -0.3604 0.8569
vn -0.1499 -0.5956 0.7892
vn 0.0924 -0.1688 0.9813
vn -0.2250 -0.3217 0.9197
vn -0.3540 -0.5717 0.7402
vn -0.6531 0.0019 -0.7573
vn -0.6826 -0.0753 -0.7269
vn -0.4626 -0.1936 -0.8652
vn -0.4770 -0.0522 -0.8774
vn -0.9681 -0.1271 -0.2161
vn -0.4563 0.8217 -0.3415
vn 0.6915 0.0171 -0.7222
vn 0.1620 -0.6803 -0.7148
vn 0.9261 -0.0101 0.3771
vn -0.0608 -0.0240 0.9979
vn 0.1044 0.0206 -0.9943
vn -0.0233 0.9515 0.3068
vn -0.0176 0.9680 0.2503
vn -0.0293 0.9431 0.3312
vn 0.4484 0.8577 -0.2515
vn 0.1136 0.8591 -0.4991
vn -0.0207 0.9416 0.3362
vn -0.0206 0.9415 0.3364
vn -0.0220 0.9418 0.3353
vn -0.8434 0.3037 -0.4432
vn 0.0881 0.0374 -0.9954
vn -0.9805 0.1853 -0.0657
vn -0.9377 -0.0212 0.3467
vn -0.9477 -0.0515 0.3151
vn -0.9892 0.1206 -0.0828
vn -0.9271 0.2000 -0.3170
vn 0.1028 0.1911 -0.9762
vn 0.0536 -0.9321 0.3583
vn -0.0743 -0.0028 -0.9972
vn -0.1098 -0.1096 -0.9879
vn -0.1619 -0.0964 -0.9821
vn -0.9445 0.1066 -0.3109
vn -0.9915 -0.0571 -0.1171
vn -0.8282 -0.4252 0.3651
vn -0.2177 -0.6342 0.7419
vn -0.1660 -0.3054 0.9376
vn -0.1940 -0.4700 0.8611
vn -0.2517 -0.1675 0.9532
vn -0.2279 -0.9046 0.3603
vn -0.9167 -0.0671 0.3939
vn -0.1584 0.2468 0.9560
vn 0.8234 -0.0107 -0.5674
vn 0.6350 0.6171 -0.4648
vn 0.1156 0.8664 -0.4858
vn 0.1141 0.9029 -0.4145
vn 0.2445 0.8938 -0.3760
vn -0.0708 0.8110 -0.5808
vn 0.7102 -0.1001 -0.6968
vn 0.9549 -0.0086 -0.2969
vn -0.0787 -0.3028 -0.9498
vn -0.9768 -0.1123 -0.1821
vn 0.8227 0.4621 -0.3310
vn 0.9594 -0.0010 -0.2821
vn 0.7444 0.5558 -0.3701
vn 0.7385 -0.1126 -0.6648
vn -0.0623 -0.1473 -0.9871
vn -0.0614 0.9133 -0.4027
vn 0.1056 0.1420 -0.9842
vn 0.0549 0.8945 -0.4436
vn 0.9916 0.1047 0.0763
vn 0.9926 0.1077 0.0559
vn 0.9577 -0.0425 0.2845
vn 0.7872 0.5462 0.2862
vn 0.9857 -0.1651 0.0335
vn 0.9974 -0.0348 0.0626
vn -0.0846 0.9571 0.2772
vn 0.7181 0.1444 0.6808
vn 0.3460 -0.4274 0.8352
vn 0.6235 -0.1193 0.7727
vn 0.2403 -0.5728 0.7837
vn 0.0315 -0.3366 0.9411
vn -0.0110 0.9573 0.2889
vn 0.0158 0.3909 0.9203
vn 0.3059 -0.2710 0.9127
vn 0.3355 -0.4297 0.8383
vn 0.0921 -0.1685 0.9814
vn 0.0344 -0.3383 0.9404
vn 0.3587 -0.6375 0.6818
vn 0.7913 0.0518 -0.6092
vn 0.7318 0.1072 -0.6731
vn 0.5976 -0.0877 -0.7970
vn 0.5786 -0.0271 -0.8151
vn 0.9958 -0.0354 -0.0842
vn 0.3468 0.9046 -0.2477
vn -0.5789 -0.0131 -0.8153
vn -0.0369 -0.7111 -0.7022
vn -0.9859 0.0347 0.1637
vn -0.1084 0.0015 0.9941
vn -0.7060 0.0157 -0.7081
vn 0.1023 0.0186 -0.9946
vn -0.0193 0.9681 0.2498
vn -0.0249 0.9431 0.3315
vn -0.3593 0.8651 -0.3501
vn 0.0222 0.8803 -0.4738
vn -0.4963 0.8509 0.1723
vn -0.0202 0.9415 0.3363
vn -0.0186 0.9418 0.3357
vn 0.9328 0.2852 -0.2203
vn 0.1066 0.0381 -0.9936
vn 0.9741 0.1745 0.1438
vn 0.8432 -0.0304 0.5367
vn 0.8632 -0.1127 0.4921
vn 0.9921 0.0519 0.1138
vn 0.9909 0.1155 -0.0689
vn 0.1028 0.1917 -0.9761
vn 0.0535 -0.9324 0.3574
vn -0.0060 0.0865 -0.9962
vn -0.0707 -0.0959 -0.9929
vn -0.0120 -0.0922 -0.9957
vn -0.8816 -0.4720 0.0018
vn -0.9957 -0.0228 0.0898
vn 0.9888 0.0057 -0.1494
vn 0.9910 -0.1097 0.0765
vn 0.7207 -0.4695 0.5100
vn 0.0328 -0.6385 0.7689
vn 0.2237 -0.3806 0.8973
vn 0.1249 -0.6732 0.7288
vn 0.3920 -0.1464 0.9082
vn 0.2478 -0.8915 0.3793
vn 0.9744 -0.0239 0.2234
vn 0.0858 0.1140 0.9898
vn 0.8052 -0.0894 0.5862
vn 0.8051 -0.0815 0.5875
vn 0.0578 -0.9386 -0.3401
vn -0.5617 -0.6499 0.5120
vn -0.6770 -0.1164 0.7268
vn 0.0584 -0.9441 -0.3246
vn -0.7851 -0.6023 0.1445
vn 0.8176 -0.4324 0.3802
vn -0.9592 -0.2200 -0.1774
vn -0.9472 -0.2521 -0.1983
vn -0.9616 -0.2160 -0.1695
vn -0.9603 -0.2330 -0.1536
vn -0.9673 -0.2184 -0.1293
vn -0.9728 -0.1972 -0.1214
vn 0.9804 -0.1964 0.0144
vn 0.9858 -0.1658 0.0274
vn 0.9809 -0.1930 0.0226
vn 0.9972 -0.0709 0.0257
vn 0.9988 -0.0390 0.0305
vn 0.9983 -0.0240 0.0534
vn 0.3761 0.6563 -0.6541
vn -0.8366 0.4938 -0.2373
vn -0.8366 -0.0681 -0.5435
vn -0.1001 -0.1972 -0.9752
vn 0.6105 -0.1548 -0.7767
vn -0.3796 0.9212 -0.0852
vn -0.1183 0.9872 -0.1072
vn -0.0473 0.9915 -0.1215
vn 0.4489 0.8733 -0.1891
vn 0.8014 0.5829 -0.1340
vn 0.9981 -0.0166 -0.0598
vn -0.9980 0.0565 0.0266
vn -0.8873 0.4609 -0.0160
vn 0.1732 0.9303 -0.3232
vn 0.2252 0.9734 0.0430
vn -0.1860 -0.9445 0.2708
vn -0.2277 -0.9713 -0.0682
vn 0.7844 -0.6200 -0.0197
vn -0.9654 -0.1548 0.2098
vn 0.0346 -0.2831 0.9585
vn -0.9849 -0.1717 -0.0231
vn 0.5935 -0.7818 -0.1911
vn -0.2340 -0.5977 -0.7668
vn -0.7798 -0.4818 -0.3996
vn 0.2159 0.9760 -0.0286
vn 0.3532 -0.8022 -0.4814
vn -0.2199 -0.9752 0.0259
vn 0.2191 0.9739 -0.0600
vn -0.2235 -0.9727 0.0632
vn -0.7114 -0.4176 0.5652
vn -0.6148 0.7140 -0.3351
vn -0.7365 0.3561 -0.5752
vn -0.5009 -0.7213 -0.4784
vn 0.5116 -0.8558 -0.0770
vn 0.7365 -0.3561 0.5752
vn 0.0921 -0.9858 -0.1405
vn -0.1675 -0.9742 -0.1516
vn -0.0820 -0.5173 -0.8518
vn 0.0076 -0.9855 -0.1696
vn 0.0069 -0.9854 -0.1700
vn -0.0075 -0.9854 -0.1701
vn -0.0068 -0.9855 -0.1696
vn -0.0661 0.0503 0.9965
vn -0.0587 0.6398 0.7663
vn -0.0076 -0.9864 -0.1644
vn 0.0650 -0.5171 -0.8535
vn -0.4271 0.5751 0.6977
vn -0.8745 0.0489 -0.4825
vn -0.9308 0.0045 -0.3656
vn -0.9256 0.0064 -0.3785
vn -0.8924 0.0462 -0.4490
vn -0.5300 -0.3022 0.7923
vn -0.3015 -0.9311 0.2054
vn -0.2065 0.6016 0.7717
vn -0.1521 -0.1986 0.9682
vn -0.3647 -0.8186 -0.4437
vn -0.2161 0.9695 -0.1161
vn -0.1881 0.7634 -0.6179
vn -0.1583 0.1551 -0.9751
vn -0.5356 -0.7980 0.2764
vn -0.2327 -0.5733 0.7856
vn -0.0878 -0.9444 0.3167
vn -0.9956 -0.0378 -0.0853
vn -0.9981 0.0534 0.0320
vn -0.9957 -0.0906 0.0182
vn -0.9676 -0.2486 0.0435
vn -0.9856 -0.1626 0.0465
vn -0.7582 -0.0893 -0.6459
vn -0.9944 -0.0333 -0.1002
vn -0.9952 -0.0345 -0.0912
vn -0.8949 0.0187 -0.4459
vn 0.4272 0.5751 0.6977
vn 0.8745 0.0489 -0.4825
vn 0.9107 -0.1172 -0.3962
vn 0.9308 0.0045 -0.3656
vn 0.9069 0.0129 -0.4211
vn 0.5141 -0.3092 0.8001
vn 0.3337 -0.9256 0.1785
vn 0.2036 0.6046 0.7701
vn 0.1237 -0.1627 0.9789
vn 0.3647 -0.8186 -0.4437
vn 0.2161 0.9695 -0.1161
vn 0.2293 0.7889 -0.5702
vn 0.1583 0.1551 -0.9751
vn 0.5356 -0.7980 0.2764
vn 0.2327 -0.5733 0.7856
vn 0.0878 -0.9444 0.3167
vn 0.9972 0.0753 -0.0038
vn 0.9981 0.0534 0.0320
vn 0.9957 -0.0906 0.0182
vn 0.9676 -0.2486 0.0435
vn 0.9856 -0.1626 0.0465
vn 0.8973 -0.0451 -0.4392
vn 0.9944 -0.0333 -0.1002
vn 0.9942 -0.0412 -0.0992
vn 0.8949 0.0187 -0.4459
vn -0.2021 0.0215 -0.9791
vn 0.2022 0.0215 -0.9791
vn 0.9982 0.0050 0.0603
vn 0.0659 0.9641 -0.2572
vn -0.8839 -0.1700 -0.4357
vn -0.0814 0.0573 -0.9950
vn -0.0736 -0.8839 -0.4618
vn -0.0698 0.9603 -0.2699
vn 0.8133 0.0727 -0.5772
vn 0.0927 0.0995 -0.9907
vn 0.0765 -0.8832 -0.4626
vn 0.1235 0.0146 0.9922
vn -0.1257 0.0091 0.9920
vn -0.0699 0.8455 -0.5294
vn -0.1273 0.6873 -0.7152
vn -0.2718 0.8971 -0.3483
vn -0.7884 0.5930 0.1634
vn -0.2641 0.5928 -0.7608
vn -0.5634 0.6956 -0.4457
vn -0.6734 0.6953 -0.2511
vn -0.3075 0.5251 -0.7935
vn 0.7884 -0.4964 -0.3633
vn 0.2048 0.8129 -0.5452
vn 0.0699 0.8455 -0.5294
vt 0.375000 0.625000
vt 0.125000 0.875000
vt 0.375000 0.875000
vt 0.625000 0.625000
vt 0.375000 0.375000
vt 0.125000 0.625000
vt 0.875000 0.875000
vt 0.625000 0.875000
vt 0.875000 0.625000
vt 0.125000 0.375000
vt 0.625000 0.375000
vt 0.875000 0.375000
s 0
f 1/1/1 12/1/1 11/1/1
f 3/1/2 12/1/2 2/1/2
f 4/1/3 13/1/3 3/1/3
f 4/1/4 15/1/4 14/1/4
f 6/1/5 15/1/5 5/1/5
f 6/1/6 17/1/6 16/1/6
f 8/1/7 17/1/7 7/1/7
f 9/1/8 18/1/8 8/1/8
f 9/1/9 20/1/9 19/1/9
f 1/1/10 20/1/10 10/1/10
f 11/1/11 22/1/11 21/1/11
f 13/1/12 22/1/12 12/1/12
f 13/1/13 24/1/13 23/1/13
f 14/1/14 25/1/14 24/1/14
f 16/1/15 25/1/15 15/1/15
f 17/1/16 26/1/16 16/1/16
f 17/1/17 28/1/17 27/1/17
f 19/1/18 28/1/18 18/1/18
f 19/1/19 30/1/19 29/1/19
f 11/1/20 30/1/20 20/1/20
f 21/1/21 32/1/21 31/1/21
f 23/1/22 32/1/22 22/1/22
f 24/1/23 33/1/23 23/1/23
f 24/1/24 35/1/24 34/1/24
f 26/1/25 35/1/25 25/1/25
f 26/1/26 37/1/26 36/1/26
f 27/1/27 38/1/27 37/1/27
f 29/1/28 38/1/28 28/1/28
f 30/1/29 39/1/29 29/1/29
f 30/1/30 31/1/30 40/1/30
f 32/1/31 41/1/31 31/1/31
f 32/1/32 43/1/32 42/1/32
f 34/1/33 43/1/33 33/1/33
f 34/1/34 45/1/34 44/1/34
f 36/1/35 45/1/35 35/1/35
f 36/1/36 47/1/36 46/1/36
f 38/1/37 47/1/37 37/1/37
f 38/1/38 49/1/38 48/1/38
f 40/1/39 49/1/39 39/1/39
f 40/1/40 41/1/40 50/1/40
f 2/1/41 1/1/41 51/1/41
f 3/1/42 2/1/42 51/1/42
f 4/1/43 3/1/43 51/1/43
f 5/1/44 4/1/44 51/1/44
f 6/1/45 5/1/45 51/1/45
f 7/1/46 6/1/46 51/1/46
f 8/1/47 7/1/47 51/1/47
f 9/1/48 8/1/48 51/1/48
f 10/1/49 9/1/49 51/1/49
f 1/1/50 10/1/50 51/1/50
f 41/1/51 42/1/51 52/1/51
f 42/1/52 43/1/52 52/1/52
f 43/1/53 44/1/53 52/1/53
f 44/1/54 45/1/54 52/1/54
f 45/1/55 46/1/55 52/1/55
f 46/1/56 47/1/56 52/1/56
f 47/1/57 48/1/57 52/1/57
f 48/1/58 49/1/58 52/1/58
f 49/1/59 50/1/59 52/1/59
f 50/1/60 41/1/60 52/1/60
f 62/2/61 64/2/61 61/2/61
f 63/2/62 65/2/62 66/2/62
f 65/2/63 68/2/63 66/2/63
f 57/2/64 54/2/64 53/2/64
f 55/2/65 58/2/65 59/2/65
f 55/2/66 60/2/66 56/2/66
f 54/2/67 61/2/67 53/2/67
f 58/2/68 64/2/68 63/2/68
f 70/2/69 71/2/69 72/2/69
f 62/2/70 55/2/70 65/2/70
f 63/2/71 59/2/71 58/2/71
f 56/2/72 65/2/72 55/2/72
f 56/2/73 68/2/73 67/2/73
f 60/2/74 66/2/74 68/2/74
f 57/2/75 69/2/75 70/2/75
f 61/2/76 69/2/76 53/2/76
f 64/2/77 71/2/77 61/2/77
f 64/2/78 70/2/78 72/2/78
f 84/3/79 86/3/79 83/3/79
f 87/3/80 89/3/80 90/3/80
f 91/3/81 85/3/81 84/3/81
f 92/3/82 90/3/82 89/3/82
f 74/3/83 83/3/83 73/3/83
f 77/3/84 86/3/84 85/3/84
f 78/3/85 88/3/85 81/3/85
f 75/3/86 87/3/86 90/3/86
f 261/3/87 88/3/87 87/3/87
f 82/3/88 85/3/88 92/3/88
f 80/3/89 84/3/89 74/3/89
f 80/3/90 90/3/90 91/3/90
f 78/3/91 92/3/91 89/3/91
f 381/3/92 382/3/92 100/3/92
f 381/3/93 101/3/93 99/3/93
f 101/3/94 104/3/94 103/3/94
f 397/3/95 73/3/95 396/3/95
f 107/3/96 112/3/96 111/3/96
f 112/4/97 115/4/97 111/4/97
f 115/4/98 120/4/98 119/4/98
f 119/4/99 124/4/99 123/4/99
f 123/5/100 128/5/100 127/5/100
f 279/3/101 283/3/101 133/3/101
f 289/6/102 291/6/102 292/6/102
f 135/3/103 279/3/103 133/3/103
f 133/3/104 95/3/104 135/3/104
f 271/6/105 272/6/105 273/6/105
f 135/3/106 96/3/106 139/3/106
f 79/3/107 105/3/107 136/3/107
f 137/3/108 140/3/108 217/3/108
f 141/3/109 137/3/109 138/3/109
f 142/3/110 300/3/110 139/3/110
f 142/3/111 96/3/111 97/3/111
f 260/3/112 79/3/112 140/3/112
f 259/3/113 140/3/113 141/3/113
f 258/3/114 298/3/114 142/3/114
f 142/3/115 257/3/115 258/3/115
f 382/3/116 144/3/116 100/3/116
f 144/3/117 102/3/117 100/3/117
f 391/3/118 238/3/118 104/3/118
f 397/3/119 412/3/119 74/3/119
f 398/3/120 75/3/120 80/3/120
f 154/3/121 153/3/121 147/3/121
f 155/3/122 156/3/122 157/3/122
f 158/3/123 159/3/123 160/3/123
f 161/3/124 162/3/124 163/3/124
f 166/3/125 165/3/125 151/3/125
f 152/4/126 168/4/126 153/4/126
f 154/4/127 167/4/127 152/4/127
f 156/4/128 170/4/128 171/4/128
f 157/4/129 170/4/129 155/4/129
f 159/4/130 173/4/130 174/4/130
f 158/4/131 175/4/131 173/4/131
f 162/4/132 176/4/132 177/4/132
f 163/4/133 176/4/133 161/4/133
f 165/4/134 179/4/134 180/4/134
f 166/4/135 179/4/135 164/4/135
f 167/4/136 183/4/136 168/4/136
f 167/4/137 184/4/137 182/4/137
f 171/4/138 185/4/138 186/4/138
f 170/4/139 187/4/139 185/4/139
f 174/4/140 188/4/140 189/4/140
f 175/4/141 188/4/141 173/4/141
f 177/4/142 191/4/142 192/4/142
f 176/4/143 193/4/143 191/4/143
f 179/4/144 195/4/144 180/4/144
f 179/4/145 196/4/145 194/4/145
f 182/4/146 198/4/146 183/4/146
f 182/4/147 199/4/147 197/4/147
f 186/4/148 200/4/148 201/4/148
f 187/4/149 200/4/149 185/4/149
f 189/4/150 203/4/150 204/4/150
f 190/4/151 203/4/151 188/4/151
f 192/4/152 206/4/152 207/4/152
f 193/4/153 206/4/153 191/4/153
f 194/4/154 210/4/154 195/4/154
f 194/4/155 211/4/155 209/4/155
f 212/5/156 198/5/156 199/5/156
f 213/5/157 201/5/157 202/5/157
f 214/5/158 204/5/158 205/5/158
f 215/5/159 207/5/159 208/5/159
f 216/5/160 210/5/160 211/5/160
f 147/3/161 156/3/161 154/3/161
f 148/3/162 159/3/162 157/3/162
f 149/3/163 162/3/163 160/3/163
f 110/3/164 150/3/164 106/3/164
f 108/3/165 165/3/165 112/3/165
f 109/3/166 166/3/166 151/3/166
f 147/3/167 113/3/167 109/3/167
f 154/4/168 171/4/168 169/4/168
f 157/4/169 174/4/169 172/4/169
f 160/4/170 177/4/170 175/4/170
f 114/4/171 163/4/171 110/4/171
f 165/4/172 116/4/172 112/4/172
f 113/4/173 181/4/173 166/4/173
f 153/4/174 117/4/174 113/4/174
f 169/4/175 186/4/175 184/4/175
f 172/4/176 189/4/176 187/4/176
f 175/4/177 192/4/177 190/4/177
f 178/4/178 118/4/178 193/4/178
f 180/4/179 120/4/179 116/4/179
f 117/4/180 196/4/180 181/4/180
f 168/4/181 121/4/181 117/4/181
f 186/4/182 199/4/182 184/4/182
f 189/4/183 202/4/183 187/4/183
f 190/4/184 207/4/184 205/4/184
f 193/4/185 122/4/185 208/4/185
f 120/4/186 210/4/186 124/4/186
f 196/4/187 125/4/187 211/4/187
f 183/4/188 125/4/188 121/4/188
f 201/5/189 212/5/189 199/5/189
f 204/5/190 213/5/190 202/5/190
f 207/5/191 214/5/191 205/5/191
f 215/5/192 122/5/192 126/5/192
f 124/5/193 216/5/193 128/5/193
f 125/5/194 216/5/194 211/5/194
f 198/5/195 129/5/195 125/5/195
f 371/1/196 372/1/196 373/1/196
f 375/1/197 374/1/197 373/1/197
f 374/1/198 376/1/198 373/1/198
f 376/1/199 377/1/199 373/1/199
f 377/1/200 378/1/200 373/1/200
f 372/1/201 379/1/201 373/1/201
f 379/1/202 380/1/202 373/1/202
f 380/1/203 375/1/203 373/1/203
f 211/5/204 210/5/204 209/5/204
f 199/5/205 198/5/205 197/5/205
f 202/5/206 201/5/206 200/5/206
f 205/5/207 204/5/207 203/5/207
f 208/5/208 207/5/208 206/5/208
f 136/3/209 140/3/209 79/3/209
f 293/6/210 295/6/210 296/6/210
f 223/6/211 131/6/211 350/6/211
f 131/6/212 349/6/212 350/6/212
f 132/6/213 277/6/213 220/6/213
f 225/6/214 98/6/214 219/6/214
f 144/6/215 226/6/215 227/6/215
f 137/6/216 229/6/216 228/6/216
f 137/6/217 230/6/217 138/6/217
f 105/6/218 232/6/218 231/6/218
f 136/6/219 231/6/219 233/6/219
f 136/6/220 229/6/220 217/6/220
f 228/6/221 235/6/221 234/6/221
f 230/6/222 236/6/222 138/6/222
f 230/6/223 234/6/223 237/6/223
f 232/6/224 238/6/224 239/6/224
f 232/6/225 240/6/225 231/6/225
f 233/6/226 240/6/226 241/6/226
f 229/6/227 241/6/227 235/6/227
f 104/3/228 238/3/228 146/3/228
f 272/6/229 275/6/229 274/6/229
f 224/6/230 134/6/230 236/6/230
f 234/6/231 243/6/231 242/6/231
f 237/6/232 242/6/232 236/6/232
f 239/6/233 244/6/233 240/6/233
f 240/6/234 245/6/234 241/6/234
f 235/6/235 245/6/235 243/6/235
f 238/6/236 392/6/236 246/6/236
f 238/6/237 246/6/237 244/6/237
f 250/6/238 236/6/238 242/6/238
f 243/6/239 249/6/239 250/6/239
f 244/6/240 248/6/240 245/6/240
f 243/6/241 248/6/241 247/6/241
f 250/6/242 249/6/242 224/6/242
f 224/6/243 236/6/243 250/6/243
f 351/7/244 350/7/244 352/7/244
f 350/7/245 349/7/245 352/7/245
f 343/7/246 353/7/246 354/7/246
f 227/6/247 226/6/247 254/6/247
f 364/1/248 367/1/248 365/1/248
f 224/6/249 249/6/249 252/6/249
f 368/1/250 365/1/250 367/1/250
f 368/1/251 370/1/251 369/1/251
f 249/6/252 247/6/252 252/6/252
f 352/7/253 356/7/253 351/7/253
f 353/7/254 355/7/254 354/7/254
f 258/2/255 262/2/255 263/2/255
f 258/2/256 263/2/256 297/2/256
f 263/2/257 264/2/257 297/2/257
f 297/2/258 264/2/258 302/2/258
f 259/2/259 302/2/259 264/2/259
f 260/2/260 264/2/260 265/2/260
f 260/2/261 266/2/261 261/2/261
f 266/2/262 81/2/262 261/2/262
f 82/2/263 267/2/263 268/2/263
f 77/2/264 268/2/264 269/2/264
f 76/2/265 269/2/265 270/2/265
f 263/3/266 106/3/266 150/3/266
f 264/3/267 150/3/267 149/3/267
f 265/3/268 149/3/268 148/3/268
f 265/3/269 147/3/269 266/3/269
f 266/3/270 109/3/270 267/3/270
f 268/3/271 109/3/271 151/3/271
f 268/3/272 108/3/272 269/3/272
f 269/3/273 107/3/273 270/3/273
f 139/6/274 273/6/274 272/6/274
f 236/6/275 273/6/275 138/6/275
f 139/6/276 274/6/276 135/6/276
f 134/6/277 271/6/277 236/6/277
f 134/6/278 278/6/278 275/6/278
f 277/6/279 130/6/279 222/6/279
f 280/3/280 287/3/280 133/3/280
f 81/2/281 267/2/281 78/2/281
f 79/3/87 261/3/87 87/3/87
f 278/3/282 131/3/282 279/3/282
f 283/3/283 131/3/283 130/3/283
f 281/3/284 276/3/284 132/3/284
f 289/6/285 295/6/285 294/6/285
f 130/3/286 280/3/286 283/3/286
f 133/3/287 283/3/287 280/3/287
f 278/6/288 274/6/288 275/6/288
f 285/6/289 221/6/289 93/6/289
f 282/3/290 285/3/290 93/3/290
f 133/3/291 288/3/291 94/3/291
f 288/3/292 282/3/292 94/3/292
f 286/3/293 290/3/293 289/3/293
f 288/3/294 291/3/294 290/3/294
f 287/3/295 292/3/295 291/3/295
f 284/6/296 294/6/296 293/6/296
f 220/6/297 295/6/297 132/6/297
f 286/3/298 294/3/298 285/3/298
f 281/3/299 295/3/299 292/3/299
f 302/3/259 141/3/259 299/3/259
f 304/6/300 305/6/300 306/6/300
f 307/6/301 304/6/301 306/6/301
f 300/3/302 138/3/302 139/3/302
f 301/3/303 141/3/303 138/3/303
f 299/3/304 303/3/304 304/3/304
f 301/3/305 305/3/305 303/3/305
f 300/3/306 306/3/306 305/3/306
f 297/3/307 306/3/307 298/3/307
f 297/3/308 308/3/308 307/3/308
f 302/3/309 304/3/309 308/3/309
f 277/6/310 296/6/310 220/6/310
f 284/6/311 309/6/311 221/6/311
f 326/6/312 327/6/312 325/6/312
f 328/6/313 329/6/313 326/6/313
f 330/6/314 327/6/314 326/6/314
f 329/6/315 331/6/315 326/6/315
f 331/6/316 330/6/316 326/6/316
f 332/6/317 328/6/317 326/6/317
f 333/6/318 332/6/318 326/6/318
f 219/6/319 218/6/319 310/6/319
f 311/6/320 219/6/320 310/6/320
f 251/6/321 312/6/321 222/6/321
f 225/6/322 314/6/322 253/6/322
f 251/6/323 315/6/323 313/6/323
f 253/6/324 315/6/324 256/6/324
f 293/6/325 296/6/325 316/6/325
f 296/6/326 312/6/326 316/6/326
f 293/6/327 317/6/327 309/6/327
f 319/6/328 310/6/328 318/6/328
f 313/6/329 320/6/329 312/6/329
f 314/6/330 319/6/330 322/6/330
f 334/6/331 336/6/331 337/6/331
f 338/6/332 336/6/332 335/6/332
f 316/6/333 320/6/333 323/6/333
f 316/6/334 324/6/334 317/6/334
f 325/6/335 319/6/335 318/6/335
f 321/6/336 328/6/336 320/6/336
f 322/6/337 327/6/337 330/6/337
f 336/6/338 341/6/338 337/6/338
f 339/6/339 340/6/339 336/6/339
f 323/6/340 328/6/340 332/6/340
f 324/6/341 332/6/341 333/6/341
f 315/6/342 334/6/342 313/6/342
f 321/6/343 334/6/343 337/6/343
f 315/6/344 338/6/344 335/6/344
f 314/6/345 339/6/345 338/6/345
f 331/6/346 341/6/346 340/6/346
f 321/6/347 341/6/347 329/6/347
f 322/6/348 342/6/348 339/6/348
f 331/6/349 342/6/349 330/6/349
f 144/6/350 143/6/350 343/6/350
f 343/6/351 143/6/351 347/6/351
f 143/6/352 225/6/352 347/6/352
f 225/6/353 344/6/353 347/6/353
f 344/6/354 253/6/354 345/6/354
f 256/6/355 345/6/355 253/6/355
f 256/6/356 348/6/356 346/6/356
f 222/6/357 348/6/357 251/6/357
f 223/7/358 351/7/358 348/7/358
f 224/7/359 352/7/359 349/7/359
f 345/7/360 347/7/360 344/7/360
f 254/7/361 343/7/361 354/7/361
f 353/7/362 346/7/362 356/7/362
f 255/7/363 354/7/363 355/7/363
f 252/7/364 355/7/364 352/7/364
f 351/7/365 346/7/365 348/7/365
f 131/6/366 222/6/366 130/6/366
f 227/6/367 358/6/367 246/6/367
f 227/6/368 359/6/368 357/6/368
f 255/6/369 359/6/369 254/6/369
f 248/6/370 358/6/370 361/6/370
f 247/6/371 361/6/371 362/6/371
f 252/6/372 360/6/372 255/6/372
f 247/6/373 363/6/373 252/6/373
f 358/6/374 364/6/374 365/6/374
f 357/6/375 366/6/375 364/6/375
f 360/6/376 366/6/376 359/6/376
f 361/6/377 365/6/377 368/6/377
f 361/6/378 369/6/378 362/6/378
f 363/6/379 367/6/379 360/6/379
f 362/6/380 370/6/380 363/6/380
f 127/5/381 372/5/381 371/5/381
f 213/5/382 375/5/382 212/5/382
f 214/5/383 374/5/383 213/5/383
f 215/5/384 376/5/384 214/5/384
f 126/5/385 377/5/385 215/5/385
f 128/5/386 379/5/386 372/5/386
f 216/5/387 380/5/387 379/5/387
f 212/5/388 380/5/388 129/5/388
f 383/6/389 384/6/389 387/6/389
f 382/6/390 384/6/390 98/6/390
f 382/6/391 386/6/391 385/6/391
f 99/6/392 386/6/392 381/6/392
f 98/6/393 384/6/393 219/6/393
f 218/6/394 384/6/394 383/6/394
f 102/3/395 381/3/395 100/3/395
f 143/3/396 382/3/396 98/3/396
f 387/6/397 385/6/397 386/6/397
f 160/3/398 159/3/398 149/3/398
f 163/3/399 162/3/399 150/3/399
f 157/3/400 156/3/400 148/3/400
f 152/3/401 153/3/401 154/3/401
f 164/3/402 165/3/402 166/3/402
f 217/3/403 140/3/403 136/3/403
f 394/6/404 393/6/404 392/6/404
f 392/6/405 227/6/405 246/6/405
f 227/6/406 388/6/406 145/6/406
f 145/3/407 390/3/407 102/3/407
f 102/3/408 391/3/408 104/3/408
f 389/6/409 394/6/409 392/6/409
f 391/6/410 395/6/410 394/6/410
f 388/6/411 395/6/411 390/6/411
f 104/3/412 402/3/412 103/3/412
f 400/3/413 417/3/413 146/3/413
f 399/3/414 400/3/414 146/3/414
f 403/6/415 406/6/415 404/6/415
f 421/6/416 405/6/416 403/6/416
f 407/6/417 410/6/417 409/6/417
f 398/6/418 404/6/418 105/6/418
f 399/6/419 405/6/419 400/6/419
f 399/6/420 404/6/420 406/6/420
f 415/6/421 405/6/421 422/6/421
f 414/6/422 403/6/422 398/6/422
f 401/6/423 409/6/423 402/6/423
f 397/6/424 410/6/424 408/6/424
f 413/3/425 398/3/425 80/3/425
f 423/6/426 419/6/426 421/6/426
f 412/3/427 80/3/427 74/3/427
f 425/6/428 422/6/428 420/6/428
f 146/3/429 418/3/429 104/3/429
f 418/3/430 401/3/430 104/3/430
f 411/6/431 408/6/431 419/6/431
f 420/6/432 408/6/432 407/6/432
f 416/6/433 407/6/433 401/6/433
f 419/6/434 422/6/434 421/6/434
f 414/6/435 423/6/435 421/6/435
f 413/6/436 424/6/436 423/6/436
f 411/6/437 424/6/437 412/6/437
f 416/6/438 425/6/438 420/6/438
f 418/6/439 426/6/439 425/6/439
f 415/6/440 426/6/440 417/6/440
f 399/6/441 232/6/441 105/6/441
f 462/6/442 464/6/442 463/6/442
f 429/2/443 435/2/443 439/2/443
f 429/2/444 431/2/444 435/2/444
f 430/2/445 461/2/445 460/2/445
f 431/2/446 436/2/446 435/2/446
f 438/2/447 455/2/447 454/2/447
f 439/2/448 432/2/448 438/2/448
f 435/2/449 434/2/449 439/2/449
f 506/2/450 508/2/450 505/2/450
f 436/2/451 440/2/451 435/2/451
f 465/6/452 467/6/452 466/6/452
f 429/2/453 428/2/453 511/2/453
f 431/2/454 511/2/454 512/2/454
f 430/2/455 444/2/455 428/2/455
f 431/2/456 513/2/456 436/2/456
f 432/2/457 456/2/457 455/2/457
f 434/2/458 449/2/458 432/2/458
f 508/2/459 507/2/459 451/2/459
f 436/2/460 514/2/460 441/2/460
f 429/2/461 461/2/461 428/2/461
f 427/2/462 459/2/462 458/2/462
f 433/2/463 454/2/463 455/2/463
f 455/2/464 448/2/464 433/2/464
f 453/2/465 442/2/465 457/2/465
f 458/2/466 454/2/466 437/2/466
f 438/2/467 459/2/467 460/2/467
f 439/2/468 460/2/468 461/2/468
f 462/2/469 459/2/469 453/2/469
f 463/2/470 460/2/470 459/2/470
f 460/2/471 465/2/471 430/2/471
f 465/2/472 443/2/472 430/2/472
f 462/2/473 457/2/473 467/2/473
f 499/6/474 501/6/474 502/6/474
f 470/2/475 480/2/475 476/2/475
f 470/2/476 476/2/476 472/2/476
f 471/2/477 498/2/477 469/2/477
f 472/2/478 476/2/478 477/2/478
f 479/2/479 492/2/479 473/2/479
f 480/2/480 473/2/480 475/2/480
f 476/2/481 480/2/481 475/2/481
f 509/2/482 506/2/482 510/2/482
f 477/2/483 440/2/483 441/2/483
f 502/6/484 504/6/484 499/6/484
f 470/2/485 517/2/485 469/2/485
f 472/2/486 517/2/486 470/2/486
f 469/2/487 482/2/487 471/2/487
f 515/2/488 472/2/488 477/2/488
f 493/2/489 473/2/489 492/2/489
f 488/2/490 475/2/490 473/2/490
f 509/2/491 451/2/491 507/2/491
f 514/2/492 477/2/492 441/2/492
f 498/2/493 470/2/493 469/2/493
f 468/2/494 496/2/494 490/2/494
f 491/2/495 474/2/495 492/2/495
f 487/2/496 492/2/496 474/2/496
f 481/2/497 490/2/497 494/2/497
f 495/2/498 491/2/498 496/2/498
f 496/2/499 479/2/499 497/2/499
f 497/2/500 480/2/500 498/2/500
f 496/2/501 499/2/501 490/2/501
f 497/2/502 500/2/502 496/2/502
f 497/2/503 502/2/503 501/2/503
f 502/2/504 482/2/504 503/2/504
f 499/2/505 494/2/505 490/2/505
f 440/2/506 505/2/506 435/2/506
f 434/2/507 505/2/507 508/2/507
f 450/2/508 508/2/508 451/2/508
f 475/2/509 510/2/509 476/2/509
f 440/2/510 510/2/510 506/2/510
f 489/2/511 509/2/511 475/2/511
f 428/2/512 445/2/512 511/2/512
f 512/2/513 511/2/513 445/2/513
f 512/2/514 447/2/514 513/2/514
f 513/2/515 452/2/515 514/2/515
f 515/2/516 452/2/516 486/2/516
f 516/2/517 486/2/517 485/2/517
f 517/2/518 516/2/518 484/2/518
f 469/2/519 484/2/519 483/2/519
f 512/2/520 445/2/520 446/2/520
f 484/2/521 516/2/521 485/2/521
f 518/1/522 565/1/522 566/1/522
f 519/1/523 564/1/523 565/1/523
f 520/1/524 563/1/524 564/1/524
f 522/1/525 563/1/525 521/1/525
f 523/1/526 562/1/526 522/1/526
f 524/1/527 561/1/527 523/1/527
f 525/1/528 560/1/528 524/1/528
f 526/1/529 559/1/529 525/1/529
f 526/1/530 567/1/530 568/1/530
f 527/1/531 566/1/531 567/1/531
f 539/1/532 538/1/532 540/1/532
f 541/1/533 539/1/533 540/1/533
f 542/1/534 541/1/534 540/1/534
f 543/1/535 542/1/535 540/1/535
f 544/1/536 543/1/536 540/1/536
f 545/1/537 544/1/537 540/1/537
f 546/1/538 545/1/538 540/1/538
f 547/1/539 546/1/539 540/1/539
f 548/1/540 547/1/540 540/1/540
f 538/1/541 548/1/541 540/1/541
f 549/1/542 539/1/542 550/1/542
f 551/1/543 539/1/543 541/1/543
f 552/1/544 541/1/544 542/1/544
f 553/1/545 542/1/545 543/1/545
f 553/1/546 544/1/546 554/1/546
f 554/1/547 545/1/547 555/1/547
f 555/1/548 546/1/548 556/1/548
f 557/1/549 546/1/549 547/1/549
f 557/1/550 548/1/550 558/1/550
f 549/1/551 548/1/551 538/1/551
f 518/1/552 550/1/552 519/1/552
f 520/1/553 550/1/553 551/1/553
f 521/1/554 551/1/554 552/1/554
f 521/1/555 553/1/555 522/1/555
f 522/1/556 554/1/556 523/1/556
f 523/1/557 555/1/557 524/1/557
f 524/1/558 556/1/558 525/1/558
f 526/1/559 556/1/559 557/1/559
f 526/1/560 558/1/560 527/1/560
f 527/1/561 549/1/561 518/1/561
f 559/1/562 534/1/562 560/1/562
f 560/1/563 533/1/563 561/1/563
f 561/1/564 532/1/564 562/1/564
f 563/1/565 532/1/565 531/1/565
f 563/1/566 530/1/566 564/1/566
f 565/1/567 530/1/567 529/1/567
f 566/1/568 529/1/568 528/1/568
f 567/1/569 528/1/569 537/1/569
f 568/1/570 537/1/570 536/1/570
f 568/1/571 535/1/571 559/1/571
f 636/7/572 638/7/572 635/7/572
f 571/7/573 598/7/573 570/7/573
f 571/7/574 631/7/574 597/7/574
f 572/6/575 657/6/575 596/6/575
f 667/1/576 669/1/576 670/1/576
f 668/1/577 672/1/577 669/1/577
f 574/7/578 626/7/578 627/7/578
f 574/7/579 593/7/579 594/7/579
f 639/7/580 641/7/580 642/7/580
f 635/7/581 641/7/581 640/7/581
f 585/2/582 610/2/582 586/2/582
f 625/2/583 582/2/583 624/2/583
f 673/1/584 676/1/584 674/1/584
f 677/1/585 676/1/585 678/1/585
f 658/6/586 580/6/586 588/6/586
f 632/2/587 579/2/587 589/2/587
f 590/2/588 611/2/588 578/2/588
f 590/2/589 577/2/589 591/2/589
f 591/2/590 584/2/590 592/2/590
f 592/2/591 583/2/591 585/2/591
f 594/2/592 585/2/592 586/2/592
f 626/2/593 586/2/593 625/2/593
f 672/1/594 674/1/594 669/1/594
f 670/1/595 674/1/595 677/1/595
f 657/6/596 588/6/596 596/6/596
f 631/2/597 589/2/597 597/2/597
f 597/2/598 590/2/598 598/2/598
f 638/2/599 643/2/599 644/2/599
f 638/2/600 645/2/600 641/2/600
f 641/2/601 646/2/601 642/2/601
f 570/2/602 599/2/602 600/2/602
f 571/2/603 600/2/603 601/2/603
f 630/2/604 601/2/604 629/2/604
f 656/6/605 602/6/605 655/6/605
f 668/1/606 679/1/606 680/1/606
f 671/1/607 680/1/607 681/1/607
f 627/2/608 606/2/608 574/2/608
f 574/2/609 607/2/609 575/2/609
f 575/2/610 608/2/610 576/2/610
f 569/2/611 608/2/611 599/2/611
f 600/1/612 599/1/612 609/1/612
f 601/1/613 600/1/613 609/1/613
f 629/1/614 609/1/614 602/1/614
f 603/1/615 602/1/615 609/1/615
f 604/1/616 603/1/616 609/1/616
f 605/1/617 604/1/617 609/1/617
f 628/1/618 609/1/618 606/1/618
f 607/1/619 606/1/619 609/1/619
f 608/1/620 607/1/620 609/1/620
f 599/1/621 608/1/621 609/1/621
f 586/2/622 610/2/622 582/2/622
f 611/2/623 589/2/623 579/2/623
f 578/2/624 612/2/624 577/2/624
f 611/2/625 613/2/625 578/2/625
f 633/2/626 615/2/626 579/2/626
f 659/6/627 616/6/627 580/6/627
f 676/1/628 683/1/628 678/1/628
f 675/1/629 682/1/629 676/1/629
f 624/2/630 619/2/630 623/2/630
f 582/2/631 620/2/631 619/2/631
f 584/2/632 621/2/632 583/2/632
f 577/2/633 622/2/633 584/2/633
f 610/2/634 621/2/634 620/2/634
f 579/2/635 614/2/635 611/2/635
f 612/1/636 613/1/636 617/1/636
f 613/1/637 614/1/637 617/1/637
f 615/1/638 634/1/638 617/1/638
f 616/1/639 660/1/639 617/1/639
f 617/1/640 666/1/640 618/1/640
f 617/1/641 623/1/641 619/1/641
f 619/1/642 620/1/642 617/1/642
f 621/1/643 622/1/643 617/1/643
f 622/1/644 612/1/644 617/1/644
f 620/1/645 621/1/645 617/1/645
f 614/1/646 615/1/646 617/1/646
f 624/6/647 618/6/647 581/6/647
f 625/6/648 581/6/648 587/6/648
f 626/6/649 587/6/649 595/6/649
f 573/6/650 626/6/650 595/6/650
f 627/6/651 605/6/651 628/6/651
f 630/6/652 602/6/652 572/6/652
f 631/6/653 572/6/653 596/6/653
f 631/6/654 588/6/654 632/6/654
f 632/6/655 580/6/655 633/6/655
f 633/6/656 616/6/656 634/6/656
f 647/7/657 649/7/657 650/7/657
f 570/7/658 637/7/658 636/7/658
f 652/7/659 654/7/659 651/7/659
f 575/7/660 642/7/660 593/7/660
f 652/7/661 650/7/661 653/7/661
f 598/2/662 643/2/662 637/2/662
f 591/2/663 643/2/663 590/2/663
f 592/2/664 644/2/664 591/2/664
f 592/2/665 646/2/665 645/2/665
f 593/2/666 646/2/666 585/2/666
f 569/7/667 648/7/667 647/7/667
f 636/7/668 648/7/668 570/7/668
f 635/7/669 649/7/669 636/7/669
f 575/7/670 576/7/670 651/7/670
f 640/7/671 654/7/671 653/7/671
f 639/7/672 651/7/672 654/7/672
f 576/7/673 647/7/673 652/7/673
f 640/7/674 650/7/674 635/7/674
f 685/1/675 679/1/675 667/1/675
f 687/1/676 667/1/676 670/1/676
f 687/1/677 677/1/677 688/1/677
f 688/1/678 678/1/678 689/1/678
f 689/1/679 683/1/679 690/1/679
f 662/6/680 605/6/680 573/6/680
f 662/6/681 595/6/681 663/6/681
f 663/6/682 587/6/682 664/6/682
f 664/6/683 581/6/683 665/6/683
f 665/6/684 618/6/684 666/6/684
f 662/6/685 672/6/685 671/6/685
f 664/6/686 675/6/686 673/6/686
f 664/6/687 672/6/687 663/6/687
f 603/1/688 680/1/688 679/1/688
f 661/6/689 681/6/689 604/6/689
f 604/1/690 681/1/690 680/1/690
f 661/6/691 671/6/691 681/6/691
f 617/6/692 683/6/692 682/6/692
f 666/6/693 675/6/693 665/6/693
f 666/6/694 617/6/694 684/6/694
f 684/6/695 617/6/695 682/6/695
f 655/6/696 685/6/696 656/6/696
f 655/6/697 603/6/697 686/6/697
f 686/1/698 603/1/698 679/1/698
f 656/6/699 687/6/699 657/6/699
f 658/6/700 687/6/700 688/6/700
f 658/6/701 689/6/701 659/6/701
f 660/6/702 689/6/702 690/6/702
f 660/6/703 690/6/703 617/6/703
f 617/6/704 690/6/704 683/6/704
f 617/1/705 634/1/705 616/1/705
f 618/1/706 623/1/706 617/1/706
f 651/7/707 576/7/707 652/7/707
f 569/7/708 570/7/708 648/7/708
f 706/7/709 703/7/709 704/7/709
f 708/7/710 709/7/710 707/7/710
f 711/7/711 710/7/711 708/7/711
f 713/7/712 712/7/712 711/7/712
f 705/7/713 713/7/713 703/7/713
f 697/7/714 692/7/714 698/7/714
f 700/7/715 693/7/715 694/7/715
f 701/7/716 694/7/716 695/7/716
f 702/7/717 695/7/717 696/7/717
f 702/7/718 691/7/718 697/7/718
f 698/7/719 703/7/719 697/7/719
f 705/7/720 692/7/720 691/7/720
f 692/7/721 704/7/721 698/7/721
f 708/7/722 699/7/722 700/7/722
f 707/7/723 693/7/723 699/7/723
f 693/7/724 710/7/724 694/7/724
f 711/7/725 700/7/725 701/7/725
f 694/7/726 712/7/726 695/7/726
f 702/7/727 711/7/727 701/7/727
f 712/7/728 696/7/728 695/7/728
f 697/7/729 713/7/729 702/7/729
f 714/7/730 691/7/730 696/7/730
f 715/2/731 727/2/731 728/2/731
f 716/2/732 720/2/732 717/2/732
f 730/2/733 718/2/733 729/2/733
f 721/2/734 715/2/734 718/2/734
f 718/2/735 728/2/735 729/2/735
f 723/2/736 716/2/736 724/2/736
f 724/2/737 717/2/737 725/2/737
f 717/2/738 726/2/738 725/2/738
f 739/1/739 742/1/739 740/1/739
f 740/1/740 744/1/740 743/1/740
f 745/1/741 743/1/741 744/1/741
f 728/2/742 731/2/742 732/2/742
f 727/2/743 733/2/743 731/2/743
f 724/2/744 733/2/744 723/2/744
f 728/2/745 735/2/745 729/2/745
f 724/2/746 736/2/746 734/2/746
f 725/2/747 737/2/747 736/2/747
f 730/2/748 737/2/748 726/2/748
f 729/2/749 738/2/749 730/2/749
f 732/2/750 739/2/750 740/2/750
f 733/2/751 739/2/751 731/2/751
f 734/2/752 741/2/752 733/2/752
f 732/2/753 743/2/753 735/2/753
f 734/2/754 744/2/754 742/2/754
f 736/2/755 745/2/755 744/2/755
f 737/2/756 746/2/756 745/2/756
f 735/2/757 746/2/757 738/2/757
f 723/2/758 753/2/758 754/2/758
f 753/2/759 722/2/759 752/2/759
f 751/2/760 722/2/760 721/2/760
f 750/2/761 721/2/761 730/2/761
f 750/2/762 726/2/762 749/2/762
f 749/2/763 720/2/763 748/2/763
f 748/2/764 719/2/764 747/2/764
f 754/2/765 719/2/765 723/2/765
f 747/2/766 756/2/766 748/2/766
f 748/2/767 757/2/767 749/2/767
f 749/2/768 758/2/768 750/2/768
f 750/2/769 759/2/769 751/2/769
f 752/2/770 759/2/770 760/2/770
f 753/2/771 760/2/771 761/2/771
f 754/2/772 761/2/772 762/2/772
f 747/2/773 762/2/773 755/2/773
f 778/1/774 796/1/774 795/1/774
f 797/1/775 769/1/775 798/1/775
f 780/1/776 770/1/776 775/1/776
f 791/1/777 774/1/777 792/1/777
f 773/1/778 794/1/778 793/1/778
f 764/1/779 796/1/779 763/1/779
f 780/1/780 765/1/780 766/1/780
f 767/1/781 770/1/781 766/1/781
f 768/1/782 798/1/782 769/1/782
f 771/1/783 775/1/783 770/1/783
f 793/1/784 774/1/784 773/1/784
f 776/1/785 780/1/785 775/1/785
f 795/1/786 779/1/786 778/1/786
f 765/1/787 767/1/787 766/1/787
f 770/1/788 772/1/788 771/1/788
f 775/1/789 777/1/789 776/1/789
f 780/1/790 782/1/790 781/1/790
f 783/1/791 777/1/791 771/1/791
f 776/1/792 784/1/792 785/1/792
f 785/1/793 782/1/793 776/1/793
f 787/1/794 782/1/794 786/1/794
f 788/1/795 781/1/795 787/1/795
f 789/1/796 765/1/796 788/1/796
f 789/1/797 772/1/797 767/1/797
f 771/1/798 790/1/798 783/1/798
f 791/1/799 784/1/799 783/1/799
f 793/1/800 784/1/800 792/1/800
f 793/1/801 786/1/801 785/1/801
f 787/1/802 794/1/802 795/1/802
f 796/1/803 787/1/803 795/1/803
f 797/1/804 788/1/804 796/1/804
f 789/1/805 798/1/805 790/1/805
f 783/1/806 798/1/806 791/1/806
f 800/2/807 837/2/807 799/2/807
f 836/2/808 801/2/808 835/2/808
f 870/2/809 871/2/809 835/2/809
f 803/6/810 834/6/810 878/6/810
f 803/6/811 832/6/811 833/6/811
f 805/6/812 831/6/812 832/6/812
f 806/2/813 868/2/813 875/2/813
f 806/2/814 829/2/814 830/2/814
f 807/2/815 838/2/815 829/2/815
f 799/2/816 838/2/816 808/2/816
f 819/2/817 850/2/817 820/2/817
f 867/2/818 816/2/818 866/2/818
f 822/6/819 815/6/819 814/6/819
f 823/6/820 814/6/820 813/6/820
f 823/6/821 812/6/821 824/6/821
f 872/2/822 811/2/822 825/2/822
f 825/2/823 810/2/823 826/2/823
f 827/2/824 810/2/824 809/2/824
f 827/2/825 818/2/825 828/2/825
f 828/2/826 817/2/826 819/2/826
f 884/2/827 820/2/827 881/2/827
f 880/2/828 820/2/828 867/2/828
f 832/6/829 821/6/829 822/6/829
f 833/6/830 822/6/830 823/6/830
f 833/6/831 824/6/831 834/6/831
f 871/2/832 888/2/832 835/2/832
f 890/2/833 826/2/833 836/2/833
f 836/2/834 827/2/834 837/2/834
f 837/2/835 828/2/835 838/2/835
f 838/2/836 819/2/836 829/2/836
f 799/2/837 840/2/837 800/2/837
f 800/2/838 841/2/838 801/2/838
f 870/2/839 801/2/839 841/2/839
f 803/6/840 842/6/840 843/6/840
f 803/6/841 844/6/841 804/6/841
f 804/6/842 845/6/842 805/6/842
f 806/2/843 869/2/843 846/2/843
f 807/2/844 846/2/844 847/2/844
f 808/2/845 847/2/845 848/2/845
f 808/2/846 839/2/846 799/2/846
f 840/2/847 839/2/847 849/2/847
f 841/2/848 840/2/848 849/2/848
f 847/2/849 846/2/849 849/2/849
f 848/2/850 847/2/850 849/2/850
f 839/2/851 848/2/851 849/2/851
f 820/2/852 850/2/852 816/2/852
f 851/2/853 825/2/853 811/2/853
f 809/2/854 853/2/854 852/2/854
f 851/2/855 853/2/855 810/2/855
f 873/2/856 855/2/856 811/2/856
f 812/6/857 857/6/857 856/6/857
f 813/6/858 858/6/858 857/6/858
f 814/6/859 859/6/859 858/6/859
f 866/2/860 860/2/860 865/2/860
f 850/2/861 860/2/861 816/2/861
f 817/2/862 863/2/862 862/2/862
f 809/2/863 863/2/863 818/2/863
f 817/2/864 861/2/864 850/2/864
f 851/2/865 855/2/865 854/2/865
f 852/1/866 853/1/866 864/1/866
f 853/1/867 854/1/867 864/1/867
f 855/1/868 874/1/868 864/1/868
f 856/1/869 857/1/869 864/1/869
f 857/1/870 858/1/870 864/1/870
f 858/1/871 859/1/871 864/1/871
f 864/1/872 865/1/872 860/1/872
f 860/1/873 861/1/873 864/1/873
f 862/1/874 863/1/874 864/1/874
f 863/1/875 852/1/875 864/1/875
f 861/1/876 862/1/876 864/1/876
f 854/1/877 855/1/877 864/1/877
f 866/6/878 859/6/878 815/6/878
f 821/6/879 866/6/879 815/6/879
f 831/6/880 868/6/880 882/6/880
f 871/6/881 878/6/881 834/6/881
f 872/6/882 887/6/882 824/6/882
f 873/6/883 824/6/883 812/6/883
f 873/6/884 856/6/884 874/6/884
f 876/6/885 868/6/885 831/6/885
f 876/6/886 877/6/886 875/6/886
f 805/6/887 878/6/887 876/6/887
f 845/6/888 802/6/888 805/6/888
f 843/6/889 845/6/889 844/6/889
f 869/2/890 875/2/890 879/2/890
f 879/2/891 877/2/891 870/2/891
f 879/2/892 875/2/892 877/2/892
f 879/2/893 841/2/893 849/2/893
f 879/2/894 846/2/894 869/2/894
f 892/6/895 894/6/895 895/6/895
f 868/2/896 883/2/896 882/2/896
f 896/6/897 894/6/897 893/6/897
f 830/2/898 885/2/898 883/2/898
f 885/2/899 819/2/899 884/2/899
f 887/2/900 825/2/900 889/2/900
f 898/6/901 901/6/901 899/6/901
f 902/6/902 899/6/902 901/6/902
f 826/2/903 889/2/903 825/2/903
f 835/2/904 890/2/904 836/2/904
f 800/2/905 801/2/905 836/2/905
f 882/2/906 893/2/906 892/2/906
f 881/2/907 895/2/907 894/2/907
f 882/6/908 895/6/908 880/6/908
f 885/2/909 893/2/909 883/2/909
f 885/2/910 897/2/910 896/2/910
f 884/2/911 894/2/911 897/2/911
f 891/2/912 899/2/912 889/2/912
f 890/2/913 898/2/913 891/2/913
f 890/2/914 901/2/914 900/2/914
f 886/2/915 901/2/915 888/2/915
f 886/2/916 903/2/916 902/2/916
f 889/2/917 903/2/917 887/2/917
f 831/6/918 880/6/918 821/6/918
f 821/6/919 880/6/919 867/6/919
f 834/6/920 886/6/920 871/6/920
f 887/6/921 834/6/921 824/6/921
f 806/2/922 807/2/922 829/2/922
f 864/1/923 874/1/923 856/1/923
f 859/1/924 865/1/924 864/1/924
f 904/7/925 960/7/925 961/7/925
f 933/7/926 929/7/926 906/7/926
f 949/7/927 910/7/927 948/7/927
f 926/7/928 932/7/928 904/7/928
f 931/7/929 957/7/929 905/7/929
f 913/7/930 945/7/930 925/7/930
f 926/7/931 913/7/931 925/7/931
f 961/7/932 913/7/932 904/7/932
f 914/7/933 929/7/933 930/7/933
f 948/7/934 912/7/934 947/7/934
f 921/7/935 934/7/935 908/7/935
f 915/7/936 921/7/936 908/7/936
f 912/7/937 946/7/937 947/7/937
f 918/7/938 912/7/938 910/7/938
f 935/7/939 918/7/939 910/7/939
f 919/7/940 952/7/940 953/7/940
f 921/7/941 920/7/941 916/7/941
f 918/7/942 919/7/942 923/7/942
f 954/7/943 919/7/943 953/7/943
f 929/7/944 920/7/944 921/7/944
f 929/7/945 922/7/945 930/7/945
f 925/7/946 946/7/946 917/7/946
f 918/7/947 925/7/947 917/7/947
f 923/7/948 926/7/948 918/7/948
f 955/7/949 923/7/949 954/7/949
f 929/7/950 928/7/950 924/7/950
f 926/7/951 927/7/951 931/7/951
f 931/7/952 955/7/952 956/7/952
f 931/7/953 905/7/953 932/7/953
f 959/7/954 938/7/954 958/7/954
f 928/7/955 933/7/955 907/7/955
f 916/7/956 909/7/956 934/7/956
f 950/7/957 943/7/957 941/7/957
f 919/7/958 935/7/958 911/7/958
f 932/7/959 959/7/959 960/7/959
f 905/7/960 936/7/960 932/7/960
f 957/7/961 938/7/961 905/7/961
f 907/7/962 937/7/962 939/7/962
f 935/7/963 950/7/963 941/7/963
f 909/7/964 940/7/964 934/7/964
f 952/7/965 943/7/965 951/7/965
f 911/7/966 941/7/966 943/7/966
f 906/7/967 929/7/967 914/7/967
f 922/7/968 921/7/968 915/7/968
f 945/7/969 914/7/969 930/7/969
f 945/7/970 922/7/970 946/7/970
f 946/7/971 915/7/971 947/7/971
f 948/7/972 915/7/972 908/7/972
f 908/7/973 949/7/973 948/7/973
f 949/7/974 940/7/974 950/7/974
f 950/7/975 942/7/975 951/7/975
f 952/7/976 942/7/976 909/7/976
f 953/7/977 909/7/977 916/7/977
f 954/7/978 916/7/978 920/7/978
f 924/7/979 954/7/979 920/7/979
f 928/7/980 955/7/980 924/7/980
f 956/7/981 907/7/981 957/7/981
f 957/7/982 939/7/982 958/7/982
f 959/7/983 939/7/983 937/7/983
f 960/7/984 937/7/984 933/7/984
f 960/7/985 906/7/985 961/7/985
f 961/7/986 914/7/986 944/7/986
f 962/2/987 983/2/987 963/2/987
f 966/2/988 984/2/988 962/2/988
f 980/2/989 966/2/989 967/2/989
f 981/2/990 967/2/990 965/2/990
f 982/2/991 965/2/991 964/2/991
f 963/2/992 982/2/992 964/2/992
f 990/8/993 975/8/993 1019/8/993
f 1003/8/994 974/8/994 990/8/994
f 968/8/995 987/8/995 986/8/995
f 1022/8/996 1032/8/996 1031/8/996
f 1020/2/997 972/2/997 993/2/997
f 1037/2/998 1038/2/998 1039/2/998
f 1040/2/999 1037/2/999 1041/2/999
f 984/2/1000 986/2/1000 983/2/1000
f 1021/2/1001 968/2/1001 984/2/1001
f 980/2/1002 970/2/1002 985/2/1002
f 969/2/1003 1002/2/1003 1018/2/1003
f 977/8/1004 989/8/1004 988/8/1004
f 989/2/1005 973/2/1005 969/2/1005
f 991/2/1006 972/2/1006 1020/2/1006
f 992/8/1007 986/8/1007 987/8/1007
f 992/8/1008 993/8/1008 972/8/1008
f 995/8/1009 1035/8/1009 1034/8/1009
f 995/8/1010 970/8/1010 971/8/1010
f 1044/2/1011 1045/2/1011 1046/2/1011
f 1047/2/1012 1050/2/1012 1048/2/1012
f 1009/2/1013 992/2/1013 987/2/1013
f 1008/2/1014 994/2/1014 992/2/1014
f 1012/2/1015 1034/2/1015 1033/2/1015
f 995/2/1016 1015/2/1016 979/2/1016
f 1035/2/1017 971/2/1017 980/2/1017
f 981/2/1018 993/2/1018 980/2/1018
f 1002/2/1019 986/2/1019 972/2/1019
f 977/8/1020 1019/8/1020 975/8/1020
f 983/2/1021 986/2/1021 1002/2/1021
f 1040/2/1022 1041/2/1022 1042/2/1022
f 972/2/1023 991/2/1023 1018/2/1023
f 1018/2/1024 1002/2/1024 972/2/1024
f 989/8/1025 976/8/1025 1003/8/1025
f 989/8/1026 1003/8/1026 990/8/1026
f 1010/2/1027 994/2/1027 1011/2/1027
f 968/8/1028 1007/8/1028 993/8/1028
f 1014/2/1029 1007/2/1029 1004/2/1029
f 978/8/1030 993/8/1030 994/8/1030
f 1009/8/1031 1016/8/1031 1008/8/1031
f 1010/8/1032 997/8/1032 1009/8/1032
f 996/8/1033 1011/8/1033 1017/8/1033
f 999/8/1034 1011/8/1034 1008/8/1034
f 1001/8/1035 1033/8/1035 1029/8/1035
f 1005/8/1036 1013/8/1036 1014/8/1036
f 1028/8/1037 1023/8/1037 1030/8/1037
f 1012/8/1038 998/8/1038 1015/8/1038
f 1016/8/1039 999/8/1039 1008/8/1039
f 988/2/1040 969/2/1040 1018/2/1040
f 991/2/1041 988/2/1041 1018/2/1041
f 973/2/1042 1019/2/1042 991/2/1042
f 991/2/1043 1020/2/1043 981/2/1043
f 981/2/1044 1020/2/1044 993/2/1044
f 985/2/1045 1021/2/1045 984/2/1045
f 1004/8/1046 1021/8/1046 1022/8/1046
f 1051/2/1047 1049/2/1047 1047/2/1047
f 1024/8/1048 1014/8/1048 1023/8/1048
f 1025/8/1049 1013/8/1049 1006/8/1049
f 1013/2/1050 1027/2/1050 1007/2/1050
f 1007/8/1051 1027/8/1051 993/8/1051
f 1035/8/1052 993/8/1052 1027/8/1052
f 998/8/1053 1030/8/1053 1015/8/1053
f 1054/2/1054 1050/2/1054 1053/2/1054
f 970/8/1055 1031/8/1055 1032/8/1055
f 985/2/1056 970/2/1056 1032/2/1056
f 1029/8/1057 1026/8/1057 1025/8/1057
f 1033/2/1058 1027/2/1058 1026/2/1058
f 1027/8/1059 1034/8/1059 1035/8/1059
f 993/2/1060 1035/2/1060 980/2/1060
f 991/2/1061 1036/2/1061 973/2/1061
f 991/2/1062 1039/2/1062 1038/2/1062
f 982/2/1063 1039/2/1063 981/2/1063
f 969/2/1064 1036/2/1064 1040/2/1064
f 982/2/1065 1041/2/1065 1037/2/1065
f 983/2/1066 1042/2/1066 1041/2/1066
f 1002/2/1067 1040/2/1067 1042/2/1067
f 978/2/1068 1043/2/1068 1044/2/1068
f 1009/2/1069 1043/2/1069 1010/2/1069
f 1009/2/1070 1046/2/1070 1045/2/1070
f 978/2/1071 1046/2/1071 987/2/1071
f 1030/2/1072 1047/2/1072 1048/2/1072
f 1022/2/1073 1050/2/1073 1049/2/1073
f 1023/2/1074 1051/2/1074 1047/2/1074
f 1014/2/1075 1052/2/1075 1051/2/1075
f 1022/2/1076 1052/2/1076 1004/2/1076
f 1015/2/1077 1053/2/1077 979/2/1077
f 1030/2/1078 1054/2/1078 1015/2/1078
f 1031/2/1079 1053/2/1079 1050/2/1079
f 1024/8/1080 1006/8/1080 1005/8/1080
f 1025/8/1081 1028/8/1081 1029/8/1081
f 1029/8/1082 998/8/1082 1001/8/1082
f 996/8/1083 1016/8/1083 997/8/1083
f 999/8/1084 1017/8/1084 1000/8/1084
f 1011/8/1085 1000/8/1085 1017/8/1085
f 1003/8/1086 977/8/1086 975/8/1086
f 974/8/1087 1003/8/1087 975/8/1087
f 963/2/1088 1056/2/1088 962/2/1088
f 965/2/1089 1058/2/1089 964/2/1089
f 962/2/1090 1059/2/1090 966/2/1090
f 965/2/1091 1060/2/1091 1057/2/1091
f 963/2/1092 1058/2/1092 1055/2/1092
f 967/2/1093 1059/2/1093 1060/2/1093
f 1062/2/1094 1061/2/1094 1063/2/1094
f 1065/2/1095 1064/2/1095 1063/2/1095
f 1066/2/1096 1062/2/1096 1063/2/1096
f 1064/2/1097 1067/2/1097 1063/2/1097
f 1061/2/1098 1065/2/1098 1063/2/1098
f 1067/2/1099 1066/2/1099 1063/2/1099
f 1055/2/1100 1062/2/1100 1056/2/1100
f 1058/2/1101 1064/2/1101 1065/2/1101
f 1056/2/1102 1066/2/1102 1059/2/1102
f 1060/2/1103 1064/2/1103 1057/2/1103
f 1058/2/1104 1061/2/1104 1055/2/1104
f 1060/2/1105 1066/2/1105 1067/2/1105
f 1068/2/1106 1079/2/1106 1076/2/1106
f 1070/2/1107 1087/2/1107 1072/2/1107
f 1077/2/1108 1075/2/1108 1074/2/1108
f 1069/2/1109 1078/2/1109 1079/2/1109
f 1068/2/1110 1077/2/1110 1074/2/1110
f 1093/2/1111 1094/2/1111 1095/2/1111
f 1072/2/1112 1087/2/1112 1077/2/1112
f 1096/2/1113 1099/2/1113 1097/2/1113
f 1076/2/1114 1086/2/1114 1070/2/1114
f 1071/2/1107 1081/2/1107 1080/2/1107
f 1078/2/1112 1081/2/1112 1073/2/1112
f 1080/2/1114 1079/2/1114 1071/2/1114
f 1080/2/1115 1083/2/1115 1082/2/1115
f 1078/2/1116 1083/2/1116 1081/2/1116
f 1082/2/1117 1079/2/1117 1080/2/1117
f 1082/2/1118 1085/2/1118 1084/2/1118
f 1085/2/1119 1078/2/1119 1077/2/1119
f 1076/2/1120 1082/2/1120 1084/2/1120
f 1086/2/1121 1085/2/1121 1087/2/1121
f 1077/2/1122 1087/2/1122 1085/2/1122
f 1086/2/1123 1076/2/1123 1084/2/1123
f 1068/2/1124 1088/2/1124 1089/2/1124
f 1074/2/1125 1090/2/1125 1088/2/1125
f 1069/2/1126 1090/2/1126 1075/2/1126
f 1068/2/1127 1091/2/1127 1069/2/1127
f 1077/2/1128 1092/2/1128 1093/2/1128
f 1070/2/1129 1092/2/1129 1076/2/1129
f 1072/2/1130 1094/2/1130 1070/2/1130
f 1072/2/1131 1093/2/1131 1095/2/1131
f 1078/2/1132 1097/2/1132 1079/2/1132
f 1073/2/1133 1096/2/1133 1078/2/1133
f 1073/2/1134 1099/2/1134 1098/2/1134
f 1071/2/1135 1097/2/1135 1099/2/1135
f 1128/6/1136 1101/6/1136 1131/6/1136
f 1118/2/1137 1104/2/1137 1102/2/1137
f 1129/6/1138 1107/6/1138 1106/6/1138
f 1101/6/1139 1130/6/1139 1131/6/1139
f 1100/6/1140 1129/6/1140 1106/6/1140
f 1120/2/1141 1123/2/1141 1121/2/1141
f 1104/2/1142 1119/2/1142 1109/2/1142
f 1125/2/1143 1126/2/1143 1127/2/1143
f 1108/2/1144 1118/2/1144 1102/2/1144
f 1103/2/1137 1113/2/1137 1112/2/1137
f 1110/2/1142 1113/2/1142 1105/2/1142
f 1112/2/1144 1111/2/1144 1103/2/1144
f 1112/2/1145 1115/2/1145 1114/2/1145
f 1110/2/1146 1115/2/1146 1113/2/1146
f 1114/2/1147 1111/2/1147 1112/2/1147
f 1114/2/1148 1117/2/1148 1116/2/1148
f 1117/2/1149 1110/2/1149 1109/2/1149
f 1108/2/1150 1114/2/1150 1116/2/1150
f 1118/2/1151 1117/2/1151 1119/2/1151
f 1109/2/1152 1119/2/1152 1117/2/1152
f 1118/2/1153 1108/2/1153 1116/2/1153
f 1106/6/1126 1091/6/1126 1100/6/1126
f 1106/6/1154 1088/6/1154 1090/6/1154
f 1107/6/1124 1089/6/1124 1088/6/1124
f 1100/6/1155 1089/6/1155 1101/6/1155
f 1109/2/1156 1120/2/1156 1121/2/1156
f 1102/2/1157 1120/2/1157 1108/2/1157
f 1104/2/1158 1122/2/1158 1102/2/1158
f 1104/2/1159 1121/2/1159 1123/2/1159
f 1110/2/1160 1125/2/1160 1111/2/1160
f 1105/2/1161 1124/2/1161 1110/2/1161
f 1105/2/1162 1127/2/1162 1126/2/1162
f 1103/2/1163 1125/2/1163 1127/2/1163
f 1129/2/1164 1108/2/1164 1109/2/1164
f 1130/2/1165 1109/2/1165 1110/2/1165
f 1130/2/1166 1111/2/1166 1131/2/1166
f 1108/2/1167 1128/2/1167 1132/2/1167
f 1131/6/1167 1132/6/1167 1128/6/1167
f 1111/2/1167 1133/2/1167 1131/2/1167
f 1132/2/1167 1111/2/1167 1108/2/1167
f 1143/2/1168 1145/2/1168 1142/2/1168
f 1143/2/1169 1147/2/1169 1144/2/1169
f 1146/2/1170 1149/2/1170 1147/2/1170
f 1134/2/1171 1139/2/1171 1135/2/1171
f 1140/2/1172 1135/2/1172 1139/2/1172
f 1136/2/1173 1141/2/1173 1137/2/1173
f 1134/2/1174 1143/2/1174 1142/2/1174
f 1138/2/1175 1144/2/1175 1139/2/1175
f 1154/2/1176 1157/2/1176 1155/2/1176
f 1143/2/1177 1136/2/1177 1146/2/1177
f 1144/2/1178 1140/2/1178 1139/2/1178
f 1137/2/1179 1146/2/1179 1136/2/1179
f 1151/2/1180 1153/2/1180 1150/2/1180
f 1141/2/1181 1147/2/1181 1149/2/1181
f 1137/2/1182 1151/2/1182 1150/2/1182
f 1149/2/1183 1151/2/1183 1141/2/1183
f 1148/2/1184 1152/2/1184 1149/2/1184
f 1148/2/1185 1150/2/1185 1153/2/1185
f 1138/2/1186 1154/2/1186 1155/2/1186
f 1142/2/1187 1154/2/1187 1134/2/1187
f 1145/2/1188 1156/2/1188 1142/2/1188
f 1145/2/1189 1155/2/1189 1157/2/1189
f 1179/7/1190 1234/7/1190 1233/7/1190
f 1181/7/1191 1234/7/1191 1180/7/1191
f 1179/7/1192 1255/7/1192 1201/7/1192
f 1183/7/1193 1236/7/1193 1237/7/1193
f 1184/7/1194 1180/7/1194 1179/7/1194
f 1181/7/1195 1185/7/1195 1186/7/1195
f 1187/7/1196 1242/7/1196 1241/7/1196
f 1201/7/1197 1184/7/1197 1179/7/1197
f 1182/7/1198 1190/7/1198 1189/7/1198
f 1192/7/1199 1245/7/1199 1246/7/1199
f 1159/2/1200 1211/2/1200 1209/2/1200
f 1164/7/1201 1208/7/1201 1193/7/1201
f 1158/2/1202 1204/2/1202 1163/2/1202
f 1161/2/1203 1162/2/1203 1166/2/1203
f 1176/2/1204 1229/2/1204 1175/2/1204
f 1193/2/1205 1196/2/1205 1197/2/1205
f 1175/2/1206 1177/2/1206 1176/2/1206
f 1164/2/1207 1199/2/1207 1165/2/1207
f 1163/2/1208 1205/2/1208 1196/2/1208
f 1166/2/1209 1162/2/1209 1195/2/1209
f 1191/7/1210 1237/7/1210 1245/7/1210
f 1183/7/1211 1192/7/1211 1190/7/1211
f 1181/7/1212 1241/7/1212 1235/7/1212
f 1186/7/1213 1187/7/1213 1181/7/1213
f 1176/2/1214 1221/2/1214 1230/2/1214
f 1165/2/1215 1175/2/1215 1160/2/1215
f 1165/2/1216 1200/2/1216 1177/2/1216
f 1167/2/1217 1178/2/1217 1171/2/1217
f 1184/7/1218 1159/7/1218 1185/7/1218
f 1159/7/1219 1207/7/1219 1185/7/1219
f 1188/7/1220 1229/7/1220 1242/7/1220
f 1158/7/1221 1202/7/1221 1203/7/1221
f 1162/7/1222 1189/7/1222 1190/7/1222
f 1192/7/1223 1227/7/1223 1173/7/1223
f 1173/7/1224 1190/7/1224 1192/7/1224
f 1175/7/1225 1186/7/1225 1160/7/1225
f 1168/1/1226 1226/1/1226 1172/1/1226
f 1168/1/1227 1228/1/1227 1222/1/1227
f 1206/1/1228 1223/1/1228 1169/1/1228
f 1169/1/1229 1248/1/1229 1194/1/1229
f 1167/1/1230 1225/1/1230 1221/1/1230
f 1170/1/1231 1225/1/1231 1171/1/1231
f 1176/2/1232 1177/2/1232 1200/2/1232
f 1170/1/1233 1248/1/1233 1224/1/1233
f 1193/7/1234 1198/7/1234 1164/7/1234
f 1174/2/1235 1227/2/1235 1228/2/1235
f 1162/2/1236 1174/2/1236 1168/2/1236
f 1195/2/1237 1168/2/1237 1172/2/1237
f 1196/2/1238 1206/2/1238 1169/2/1238
f 1197/2/1239 1169/2/1239 1194/2/1239
f 1197/7/1240 1170/7/1240 1198/7/1240
f 1198/2/1241 1171/2/1241 1199/2/1241
f 1199/2/1242 1178/2/1242 1200/2/1242
f 1182/7/1243 1202/7/1243 1201/7/1243
f 1203/7/1244 1189/7/1244 1161/7/1244
f 1203/2/1245 1166/2/1245 1204/2/1245
f 1204/2/1246 1195/2/1246 1205/2/1246
f 1205/2/1247 1172/2/1247 1206/2/1247
f 1206/1/1228 1226/1/1228 1260/1/1228
f 1201/7/1248 1236/7/1248 1182/7/1248
f 1176/2/1249 1200/2/1249 1178/2/1249
f 1160/2/1250 1164/2/1250 1165/2/1250
f 1209/7/1200 1210/7/1200 1208/7/1200
f 1210/2/1200 1193/2/1200 1208/2/1200
f 1211/2/1200 1163/2/1200 1210/2/1200
f 1209/7/1251 1207/7/1251 1159/7/1251
f 1207/7/1252 1208/7/1252 1164/7/1252
f 1207/7/1253 1186/7/1253 1185/7/1253
f 1234/7/1254 1238/7/1254 1233/7/1254
f 1235/7/1255 1239/7/1255 1234/7/1255
f 1238/7/1256 1255/7/1256 1233/7/1256
f 1236/7/1257 1244/7/1257 1237/7/1257
f 1213/2/1258 1265/2/1258 1212/2/1258
f 1218/7/1259 1247/7/1259 1262/7/1259
f 1212/2/1260 1258/2/1260 1257/2/1260
f 1215/2/1261 1220/2/1261 1216/2/1261
f 1250/2/1262 1247/2/1262 1251/2/1262
f 1229/2/1263 1230/2/1263 1231/2/1263
f 1253/2/1264 1218/2/1264 1219/2/1264
f 1217/2/1265 1259/2/1265 1258/2/1265
f 1220/2/1266 1249/2/1266 1216/2/1266
f 1246/7/1267 1237/7/1267 1244/7/1267
f 1241/7/1268 1240/7/1268 1235/7/1268
f 1229/2/1269 1219/2/1269 1214/2/1269
f 1219/2/1270 1254/2/1270 1253/2/1270
f 1232/2/1271 1221/2/1271 1225/2/1271
f 1238/7/1272 1213/7/1272 1212/7/1272
f 1213/7/1273 1239/7/1273 1261/7/1273
f 1256/7/1274 1212/7/1274 1257/7/1274
f 1216/7/1275 1243/7/1275 1215/7/1275
f 1227/7/1276 1244/7/1276 1216/7/1276
f 1240/7/1277 1229/7/1277 1214/7/1277
f 1230/2/1278 1254/2/1278 1231/2/1278
f 1252/7/1279 1247/7/1279 1218/7/1279
f 1228/2/1280 1216/2/1280 1222/2/1280
f 1249/2/1281 1222/2/1281 1216/2/1281
f 1250/2/1282 1260/2/1282 1259/2/1282
f 1223/2/1283 1251/2/1283 1248/2/1283
f 1224/7/1284 1251/7/1284 1252/7/1284
f 1225/2/1285 1252/2/1285 1253/2/1285
f 1232/2/1286 1253/2/1286 1254/2/1286
f 1256/7/1287 1236/7/1287 1255/7/1287
f 1243/7/1288 1257/7/1288 1215/7/1288
f 1220/2/1289 1257/2/1289 1258/2/1289
f 1249/2/1290 1258/2/1290 1259/2/1290
f 1226/2/1291 1259/2/1291 1260/2/1291
f 1230/2/1292 1232/2/1292 1254/2/1292
f 1214/2/1293 1218/2/1293 1261/2/1293
f 1263/7/1294 1264/7/1294 1265/7/1294
f 1264/2/1295 1247/2/1295 1217/2/1295
f 1265/2/1296 1217/2/1296 1212/2/1296
f 1263/7/1297 1213/7/1297 1261/7/1297
f 1262/7/1298 1261/7/1298 1218/7/1298
f 1240/7/1299 1261/7/1299 1239/7/1299
f 1297/2/1300 1360/2/1300 1275/2/1300
f 1320/1/1301 1366/1/1301 1367/1/1301
f 1296/2/1302 1275/2/1302 1266/2/1302
f 1278/2/1303 1282/2/1303 1279/2/1303
f 1274/2/1304 1364/2/1304 1279/2/1304
f 1325/1/1305 1327/1/1305 1324/1/1305
f 1277/2/1306 1369/2/1306 1370/2/1306
f 1274/2/1307 1282/2/1307 1272/2/1307
f 1277/2/1308 1283/2/1308 1278/2/1308
f 1270/2/1309 1282/2/1309 1283/2/1309
f 1383/2/1310 1384/2/1310 1385/2/1310
f 1362/2/1311 1287/2/1311 1361/2/1311
f 1287/2/1312 1292/2/1312 1293/2/1312
f 1371/2/1313 1290/2/1313 1291/2/1313
f 1290/2/1314 1295/2/1314 1291/2/1314
f 1286/2/1315 1363/2/1315 1274/2/1315
f 1372/2/1316 1276/2/1316 1290/2/1316
f 1361/2/1317 1275/2/1317 1360/2/1317
f 1370/2/1318 1291/2/1318 1277/2/1318
f 1274/2/1319 1292/2/1319 1286/2/1319
f 1287/2/1320 1266/2/1320 1275/2/1320
f 1290/2/1321 1267/2/1321 1294/2/1321
f 1277/2/1322 1295/2/1322 1270/2/1322
f 1276/2/1323 1299/2/1323 1267/2/1323
f 1374/2/1324 1276/2/1324 1373/2/1324
f 1268/2/1325 1298/2/1325 1302/2/1325
f 1285/2/1326 1303/2/1326 1273/2/1326
f 1284/2/1327 1304/2/1327 1285/2/1327
f 1284/2/1328 1302/2/1328 1305/2/1328
f 1301/2/1329 1269/2/1329 1307/2/1329
f 1289/2/1330 1307/2/1330 1269/2/1330
f 1289/2/1331 1309/2/1331 1308/2/1331
f 1288/2/1332 1306/2/1332 1309/2/1332
f 1271/2/1333 1310/2/1333 1306/2/1333
f 1326/1/1334 1322/1/1334 1327/1/1334
f 1273/2/1335 1311/2/1335 1280/2/1335
f 1299/2/1310 1294/2/1310 1267/2/1310
f 1278/2/1336 1313/2/1336 1312/2/1336
f 1364/2/1337 1313/2/1337 1279/2/1337
f 1369/2/1338 1312/2/1338 1368/2/1338
f 1317/2/1339 1303/2/1339 1306/2/1339
f 1310/2/1340 1317/2/1340 1306/2/1340
f 1311/2/1341 1316/2/1341 1319/2/1341
f 1280/2/1342 1319/2/1342 1314/2/1342
f 1281/2/1343 1318/2/1343 1310/2/1343
f 1320/2/1344 1313/2/1344 1321/2/1344
f 1313/2/1345 1366/2/1345 1321/2/1345
f 1312/2/1346 1367/2/1346 1368/2/1346
f 1325/2/1347 1316/2/1347 1317/2/1347
f 1317/2/1348 1326/2/1348 1325/2/1348
f 1316/2/1349 1327/2/1349 1319/2/1349
f 1314/2/1350 1327/2/1350 1322/2/1350
f 1315/2/1351 1326/2/1351 1318/2/1351
f 1347/6/1352 1349/6/1352 1346/6/1352
f 1355/6/1353 1347/6/1353 1354/6/1353
f 1300/2/1354 1328/2/1354 1299/2/1354
f 1297/2/1355 1331/2/1355 1330/2/1355
f 1359/3/1356 1330/3/1356 1358/3/1356
f 1374/6/1357 1329/6/1357 1300/6/1357
f 1328/2/1358 1335/2/1358 1334/2/1358
f 1331/2/1359 1336/2/1359 1330/2/1359
f 1358/3/1360 1336/3/1360 1357/3/1360
f 1375/6/1361 1335/6/1361 1329/6/1361
f 1334/6/1362 1299/6/1362 1328/6/1362
f 1387/6/1363 1384/6/1363 1382/6/1363
f 1376/6/1364 1378/6/1364 1379/6/1364
f 1381/6/1365 1376/6/1365 1379/6/1365
f 1301/6/1366 1339/6/1366 1333/6/1366
f 1338/6/1367 1298/6/1367 1332/6/1367
f 1305/6/1368 1302/6/1368 1338/6/1368
f 1339/6/1369 1307/6/1369 1308/6/1369
f 1308/6/1370 1309/6/1370 1339/6/1370
f 1304/6/1371 1305/6/1371 1338/6/1371
f 1303/6/1372 1304/6/1372 1338/6/1372
f 1309/6/1373 1306/6/1373 1339/6/1373
f 1339/6/1374 1303/6/1374 1338/6/1374
f 1335/6/1375 1340/6/1375 1334/6/1375
f 1336/6/1376 1343/6/1376 1342/6/1376
f 1337/6/1377 1340/6/1377 1343/6/1377
f 1357/6/1378 1342/6/1378 1356/6/1378
f 1335/6/1379 1353/6/1379 1341/6/1379
f 1338/6/1380 1345/6/1380 1339/6/1380
f 1341/6/1381 1346/6/1381 1340/6/1381
f 1342/6/1382 1349/6/1382 1348/6/1382
f 1343/6/1383 1346/6/1383 1349/6/1383
f 1342/6/1384 1355/6/1384 1356/6/1384
f 1341/6/1385 1354/6/1385 1347/6/1385
f 1344/6/1386 1351/6/1386 1345/6/1386
f 1352/6/1387 1345/6/1387 1353/6/1387
f 1353/6/1388 1351/6/1388 1354/6/1388
f 1350/6/1389 1354/6/1389 1351/6/1389
f 1356/6/1390 1350/6/1390 1344/6/1390
f 1357/6/1391 1344/6/1391 1338/6/1391
f 1332/3/1392 1357/3/1392 1338/3/1392
f 1298/3/1393 1358/3/1393 1332/3/1393
f 1360/2/1394 1298/2/1394 1268/2/1394
f 1284/2/1395 1360/2/1395 1268/2/1395
f 1285/2/1396 1361/2/1396 1284/2/1396
f 1362/2/1397 1273/2/1397 1363/2/1397
f 1363/2/1398 1280/2/1398 1364/2/1398
f 1365/2/1399 1280/2/1399 1314/2/1399
f 1365/2/1400 1322/2/1400 1366/2/1400
f 1367/1/1401 1322/1/1401 1323/1/1401
f 1368/2/1402 1323/2/1402 1315/2/1402
f 1281/2/1403 1368/2/1403 1315/2/1403
f 1370/2/1404 1281/2/1404 1271/2/1404
f 1371/2/1405 1271/2/1405 1288/2/1405
f 1288/2/1406 1372/2/1406 1371/2/1406
f 1373/2/1407 1289/2/1407 1269/2/1407
f 1301/2/1408 1373/2/1408 1269/2/1408
f 1375/6/1409 1301/6/1409 1333/6/1409
f 1352/6/1410 1333/6/1410 1339/6/1410
f 1272/6/1411 1376/6/1411 1292/6/1411
f 1272/6/1412 1378/6/1412 1377/6/1412
f 1270/6/1413 1379/6/1413 1378/6/1413
f 1337/6/1414 1381/6/1414 1334/6/1414
f 1382/6/1415 1380/6/1415 1387/6/1415
f 1334/6/1416 1379/6/1416 1295/6/1416
f 1293/2/1417 1382/2/1417 1383/2/1417
f 1266/2/1418 1384/2/1418 1296/2/1418
f 1293/2/1419 1385/2/1419 1266/2/1419
f 1337/6/1420 1386/6/1420 1387/6/1420
f 1331/6/1421 1384/6/1421 1386/6/1421
f 1292/6/1422 1376/6/1422 1382/6/1422
f 1380/6/1423 1337/6/1423 1387/6/1423
f 1389/7/1424 1396/7/1424 1388/7/1424
f 1390/7/1425 1400/7/1425 1392/7/1425
f 1398/7/1426 1403/7/1426 1394/7/1426
f 1389/7/1427 1403/7/1427 1395/7/1427
f 1395/7/1428 1399/7/1428 1389/7/1428
f 1394/7/1429 1396/7/1429 1397/7/1429
f 1392/7/1430 1396/7/1430 1390/7/1430
f 1400/7/1431 1393/7/1431 1397/7/1431
f 1399/7/1432 1393/7/1432 1391/7/1432
f 1399/7/1433 1390/7/1433 1396/7/1433
f 1390/7/1434 1401/7/1434 1400/7/1434
f 1401/7/1435 1391/7/1435 1393/7/1435
f 1394/7/1436 1402/7/1436 1388/7/1436
f 1388/7/1437 1403/7/1437 1389/7/1437
f 1397/7/1438 1396/7/1438 1392/7/1438
f 1399/7/1439 1398/7/1439 1393/7/1439
f 1407/6/1440 1404/6/1440 1405/6/1440
f 1408/6/1441 1407/6/1441 1405/6/1441
f 1410/6/1442 1408/6/1442 1405/6/1442
f 1407/6/1443 1412/6/1443 1406/6/1443
f 1414/2/1444 1404/2/1444 1406/2/1444
f 1412/2/1445 1414/2/1445 1406/2/1445
f 1413/2/1446 1417/2/1446 1404/2/1446
f 1414/2/1447 1418/2/1447 1413/2/1447
f 1420/2/1448 1414/2/1448 1415/2/1448
f 1418/2/1449 1416/2/1449 1413/2/1449
f 1416/2/1450 1422/2/1450 1417/2/1450
f 1424/2/1451 1419/2/1451 1420/2/1451
f 1426/2/1452 1423/2/1452 1424/2/1452
f 1428/6/1453 1412/6/1453 1407/6/1453
f 1429/2/1454 1428/2/1454 1427/2/1454
f 1467/2/1455 1465/2/1455 1464/2/1455
f 1422/2/1456 1432/2/1456 1417/2/1456
f 1404/2/1457 1432/2/1457 1433/2/1457
f 1434/6/1458 1404/6/1458 1433/6/1458
f 1410/6/1459 1434/6/1459 1435/6/1459
f 1436/6/1460 1409/6/1460 1408/6/1460
f 1438/6/1461 1408/6/1461 1411/6/1461
f 1409/6/1462 1437/6/1462 1504/6/1462
f 1415/2/1463 1441/2/1463 1420/2/1463
f 1441/2/1464 1424/2/1464 1420/2/1464
f 1442/2/1465 1426/2/1465 1424/2/1465
f 1439/2/1466 1429/2/1466 1427/2/1466
f 1617/6/1467 1619/6/1467 1620/6/1467
f 1619/6/1468 1622/6/1468 1620/6/1468
f 1436/6/1469 1447/6/1469 1437/6/1469
f 1438/6/1470 1446/6/1470 1436/6/1470
f 1447/6/1471 1504/6/1471 1437/6/1471
f 1595/6/1472 1597/6/1472 1594/6/1472
f 1596/6/1473 1599/6/1473 1597/6/1473
f 1439/2/1474 1449/2/1474 1451/2/1474
f 1444/2/1475 1451/2/1475 1445/2/1475
f 1445/2/1476 1450/2/1476 1440/2/1476
f 1446/6/1477 1454/6/1477 1447/6/1477
f 1448/6/1478 1453/6/1478 1446/6/1478
f 1454/6/1479 1505/6/1479 1447/6/1479
f 1601/6/1480 1595/6/1480 1600/6/1480
f 1602/6/1481 1596/6/1481 1595/6/1481
f 1604/2/1482 1606/2/1482 1607/2/1482
f 1449/2/1483 1458/2/1483 1451/2/1483
f 1451/2/1484 1458/2/1484 1459/2/1484
f 1452/2/1485 1457/2/1485 1450/2/1485
f 1460/2/1486 1412/2/1486 1428/2/1486
f 1461/2/1487 1415/2/1487 1412/2/1487
f 1462/2/1488 1430/2/1488 1415/2/1488
f 1430/2/1489 1460/2/1489 1428/2/1489
f 1464/2/1490 1461/2/1490 1460/2/1490
f 1465/2/1491 1462/2/1491 1461/2/1491
f 1462/2/1492 1467/2/1492 1463/2/1492
f 1463/2/1493 1464/2/1493 1460/2/1493
f 1410/6/1494 1469/6/1494 1411/6/1494
f 1435/6/1495 1468/6/1495 1410/6/1495
f 1469/6/1496 1438/6/1496 1411/6/1496
f 1471/6/1497 1448/6/1497 1438/6/1497
f 1472/6/1498 1455/6/1498 1448/6/1498
f 1480/6/1499 1482/6/1499 1481/6/1499
f 1481/6/1500 1485/6/1500 1484/6/1500
f 1485/6/1501 1486/6/1501 1484/6/1501
f 1474/6/1502 1469/6/1502 1468/6/1502
f 1470/6/1503 1474/6/1503 1468/6/1503
f 1469/6/1504 1477/6/1504 1471/6/1504
f 1471/6/1505 1478/6/1505 1472/6/1505
f 1478/6/1506 1473/6/1506 1472/6/1506
f 1492/6/1507 1475/6/1507 1474/6/1507
f 1493/6/1508 1474/6/1508 1476/6/1508
f 1491/6/1509 1477/6/1509 1475/6/1509
f 1490/6/1510 1478/6/1510 1477/6/1510
f 1489/6/1511 1479/6/1511 1478/6/1511
f 1486/6/1512 1488/6/1512 1489/6/1512
f 1484/6/1513 1489/6/1513 1490/6/1513
f 1481/6/1514 1490/6/1514 1491/6/1514
f 1480/6/1515 1491/6/1515 1492/6/1515
f 1483/6/1516 1492/6/1516 1493/6/1516
f 1422/2/1517 1418/2/1517 1419/2/1517
f 1423/2/1518 1494/2/1518 1419/2/1518
f 1425/2/1519 1495/2/1519 1423/2/1519
f 1422/2/1520 1497/2/1520 1431/2/1520
f 1494/2/1521 1422/2/1521 1419/2/1521
f 1495/2/1522 1499/2/1522 1494/2/1522
f 1496/2/1523 1500/2/1523 1495/2/1523
f 1498/2/1524 1502/2/1524 1497/2/1524
f 1494/2/1525 1503/2/1525 1498/2/1525
f 1439/2/1526 1451/2/1526 1444/2/1526
f 1427/6/1527 1407/6/1527 1409/6/1527
f 1504/6/1528 1427/6/1528 1409/6/1528
f 1449/6/1529 1504/6/1529 1505/6/1529
f 1456/6/1530 1505/6/1530 1506/6/1530
f 1440/2/1531 1508/2/1531 1441/2/1531
f 1450/2/1532 1507/2/1532 1440/2/1532
f 1508/2/1533 1442/2/1533 1441/2/1533
f 1442/2/1534 1510/2/1534 1443/2/1534
f 1511/2/1535 1450/2/1535 1457/2/1535
f 1604/2/1536 1598/2/1536 1596/2/1536
f 1603/2/1537 1604/2/1537 1596/2/1537
f 1451/2/1538 1452/2/1538 1445/2/1538
f 1451/2/1539 1459/2/1539 1452/2/1539
f 1512/6/1540 1515/6/1540 1513/6/1540
f 1515/6/1541 1516/6/1541 1513/6/1541
f 1516/6/1542 1518/6/1542 1513/6/1542
f 1515/6/1543 1514/6/1543 1520/6/1543
f 1512/2/1544 1522/2/1544 1514/2/1544
f 1514/2/1545 1523/2/1545 1520/2/1545
f 1525/2/1546 1521/2/1546 1512/2/1546
f 1522/2/1547 1526/2/1547 1527/2/1547
f 1522/2/1548 1528/2/1548 1523/2/1548
f 1521/2/1549 1529/2/1549 1526/2/1549
f 1524/2/1550 1530/2/1550 1529/2/1550
f 1527/2/1551 1532/2/1551 1528/2/1551
f 1531/2/1552 1534/2/1552 1532/2/1552
f 1536/6/1553 1515/6/1553 1520/6/1553
f 1536/2/1554 1537/2/1554 1535/2/1554
f 1561/2/1555 1563/2/1555 1560/2/1555
f 1432/2/1556 1530/2/1556 1525/2/1556
f 1433/2/1557 1525/2/1557 1512/2/1557
f 1434/6/1558 1512/6/1558 1513/6/1558
f 1434/6/1559 1518/6/1559 1435/6/1559
f 1517/6/1560 1539/6/1560 1516/6/1560
f 1516/6/1561 1541/6/1561 1519/6/1561
f 1517/6/1562 1588/6/1562 1540/6/1562
f 1523/2/1563 1544/2/1563 1543/2/1563
f 1528/2/1564 1545/2/1564 1544/2/1564
f 1534/2/1565 1545/2/1565 1532/2/1565
f 1537/2/1566 1542/2/1566 1535/2/1566
f 1623/6/1567 1625/6/1567 1626/6/1567
f 1624/6/1568 1628/6/1568 1625/6/1568
f 1539/6/1569 1550/6/1569 1549/6/1569
f 1541/6/1570 1549/6/1570 1551/6/1570
f 1588/6/1571 1550/6/1571 1540/6/1571
f 1608/6/1572 1610/6/1572 1611/6/1572
f 1612/6/1573 1610/6/1573 1609/6/1573
f 1542/2/1574 1554/2/1574 1552/2/1574
f 1547/2/1575 1548/2/1575 1554/2/1575
f 1548/2/1576 1553/2/1576 1555/2/1576
f 1549/6/1577 1454/6/1577 1453/6/1577
f 1551/6/1578 1453/6/1578 1455/6/1578
f 1589/6/1579 1454/6/1579 1550/6/1579
f 1614/6/1580 1602/6/1580 1601/6/1580
f 1611/6/1581 1603/6/1581 1602/6/1581
f 1615/2/1582 1606/2/1582 1605/2/1582
f 1554/2/1583 1456/2/1583 1552/2/1583
f 1554/2/1584 1459/2/1584 1458/2/1584
f 1555/2/1585 1457/2/1585 1459/2/1585
f 1520/2/1586 1556/2/1586 1536/2/1586
f 1523/2/1587 1557/2/1587 1520/2/1587
f 1538/2/1588 1558/2/1588 1523/2/1588
f 1538/2/1589 1556/2/1589 1559/2/1589
f 1557/2/1590 1560/2/1590 1556/2/1590
f 1558/2/1591 1561/2/1591 1557/2/1591
f 1558/2/1592 1563/2/1592 1562/2/1592
f 1559/2/1593 1560/2/1593 1563/2/1593
f 1518/6/1594 1565/6/1594 1564/6/1594
f 1435/6/1595 1564/6/1595 1470/6/1595
f 1541/6/1596 1565/6/1596 1519/6/1596
f 1551/6/1597 1566/6/1597 1541/6/1597
f 1551/6/1598 1473/6/1598 1567/6/1598
f 1572/6/1599 1482/6/1599 1483/6/1599
f 1573/6/1600 1485/6/1600 1482/6/1600
f 1575/6/1601 1485/6/1601 1574/6/1601
f 1565/6/1602 1568/6/1602 1564/6/1602
f 1470/6/1603 1568/6/1603 1476/6/1603
f 1565/6/1604 1570/6/1604 1569/6/1604
f 1566/6/1605 1571/6/1605 1570/6/1605
f 1473/6/1606 1571/6/1606 1567/6/1606
f 1569/6/1607 1579/6/1607 1568/6/1607
f 1568/6/1608 1493/6/1608 1476/6/1608
f 1570/6/1609 1578/6/1609 1569/6/1609
f 1571/6/1610 1577/6/1610 1570/6/1610
f 1479/6/1611 1576/6/1611 1571/6/1611
f 1488/6/1612 1575/6/1612 1576/6/1612
f 1576/6/1613 1574/6/1613 1577/6/1613
f 1577/6/1614 1573/6/1614 1578/6/1614
f 1578/6/1615 1572/6/1615 1579/6/1615
f 1579/6/1616 1483/6/1616 1493/6/1616
f 1526/2/1617 1530/2/1617 1527/2/1617
f 1531/2/1618 1580/2/1618 1581/2/1618
f 1533/2/1619 1581/2/1619 1582/2/1619
f 1530/2/1620 1497/2/1620 1583/2/1620
f 1530/2/1621 1580/2/1621 1527/2/1621
f 1581/2/1622 1584/2/1622 1585/2/1622
f 1582/2/1623 1585/2/1623 1586/2/1623
f 1583/2/1624 1502/2/1624 1587/2/1624
f 1580/2/1625 1587/2/1625 1584/2/1625
f 1542/2/1626 1547/2/1626 1554/2/1626
f 1515/6/1627 1535/6/1627 1517/6/1627
f 1588/6/1628 1535/6/1628 1542/6/1628
f 1588/6/1629 1552/6/1629 1589/6/1629
f 1589/6/1630 1456/6/1630 1506/6/1630
f 1543/2/1631 1591/2/1631 1590/2/1631
f 1553/2/1632 1543/2/1632 1590/2/1632
f 1544/2/1633 1592/2/1633 1591/2/1633
f 1545/2/1634 1593/2/1634 1592/2/1634
f 1553/2/1635 1511/2/1635 1457/2/1635
f 1613/2/1636 1615/2/1636 1610/2/1636
f 1603/2/1637 1615/2/1637 1605/2/1637
f 1554/2/1638 1548/2/1638 1555/2/1638
f 1554/2/1639 1555/2/1639 1459/2/1639
f 1614/6/1640 1608/6/1640 1611/6/1640
f 1594/6/1641 1600/6/1641 1595/6/1641
f 1509/2/1642 1594/2/1642 1597/2/1642
f 1509/2/1643 1599/2/1643 1510/2/1643
f 1507/2/1644 1601/2/1644 1600/2/1644
f 1592/2/1645 1608/2/1645 1591/2/1645
f 1592/2/1646 1612/2/1646 1609/2/1646
f 1590/2/1647 1601/2/1647 1511/2/1647
f 1590/2/1648 1608/2/1648 1614/2/1648
f 1507/2/1649 1594/2/1649 1508/2/1649
f 1429/2/1650 1618/2/1650 1617/2/1650
f 1444/2/1651 1619/2/1651 1618/2/1651
f 1429/2/1652 1620/2/1652 1430/2/1652
f 1440/2/1653 1619/2/1653 1445/2/1653
f 1440/2/1654 1622/2/1654 1621/2/1654
f 1415/2/1655 1620/2/1655 1622/2/1655
f 1537/2/1656 1624/2/1656 1623/2/1656
f 1547/2/1657 1625/2/1657 1548/2/1657
f 1537/2/1658 1626/2/1658 1547/2/1658
f 1523/2/1659 1624/2/1659 1538/2/1659
f 1543/2/1660 1627/2/1660 1523/2/1660
f 1543/2/1661 1625/2/1661 1628/2/1661
f 1640/6/1662 1630/6/1662 1635/6/1662
f 1634/6/1663 1639/6/1663 1633/6/1663
f 1638/6/1664 1634/6/1664 1632/6/1664
f 1633/6/1665 1640/6/1665 1635/6/1665
f 1639/6/1666 1640/6/1666 1633/6/1666
f 1636/6/1667 1638/6/1667 1631/6/1667
f 1636/6/1668 1640/6/1668 1639/6/1668
f 1641/6/1669 1637/6/1669 1629/6/1669
f 1632/6/1670 1643/6/1670 1642/6/1670
f 1633/6/1671 1643/6/1671 1634/6/1671
f 1644/6/1672 1635/6/1672 1645/6/1672
f 1645/6/1673 1630/6/1673 1646/6/1673
f 1641/6/1674 1646/6/1674 1630/6/1674
f 1647/6/1675 1629/6/1675 1648/6/1675
f 1648/6/1676 1637/6/1676 1631/6/1676
f 1650/6/1677 1631/6/1677 1638/6/1677
f 1642/6/1678 1638/6/1678 1632/6/1678
f 1660/6/1679 1658/6/1679 1657/6/1679
f 1665/6/1680 1659/6/1680 1664/6/1680
f 1652/6/1681 1654/6/1681 1651/6/1681
f 1666/6/1682 1653/6/1682 1652/6/1682
f 1651/6/1683 1658/6/1683 1652/6/1683
f 1659/6/1684 1654/6/1684 1653/6/1684
f 1667/6/1685 1669/6/1685 1670/6/1685
f 1663/6/1686 1659/6/1686 1653/6/1686
f 1658/6/1687 1666/6/1687 1652/6/1687
f 1656/6/1688 1661/6/1688 1655/6/1688
f 1655/6/1689 1664/6/1689 1663/6/1689
f 1661/6/1690 1665/6/1690 1664/6/1690
f 1665/6/1691 1656/6/1691 1666/6/1691
f 1655/6/1692 1666/6/1692 1656/6/1692
f 1660/6/1693 1667/6/1693 1654/6/1693
f 1660/6/1694 1669/6/1694 1668/6/1694
f 1657/6/1695 1670/6/1695 1669/6/1695
f 1654/6/1696 1670/6/1696 1651/6/1696
f 1682/2/1697 1680/2/1697 1679/2/1697
f 1681/2/1698 1683/2/1698 1680/2/1698
f 1683/2/1699 1686/2/1699 1685/2/1699
f 1672/2/1700 1675/2/1700 1671/2/1700
f 1676/2/1701 1673/2/1701 1677/2/1701
f 1673/2/1702 1678/2/1702 1677/2/1702
f 1679/2/1703 1672/2/1703 1671/2/1703
f 1676/2/1704 1682/2/1704 1675/2/1704
f 1688/2/1705 1689/2/1705 1687/2/1705
f 1680/2/1706 1673/2/1706 1672/2/1706
f 1681/2/1707 1677/2/1707 1684/2/1707
f 1683/2/1708 1674/2/1708 1673/2/1708
f 1674/2/1709 1686/2/1709 1678/2/1709
f 1678/2/1710 1684/2/1710 1677/2/1710
f 1675/2/1711 1687/2/1711 1671/2/1711
f 1687/2/1712 1679/2/1712 1671/2/1712
f 1689/2/1713 1682/2/1713 1679/2/1713
f 1682/2/1714 1688/2/1714 1675/2/1714
f 86/3/1715 1699/3/1715 83/3/1715
f 1701/3/1716 1703/3/1716 1702/3/1716
f 1705/3/1717 1700/3/1717 1706/3/1717
f 1706/3/1718 1704/3/1718 1705/3/1718
f 83/3/1719 1691/3/1719 73/3/1719
f 1693/3/1720 86/3/1720 76/3/1720
f 1702/3/1721 1694/3/1721 1697/3/1721
f 1692/3/1722 1701/3/1722 1695/3/1722
f 1702/3/1723 1852/3/1723 1701/3/1723
f 1698/3/1724 1700/3/1724 1693/3/1724
f 1699/3/1725 1696/3/1725 1691/3/1725
f 1696/3/1726 1704/3/1726 1692/3/1726
f 1694/3/1727 1706/3/1727 1698/3/1727
f 1958/3/1728 1708/3/1728 1959/3/1728
f 101/3/1729 1958/3/1729 99/3/1729
f 101/3/1730 1710/3/1730 1709/3/1730
f 73/3/1731 1971/3/1731 396/3/1731
f 107/3/1732 1714/3/1732 1712/3/1732
f 115/4/1733 1714/4/1733 111/4/1733
f 115/4/1734 1718/4/1734 1716/4/1734
f 119/4/1735 1720/4/1735 1718/4/1735
f 123/5/1736 1722/5/1736 1720/5/1736
f 1868/3/1737 1727/3/1737 1871/3/1737
f 1877/6/1738 1879/6/1738 1878/6/1738
f 1868/3/1739 1729/3/1739 1727/3/1739
f 95/3/1740 1727/3/1740 1729/3/1740
f 1860/6/1741 1862/6/1741 1861/6/1741
f 96/3/1742 1729/3/1742 1733/3/1742
f 1711/3/1743 1695/3/1743 1730/3/1743
f 1731/3/1744 1811/3/1744 1734/3/1744
f 1731/3/1745 1735/3/1745 1732/3/1745
f 1888/3/1746 1736/3/1746 1733/3/1746
f 1736/3/1747 96/3/1747 1733/3/1747
f 1695/3/1748 1851/3/1748 1734/3/1748
f 1734/3/1749 1850/3/1749 1735/3/1749
f 1886/3/1750 1849/3/1750 1736/3/1750
f 257/3/1751 1736/3/1751 1849/3/1751
f 1959/3/1752 1708/3/1752 1738/3/1752
f 1738/3/1753 1709/3/1753 1739/3/1753
f 1830/3/1754 1966/3/1754 1710/3/1754
f 1971/3/1755 1983/3/1755 1982/3/1755
f 1692/3/1756 1972/3/1756 1696/3/1756
f 1748/3/1757 1741/3/1757 1747/3/1757
f 1749/3/1758 1751/3/1758 1750/3/1758
f 1752/3/1759 1754/3/1759 1753/3/1759
f 1755/3/1760 1757/3/1760 1756/3/1760
f 1760/3/1761 1745/3/1761 1759/3/1761
f 1762/4/1762 1746/4/1762 1747/4/1762
f 1761/4/1763 1748/4/1763 1746/4/1763
f 1750/4/1764 1764/4/1764 1749/4/1764
f 1764/4/1765 1751/4/1765 1749/4/1765
f 1753/4/1766 1767/4/1766 1752/4/1766
f 1752/4/1767 1769/4/1767 1754/4/1767
f 1756/4/1768 1770/4/1768 1755/4/1768
f 1770/4/1769 1757/4/1769 1755/4/1769
f 1759/4/1770 1773/4/1770 1758/4/1770
f 1773/4/1771 1760/4/1771 1758/4/1771
f 1777/4/1772 1761/4/1772 1762/4/1772
f 1761/4/1773 1778/4/1773 1763/4/1773
f 1765/4/1774 1779/4/1774 1764/4/1774
f 1764/4/1775 1781/4/1775 1766/4/1775
f 1768/4/1776 1782/4/1776 1767/4/1776
f 1782/4/1777 1769/4/1777 1767/4/1777
f 1771/4/1778 1785/4/1778 1770/4/1778
f 1770/4/1779 1787/4/1779 1772/4/1779
f 1789/4/1780 1773/4/1780 1774/4/1780
f 1773/4/1781 1790/4/1781 1775/4/1781
f 1792/4/1782 1776/4/1782 1777/4/1782
f 1776/4/1783 1793/4/1783 1778/4/1783
f 1780/4/1784 1794/4/1784 1779/4/1784
f 1794/4/1785 1781/4/1785 1779/4/1785
f 1783/4/1786 1797/4/1786 1782/4/1786
f 1797/4/1787 1784/4/1787 1782/4/1787
f 1786/4/1788 1800/4/1788 1785/4/1788
f 1800/4/1789 1787/4/1789 1785/4/1789
f 1804/4/1790 1788/4/1790 1789/4/1790
f 1788/4/1791 1805/4/1791 1790/4/1791
f 1806/5/1792 1793/5/1792 1792/5/1792
f 1807/5/1793 1796/5/1793 1795/5/1793
f 1808/5/1794 1799/5/1794 1798/5/1794
f 1809/5/1795 1802/5/1795 1801/5/1795
f 1810/5/1796 1805/5/1796 1804/5/1796
f 1741/3/1797 1750/3/1797 1742/3/1797
f 1742/3/1798 1753/3/1798 1743/3/1798
f 1743/3/1799 1756/3/1799 1744/3/1799
f 1744/3/1800 110/3/1800 106/3/1800
f 1712/3/1801 1759/3/1801 1745/3/1801
f 1760/3/1802 1713/3/1802 1745/3/1802
f 1715/3/1803 1741/3/1803 1713/3/1803
f 1748/4/1804 1765/4/1804 1750/4/1804
f 1751/4/1805 1768/4/1805 1753/4/1805
f 1754/4/1806 1771/4/1806 1756/4/1806
f 1757/4/1807 114/4/1807 110/4/1807
f 1716/4/1808 1759/4/1808 1714/4/1808
f 1775/4/1809 1715/4/1809 1760/4/1809
f 1717/4/1810 1747/4/1810 1715/4/1810
f 1763/4/1811 1780/4/1811 1765/4/1811
f 1766/4/1812 1783/4/1812 1768/4/1812
f 1769/4/1813 1786/4/1813 1771/4/1813
f 118/4/1814 1772/4/1814 1787/4/1814
f 1718/4/1815 1774/4/1815 1716/4/1815
f 1790/4/1816 1717/4/1816 1775/4/1816
f 1719/4/1817 1762/4/1817 1717/4/1817
f 1793/4/1818 1780/4/1818 1778/4/1818
f 1796/4/1819 1783/4/1819 1781/4/1819
f 1784/4/1820 1801/4/1820 1786/4/1820
f 122/4/1821 1787/4/1821 1802/4/1821
f 1718/4/1822 1804/4/1822 1789/4/1822
f 1790/4/1823 1721/4/1823 1719/4/1823
f 1721/4/1824 1777/4/1824 1719/4/1824
f 1806/5/1825 1795/5/1825 1793/5/1825
f 1807/5/1826 1798/5/1826 1796/5/1826
f 1808/5/1827 1801/5/1827 1799/5/1827
f 122/5/1828 1809/5/1828 126/5/1828
f 1720/5/1829 1810/5/1829 1804/5/1829
f 1810/5/1830 1721/5/1830 1805/5/1830
f 1723/5/1831 1792/5/1831 1721/5/1831
f 371/1/1832 373/1/1832 1951/1/1832
f 1953/1/1833 373/1/1833 1952/1/1833
f 1952/1/1834 373/1/1834 1954/1/1834
f 1954/1/1835 373/1/1835 1955/1/1835
f 1955/1/1836 373/1/1836 378/1/1836
f 1951/1/1837 373/1/1837 1956/1/1837
f 1956/1/1838 373/1/1838 1957/1/1838
f 1957/1/1839 373/1/1839 1953/1/1839
f 1805/5/1840 1803/5/1840 1804/5/1840
f 1793/5/1841 1791/5/1841 1792/5/1841
f 1796/5/1842 1794/5/1842 1795/5/1842
f 1799/5/1843 1797/5/1843 1798/5/1843
f 1802/5/1844 1800/5/1844 1801/5/1844
f 1730/3/1845 1695/3/1845 1734/3/1845
f 1881/6/1846 1883/6/1846 1882/6/1846
f 1815/6/1847 1930/6/1847 1725/6/1847
f 1725/6/1848 1929/6/1848 1728/6/1848
f 1726/6/1849 1866/6/1849 1865/6/1849
f 1817/6/1850 1707/6/1850 1737/6/1850
f 1819/6/1851 1923/6/1851 1738/6/1851
f 1731/6/1852 1821/6/1852 1811/6/1852
f 1822/6/217 1731/6/217 1732/6/217
f 1711/6/1853 1823/6/1853 1824/6/1853
f 1730/6/1854 1823/6/1854 1711/6/1854
f 1821/6/1855 1730/6/1855 1811/6/1855
f 1820/6/1856 1827/6/1856 1821/6/1856
f 1828/6/222 1822/6/222 1732/6/222
f 1822/6/1857 1826/6/1857 1820/6/1857
f 1824/6/1858 1830/6/1858 1740/6/1858
f 1832/6/1859 1824/6/1859 1823/6/1859
f 1825/6/1860 1832/6/1860 1823/6/1860
f 1821/6/1861 1833/6/1861 1825/6/1861
f 1710/3/1862 1740/3/1862 1830/3/1862
f 1864/6/1863 1861/6/1863 1863/6/1863
f 1816/6/1864 1728/6/1864 1929/6/1864
f 1826/6/1865 1835/6/1865 1827/6/1865
f 1829/6/1866 1834/6/1866 1826/6/1866
f 1836/6/1867 1831/6/1867 1832/6/1867
f 1837/6/1868 1832/6/1868 1833/6/1868
f 1827/6/1869 1837/6/1869 1833/6/1869
f 1830/6/1870 1967/6/1870 1964/6/1870
f 1830/6/1871 1836/6/1871 1838/6/1871
f 1842/6/1872 1834/6/1872 1828/6/1872
f 1842/6/1873 1839/6/1873 1835/6/1873
f 1840/6/1874 1836/6/1874 1837/6/1874
f 1835/6/1875 1840/6/1875 1837/6/1875
f 1842/6/1876 1816/6/1876 1841/6/1876
f 1816/6/1877 1842/6/1877 1828/6/1877
f 1931/7/1878 1932/7/1878 1930/7/1878
f 1930/7/1879 1932/7/1879 1929/7/1879
f 1923/7/1880 1933/7/1880 1927/7/1880
f 1819/6/1881 1846/6/1881 1818/6/1881
f 1947/1/1882 1944/1/1882 1945/1/1882
f 1816/6/1883 1844/6/1883 1841/6/1883
f 1948/1/1884 1947/1/1884 1945/1/1884
f 1950/1/1885 1948/1/1885 1949/1/1885
f 1841/6/1886 1844/6/1886 1839/6/1886
f 1936/7/1887 1932/7/1887 1931/7/1887
f 1933/7/1888 1935/7/1888 1936/7/1888
f 262/2/1889 1849/2/1889 1853/2/1889
f 1849/2/1890 1885/2/1890 1853/2/1890
f 1853/2/1891 1885/2/1891 1854/2/1891
f 1885/2/1892 1890/2/1892 1854/2/1892
f 1850/2/1893 1854/2/1893 1890/2/1893
f 1851/2/1894 1854/2/1894 1850/2/1894
f 1856/2/1895 1851/2/1895 1852/2/1895
f 1856/2/1896 1852/2/1896 1697/2/1896
f 1857/2/1897 1698/2/1897 1858/2/1897
f 1693/2/1898 1858/2/1898 1698/2/1898
f 76/2/1899 1859/2/1899 1693/2/1899
f 106/3/1900 1853/3/1900 1744/3/1900
f 1854/3/1901 1744/3/1901 1853/3/1901
f 1855/3/1902 1743/3/1902 1854/3/1902
f 1741/3/1903 1855/3/1903 1856/3/1903
f 1713/3/1904 1856/3/1904 1857/3/1904
f 1713/3/1905 1858/3/1905 1745/3/1905
f 1712/3/1906 1858/3/1906 1859/3/1906
f 107/3/1907 1859/3/1907 270/3/1907
f 1733/6/1908 1862/6/1908 1732/6/1908
f 1862/6/1909 1828/6/1909 1732/6/1909
f 1863/6/1910 1733/6/1910 1729/6/1910
f 1860/6/1911 1728/6/1911 1828/6/1911
f 1728/6/1912 1864/6/1912 1867/6/1912
f 1866/6/1913 1724/6/1913 1865/6/1913
f 1875/3/1914 1869/3/1914 1727/3/1914
f 1857/2/1915 1697/2/1915 1694/2/1915
f 1695/3/1723 1701/3/1723 1852/3/1723
f 1725/3/1916 1867/3/1916 1868/3/1916
f 1725/3/1917 1871/3/1917 1724/3/1917
f 1870/3/1918 1865/3/1918 1869/3/1918
f 1883/6/1919 1877/6/1919 1882/6/1919
f 1724/3/1920 1869/3/1920 1865/3/1920
f 1727/3/1921 1869/3/1921 1871/3/1921
f 1863/6/1922 1867/6/1922 1864/6/1922
f 221/6/1923 1873/6/1923 93/6/1923
f 282/3/1924 1873/3/1924 1874/3/1924
f 1727/3/1925 1876/3/1925 1875/3/1925
f 282/3/1926 1876/3/1926 94/3/1926
f 1874/3/1927 1878/3/1927 1876/3/1927
f 1876/3/1928 1879/3/1928 1875/3/1928
f 1875/3/1929 1880/3/1929 1870/3/1929
f 1872/6/1930 1882/6/1930 1873/6/1930
f 1883/6/1931 1813/6/1931 1726/6/1931
f 1882/3/1932 1874/3/1932 1873/3/1932
f 1870/3/1933 1883/3/1933 1726/3/1933
f 1735/3/1893 1890/3/1893 1887/3/1893
f 1892/6/1934 1893/6/1934 1891/6/1934
f 1892/6/1935 1895/6/1935 1894/6/1935
f 1732/3/1936 1888/3/1936 1733/3/1936
f 1735/3/1937 1889/3/1937 1732/3/1937
f 1887/3/1938 1891/3/1938 1889/3/1938
f 1889/3/1939 1893/3/1939 1888/3/1939
f 1888/3/1940 1894/3/1940 1886/3/1940
f 1894/3/1941 1885/3/1941 1886/3/1941
f 1885/3/1942 1896/3/1942 1890/3/1942
f 1890/3/1943 1892/3/1943 1887/3/1943
f 1866/6/1944 1884/6/1944 1814/6/1944
f 309/6/1945 1872/6/1945 221/6/1945
f 326/6/1946 325/6/1946 1908/6/1946
f 1909/6/1947 326/6/1947 1910/6/1947
f 1911/6/1948 326/6/1948 1908/6/1948
f 1910/6/1949 326/6/1949 1912/6/1949
f 1912/6/1950 326/6/1950 1911/6/1950
f 1913/6/1951 326/6/1951 1909/6/1951
f 333/6/1952 326/6/1952 1913/6/1952
f 1812/6/1953 310/6/1953 218/6/1953
f 1897/6/1954 1812/6/1954 1817/6/1954
f 1898/6/1955 1843/6/1955 1814/6/1955
f 1900/6/1956 1817/6/1956 1845/6/1956
f 1843/6/1957 1901/6/1957 1848/6/1957
f 1901/6/1958 1845/6/1958 1848/6/1958
f 1881/6/1959 1902/6/1959 1884/6/1959
f 1884/6/1960 1898/6/1960 1814/6/1960
f 317/6/1961 1881/6/1961 309/6/1961
f 1903/6/1962 310/6/1962 1897/6/1962
f 1904/6/1963 1899/6/1963 1898/6/1963
f 1900/6/1964 1903/6/1964 1897/6/1964
f 1914/6/1965 1916/6/1965 1915/6/1965
f 1916/6/1966 1918/6/1966 1915/6/1966
f 1902/6/1967 1904/6/1967 1898/6/1967
f 324/6/1968 1902/6/1968 317/6/1968
f 325/6/1969 1903/6/1969 1908/6/1969
f 1909/6/1970 1905/6/1970 1904/6/1970
f 1906/6/1971 1908/6/1971 1903/6/1971
f 1921/6/1972 1916/6/1972 1917/6/1972
f 1920/6/1973 1919/6/1973 1916/6/1973
f 1907/6/1974 1909/6/1974 1904/6/1974
f 324/6/1975 1913/6/1975 1907/6/1975
f 1914/6/1976 1901/6/1976 1899/6/1976
f 1905/6/1977 1914/6/1977 1899/6/1977
f 1901/6/1978 1918/6/1978 1900/6/1978
f 1900/6/1979 1919/6/1979 1906/6/1979
f 1912/6/1980 1921/6/1980 1910/6/1980
f 1921/6/1981 1905/6/1981 1910/6/1981
f 1906/6/1982 1922/6/1982 1911/6/1982
f 1922/6/1983 1912/6/1983 1911/6/1983
f 1738/6/1984 1923/6/1984 1737/6/1984
f 1923/6/1985 1927/6/1985 1737/6/1985
f 1737/6/1986 1927/6/1986 1817/6/1986
f 1817/6/1987 1927/6/1987 1924/6/1987
f 1845/6/1988 1924/6/1988 1925/6/1988
f 1848/6/1989 1925/6/1989 1926/6/1989
f 1848/6/1990 1928/6/1990 1843/6/1990
f 1814/6/1991 1928/6/1991 1815/6/1991
f 1931/7/1992 1815/7/1992 1928/7/1992
f 1816/7/1993 1932/7/1993 1844/7/1993
f 1927/7/1994 1925/7/1994 1924/7/1994
f 1846/7/1995 1923/7/1995 1818/7/1995
f 1933/7/1996 1926/7/1996 1925/7/1996
f 1847/7/1997 1934/7/1997 1846/7/1997
f 1844/7/1998 1935/7/1998 1847/7/1998
f 1931/7/1999 1926/7/1999 1936/7/1999
f 1814/6/2000 1725/6/2000 1724/6/2000
f 1938/6/2001 1819/6/2001 1838/6/2001
f 1819/6/2002 1939/6/2002 1846/6/2002
f 1939/6/2003 1847/6/2003 1846/6/2003
f 1840/6/2004 1938/6/2004 1838/6/2004
f 1839/6/2005 1941/6/2005 1840/6/2005
f 1940/6/2006 1844/6/2006 1847/6/2006
f 1943/6/2007 1839/6/2007 1844/6/2007
f 1938/6/2008 1944/6/2008 1937/6/2008
f 1937/6/2009 1946/6/2009 1939/6/2009
f 1946/6/2010 1940/6/2010 1939/6/2010
f 1941/6/2011 1945/6/2011 1938/6/2011
f 1949/6/2012 1941/6/2012 1942/6/2012
f 1947/6/2013 1943/6/2013 1940/6/2013
f 1950/6/2014 1942/6/2014 1943/6/2014
f 127/5/2015 1951/5/2015 1722/5/2015
f 1953/5/2016 1807/5/2016 1806/5/2016
f 1952/5/2017 1808/5/2017 1807/5/2017
f 1954/5/2018 1809/5/2018 1808/5/2018
f 1955/5/2019 126/5/2019 1809/5/2019
f 1722/5/2020 1956/5/2020 1810/5/2020
f 1810/5/2021 1957/5/2021 1723/5/2021
f 1957/5/2022 1806/5/2022 1723/5/2022
f 383/6/2023 387/6/2023 1960/6/2023
f 1960/6/2024 1959/6/2024 1707/6/2024
f 1959/6/2025 1962/6/2025 1958/6/2025
f 1962/6/2026 99/6/2026 1958/6/2026
f 1707/6/2027 1812/6/2027 1960/6/2027
f 218/6/2028 1960/6/2028 1812/6/2028
f 1709/3/2029 1708/3/2029 1958/3/2029
f 1737/3/2030 1959/3/2030 1738/3/2030
f 387/6/2031 1961/6/2031 1960/6/2031
f 1754/3/2032 1743/3/2032 1753/3/2032
f 1757/3/2033 1744/3/2033 1756/3/2033
f 1751/3/2034 1742/3/2034 1750/3/2034
f 1746/3/2035 1748/3/2035 1747/3/2035
f 1758/3/2036 1760/3/2036 1759/3/2036
f 1811/3/2037 1730/3/2037 1734/3/2037
f 1968/6/2038 1969/6/2038 1967/6/2038
f 1819/6/2039 1967/6/2039 1838/6/2039
f 1819/6/2040 1963/6/2040 1968/6/2040
f 1739/3/2041 1965/3/2041 1963/3/2041
f 1709/3/2042 1966/3/2042 1965/3/2042
f 1964/6/2043 1969/6/2043 1966/6/2043
f 1966/6/2044 1970/6/2044 1965/6/2044
f 1970/6/2045 1963/6/2045 1965/6/2045
f 402/3/2046 1710/3/2046 103/3/2046
f 1988/3/2047 1974/3/2047 1740/3/2047
f 1973/3/2048 1740/3/2048 1974/3/2048
f 1979/6/2049 1976/6/2049 1977/6/2049
f 1992/6/2050 1978/6/2050 1993/6/2050
f 410/6/2051 1980/6/2051 409/6/2051
f 1977/6/2052 1972/6/2052 1711/6/2052
f 1978/6/2053 1973/6/2053 1974/6/2053
f 1973/6/2054 1977/6/2054 1711/6/2054
f 1978/6/2055 1986/6/2055 1993/6/2055
f 1976/6/2056 1985/6/2056 1972/6/2056
f 409/6/2057 1975/6/2057 402/6/2057
f 1971/6/2058 410/6/2058 396/6/2058
f 1972/3/2059 1984/3/2059 1696/3/2059
f 1990/6/2060 1994/6/2060 1992/6/2060
f 1696/3/2061 1983/3/2061 1691/3/2061
f 1993/6/2062 1996/6/2062 1991/6/2062
f 1740/3/2063 1989/3/2063 1988/3/2063
f 1975/3/2064 1989/3/2064 1710/3/2064
f 1981/6/2065 1982/6/2065 1990/6/2065
f 1981/6/2066 1991/6/2066 1980/6/2066
f 1980/6/2067 1987/6/2067 1975/6/2067
f 1990/6/2068 1993/6/2068 1991/6/2068
f 1985/6/2069 1994/6/2069 1984/6/2069
f 1984/6/2070 1995/6/2070 1983/6/2070
f 1995/6/2071 1982/6/2071 1983/6/2071
f 1987/6/2072 1996/6/2072 1989/6/2072
f 1989/6/2073 1997/6/2073 1988/6/2073
f 1997/6/2074 1986/6/2074 1988/6/2074
f 1824/6/2075 1973/6/2075 1711/6/2075
f 2027/6/2076 2029/6/2076 2030/6/2076
f 1999/2/2077 2007/2/2077 2004/2/2077
f 1999/2/2078 2004/2/2078 2001/2/2078
f 2000/2/2079 2026/2/2079 1998/2/2079
f 2001/2/2080 2004/2/2080 2005/2/2080
f 2006/2/2081 2021/2/2081 2002/2/2081
f 2007/2/2082 2002/2/2082 2003/2/2082
f 2004/2/2083 2007/2/2083 2003/2/2083
f 2067/2/2084 2065/2/2084 2064/2/2084
f 2005/2/2085 2008/2/2085 2009/2/2085
f 2030/6/2086 2032/6/2086 2027/6/2086
f 1999/2/2087 2070/2/2087 1998/2/2087
f 2001/2/2088 2070/2/2088 1999/2/2088
f 2011/2/2089 2000/2/2089 1998/2/2089
f 2072/2/2090 2001/2/2090 2005/2/2090
f 2022/2/2091 2002/2/2091 2021/2/2091
f 2015/2/2092 2003/2/2092 2002/2/2092
f 2067/2/2093 2017/2/2093 2066/2/2093
f 2073/2/2094 2005/2/2094 2009/2/2094
f 2026/2/2095 1999/2/2095 1998/2/2095
f 427/2/2096 2024/2/2096 2019/2/2096
f 2020/2/2097 433/2/2097 2021/2/2097
f 448/2/2098 2021/2/2098 433/2/2098
f 2019/2/2099 442/2/2099 427/2/2099
f 458/2/2100 2020/2/2100 2024/2/2100
f 2024/2/2101 2006/2/2101 2025/2/2101
f 2025/2/2102 2007/2/2102 2026/2/2102
f 2024/2/2103 2027/2/2103 2019/2/2103
f 2025/2/2104 2028/2/2104 2024/2/2104
f 2025/2/2105 2030/2/2105 2029/2/2105
f 2010/2/2106 2030/2/2106 2000/2/2106
f 2027/2/2107 2023/2/2107 2019/2/2107
f 2058/6/2108 2060/6/2108 2059/6/2108
f 2034/2/2109 2039/2/2109 2042/2/2109
f 2034/2/2110 2036/2/2110 2039/2/2110
f 2035/2/2111 2057/2/2111 2056/2/2111
f 2036/2/2112 2040/2/2112 2039/2/2112
f 2041/2/2113 2052/2/2113 2051/2/2113
f 2042/2/2114 2037/2/2114 2041/2/2114
f 2039/2/2115 2038/2/2115 2042/2/2115
f 2065/2/2116 2068/2/2116 2069/2/2116
f 2040/2/2117 2008/2/2117 2039/2/2117
f 2063/6/2118 2061/6/2118 2058/6/2118
f 2034/2/2119 2033/2/2119 2076/2/2119
f 2036/2/2120 2076/2/2120 2075/2/2120
f 2043/2/2121 2033/2/2121 2035/2/2121
f 2036/2/2122 2074/2/2122 2040/2/2122
f 2037/2/2123 2053/2/2123 2052/2/2123
f 2038/2/2124 2048/2/2124 2037/2/2124
f 2068/2/2125 2066/2/2125 2017/2/2125
f 2040/2/2126 2073/2/2126 2009/2/2126
f 2034/2/2127 2057/2/2127 2033/2/2127
f 468/2/2128 2055/2/2128 495/2/2128
f 474/2/2129 2051/2/2129 2052/2/2129
f 2052/2/2130 487/2/2130 474/2/2130
f 481/2/2131 2050/2/2131 468/2/2131
f 495/2/2132 2051/2/2132 478/2/2132
f 2041/2/2133 2055/2/2133 2056/2/2133
f 2042/2/2134 2056/2/2134 2057/2/2134
f 2058/2/2135 2055/2/2135 2050/2/2135
f 2059/2/2136 2056/2/2136 2055/2/2136
f 2056/2/2137 2061/2/2137 2035/2/2137
f 2061/2/2138 2043/2/2138 2035/2/2138
f 2054/2/2139 2058/2/2139 2050/2/2139
f 2064/2/2140 2008/2/2140 2004/2/2140
f 2003/2/2141 2064/2/2141 2004/2/2141
f 2016/2/2142 2067/2/2142 2003/2/2142
f 2069/2/2143 2038/2/2143 2039/2/2143
f 2008/2/2144 2069/2/2144 2039/2/2144
f 2068/2/2145 2049/2/2145 2038/2/2145
f 2012/2/2146 1998/2/2146 2070/2/2146
f 2071/2/2147 2012/2/2147 2070/2/2147
f 2014/2/2148 2071/2/2148 2072/2/2148
f 2018/2/2149 2072/2/2149 2073/2/2149
f 2074/2/2150 2018/2/2150 2073/2/2150
f 2075/2/2151 2047/2/2151 2074/2/2151
f 2076/2/2152 2045/2/2152 2075/2/2152
f 2033/2/2153 2045/2/2153 2076/2/2153
f 2071/2/2154 2013/2/2154 2012/2/2154
f 2045/2/2155 2046/2/2155 2075/2/2155
f 2077/1/2156 2124/1/2156 2078/1/2156
f 2078/1/2157 2123/1/2157 2079/1/2157
f 2079/1/2158 2122/1/2158 2080/1/2158
f 2122/1/2159 2081/1/2159 2080/1/2159
f 2121/1/2160 2082/1/2160 2081/1/2160
f 2120/1/2161 2083/1/2161 2082/1/2161
f 2119/1/2162 2084/1/2162 2083/1/2162
f 2118/1/2163 2085/1/2163 2084/1/2163
f 2085/1/2164 2126/1/2164 2086/1/2164
f 2086/1/2165 2125/1/2165 2077/1/2165
f 2098/1/2166 2099/1/2166 2097/1/2166
f 2100/1/2167 2099/1/2167 2098/1/2167
f 2101/1/2168 2099/1/2168 2100/1/2168
f 2102/1/2169 2099/1/2169 2101/1/2169
f 2103/1/2170 2099/1/2170 2102/1/2170
f 2104/1/2171 2099/1/2171 2103/1/2171
f 2105/1/2172 2099/1/2172 2104/1/2172
f 2106/1/2173 2099/1/2173 2105/1/2173
f 2107/1/2174 2099/1/2174 2106/1/2174
f 2097/1/2175 2099/1/2175 2107/1/2175
f 2098/1/2176 2108/1/2176 2109/1/2176
f 2110/1/2177 2098/1/2177 2109/1/2177
f 2111/1/2178 2100/1/2178 2110/1/2178
f 2112/1/2179 2101/1/2179 2111/1/2179
f 2103/1/2180 2112/1/2180 2113/1/2180
f 2104/1/2181 2113/1/2181 2114/1/2181
f 2105/1/2182 2114/1/2182 2115/1/2182
f 2116/1/2183 2105/1/2183 2115/1/2183
f 2107/1/2184 2116/1/2184 2117/1/2184
f 2108/1/2185 2107/1/2185 2117/1/2185
f 2109/1/2186 2077/1/2186 2078/1/2186
f 2079/1/2187 2109/1/2187 2078/1/2187
f 2080/1/2188 2110/1/2188 2079/1/2188
f 2112/1/2189 2080/1/2189 2081/1/2189
f 2113/1/2190 2081/1/2190 2082/1/2190
f 2114/1/2191 2082/1/2191 2083/1/2191
f 2115/1/2192 2083/1/2192 2084/1/2192
f 2085/1/2193 2115/1/2193 2084/1/2193
f 2117/1/2194 2085/1/2194 2086/1/2194
f 2108/1/2195 2086/1/2195 2077/1/2195
f 2093/1/2196 2118/1/2196 2119/1/2196
f 2092/1/2197 2119/1/2197 2120/1/2197
f 2091/1/2198 2120/1/2198 2121/1/2198
f 2122/1/2199 2091/1/2199 2121/1/2199
f 2089/1/2200 2122/1/2200 2123/1/2200
f 2124/1/2201 2089/1/2201 2123/1/2201
f 2125/1/2202 2088/1/2202 2124/1/2202
f 2126/1/2203 2087/1/2203 2125/1/2203
f 2127/1/2204 2096/1/2204 2126/1/2204
f 2094/1/2205 2127/1/2205 2118/1/2205
f 2197/7/2206 2195/7/2206 2194/7/2206
f 2157/7/2207 2130/7/2207 2129/7/2207
f 2130/7/2208 2190/7/2208 2189/7/2208
f 2131/6/2209 2216/6/2209 2215/6/2209
f 2226/1/2210 2228/1/2210 2227/1/2210
f 2227/1/2211 2231/1/2211 2230/1/2211
f 2185/7/2212 2133/7/2212 2186/7/2212
f 2133/7/2213 2152/7/2213 2134/7/2213
f 2198/7/2214 2200/7/2214 2199/7/2214
f 2200/7/2215 2194/7/2215 2199/7/2215
f 2169/2/2216 2144/2/2216 2145/2/2216
f 2184/2/2217 2141/2/2217 2145/2/2217
f 2235/1/2218 2232/1/2218 2233/1/2218
f 2236/1/2219 2235/1/2219 2233/1/2219
f 2139/6/2220 2217/6/2220 2147/6/2220
f 2138/2/2221 2191/2/2221 2148/2/2221
f 2149/2/2222 2170/2/2222 2148/2/2222
f 2136/2/2223 2149/2/2223 2150/2/2223
f 2143/2/2224 2150/2/2224 2151/2/2224
f 2142/2/2225 2151/2/2225 2144/2/2225
f 2153/2/2226 2144/2/2226 2152/2/2226
f 2185/2/2227 2145/2/2227 2153/2/2227
f 2233/1/2228 2231/1/2228 2228/1/2228
f 2229/1/2229 2233/1/2229 2228/1/2229
f 2147/6/2230 2216/6/2230 2155/6/2230
f 2148/2/2231 2190/2/2231 2156/2/2231
f 2149/2/2232 2156/2/2232 2157/2/2232
f 2197/2/2233 2202/2/2233 2196/2/2233
f 2204/2/2234 2197/2/2234 2200/2/2234
f 2205/2/2235 2200/2/2235 2201/2/2235
f 2129/2/2236 2158/2/2236 2128/2/2236
f 2130/2/2237 2159/2/2237 2129/2/2237
f 2189/2/2238 2160/2/2238 2130/2/2238
f 2215/6/2239 2161/6/2239 2131/6/2239
f 2227/1/2240 2238/1/2240 2226/1/2240
f 2230/1/2241 2239/1/2241 2227/1/2241
f 2165/2/2242 2186/2/2242 2133/2/2242
f 2166/2/2243 2133/2/2243 2134/2/2243
f 2167/2/2244 2134/2/2244 2135/2/2244
f 2128/2/2245 2167/2/2245 2135/2/2245
f 2159/1/2246 2168/1/2246 2158/1/2246
f 2160/1/2247 2168/1/2247 2159/1/2247
f 2168/1/2248 2188/1/2248 2161/1/2248
f 2162/1/2249 2161/1/2249 2214/1/2249
f 2163/1/2250 2168/1/2250 2162/1/2250
f 2164/1/2251 2163/1/2251 2220/1/2251
f 2168/1/2252 2187/1/2252 2165/1/2252
f 2166/1/2253 2168/1/2253 2165/1/2253
f 2167/1/2254 2168/1/2254 2166/1/2254
f 2158/1/2255 2168/1/2255 2167/1/2255
f 2145/2/2256 2141/2/2256 2169/2/2256
f 2170/2/2257 2138/2/2257 2148/2/2257
f 2171/2/2258 2137/2/2258 2136/2/2258
f 2172/2/2259 2170/2/2259 2137/2/2259
f 2174/2/2260 2192/2/2260 2138/2/2260
f 2175/6/2261 2218/6/2261 2139/6/2261
f 2242/1/2262 2235/1/2262 2237/1/2262
f 2241/1/2263 2234/1/2263 2235/1/2263
f 2183/2/2264 2178/2/2264 2141/2/2264
f 2141/2/2265 2179/2/2265 2169/2/2265
f 2180/2/2266 2143/2/2266 2142/2/2266
f 2181/2/2267 2136/2/2267 2143/2/2267
f 2169/2/2268 2180/2/2268 2142/2/2268
f 2173/2/2269 2138/2/2269 2170/2/2269
f 2171/1/2270 2176/1/2270 2172/1/2270
f 2172/1/2271 2176/1/2271 2173/1/2271
f 2174/1/2272 2176/1/2272 2193/1/2272
f 2175/1/2273 2176/1/2273 2219/1/2273
f 2176/1/2274 2177/1/2274 2225/1/2274
f 2176/1/2275 2178/1/2275 2182/1/2275
f 2178/1/2276 2176/1/2276 2179/1/2276
f 2180/1/2277 2176/1/2277 2181/1/2277
f 2181/1/2278 2176/1/2278 2171/1/2278
f 2179/1/2279 2176/1/2279 2180/1/2279
f 2173/1/2280 2176/1/2280 2174/1/2280
f 2177/6/2281 2183/6/2281 2140/6/2281
f 2140/6/2282 2184/6/2282 2146/6/2282
f 2146/6/2283 2185/6/2283 2154/6/2283
f 2132/6/2284 2185/6/2284 2186/6/2284
f 2164/6/2285 2186/6/2285 2187/6/2285
f 2161/6/2286 2189/6/2286 2131/6/2286
f 2190/6/2287 2131/6/2287 2189/6/2287
f 2147/6/2288 2190/6/2288 2191/6/2288
f 2139/6/2289 2191/6/2289 2192/6/2289
f 2175/6/2290 2192/6/2290 2193/6/2290
f 2206/7/2291 2208/7/2291 2207/7/2291
f 2129/7/2292 2196/7/2292 2157/7/2292
f 2213/7/2293 2211/7/2293 2210/7/2293
f 2201/7/2294 2134/7/2294 2152/7/2294
f 2211/7/2295 2209/7/2295 2206/7/2295
f 2157/2/2296 2202/2/2296 2149/2/2296
f 2202/2/2297 2150/2/2297 2149/2/2297
f 2203/2/2298 2151/2/2298 2150/2/2298
f 2151/2/2299 2205/2/2299 2144/2/2299
f 2205/2/2300 2152/2/2300 2144/2/2300
f 2128/7/2301 2206/7/2301 2207/7/2301
f 2207/7/2302 2195/7/2302 2129/7/2302
f 2208/7/2303 2194/7/2303 2195/7/2303
f 2134/7/2304 2210/7/2304 2135/7/2304
f 2199/7/2305 2213/7/2305 2198/7/2305
f 2198/7/2306 2210/7/2306 2134/7/2306
f 2135/7/2307 2206/7/2307 2128/7/2307
f 2209/7/2308 2199/7/2308 2194/7/2308
f 2238/1/2309 2244/1/2309 2226/1/2309
f 2246/1/2310 2226/1/2310 2244/1/2310
f 2236/1/2311 2246/1/2311 2247/1/2311
f 2237/1/2312 2247/1/2312 2248/1/2312
f 2242/1/2313 2248/1/2313 2249/1/2313
f 2164/6/2314 2221/6/2314 2132/6/2314
f 2154/6/2315 2221/6/2315 2222/6/2315
f 2146/6/2316 2222/6/2316 2223/6/2316
f 2140/6/2317 2223/6/2317 2224/6/2317
f 2177/6/2318 2224/6/2318 2225/6/2318
f 2221/6/2319 2231/6/2319 2222/6/2319
f 2223/6/2320 2234/6/2320 2224/6/2320
f 2231/6/2321 2223/6/2321 2222/6/2321
f 2162/1/2322 2239/1/2322 2163/1/2322
f 2220/6/2323 2163/6/2323 2240/6/2323
f 2163/1/2324 2239/1/2324 2240/1/2324
f 2220/6/2325 2230/6/2325 2221/6/2325
f 2176/6/2326 2241/6/2326 2242/6/2326
f 2234/6/2327 2225/6/2327 2224/6/2327
f 2225/6/2328 2243/6/2328 2176/6/2328
f 2243/6/2329 2241/6/2329 2176/6/2329
f 2244/6/2330 2214/6/2330 2215/6/2330
f 2214/6/2331 2245/6/2331 2162/6/2331
f 2245/1/2332 2238/1/2332 2162/1/2332
f 2246/6/2333 2215/6/2333 2216/6/2333
f 2217/6/2334 2246/6/2334 2216/6/2334
f 2248/6/2335 2217/6/2335 2218/6/2335
f 2219/6/2336 2248/6/2336 2218/6/2336
f 2219/6/2337 2176/6/2337 2249/6/2337
f 2176/6/2338 2242/6/2338 2249/6/2338
f 2176/1/2339 2175/1/2339 2193/1/2339
f 2177/1/2340 2176/1/2340 2182/1/2340
f 2210/7/2341 2211/7/2341 2135/7/2341
f 2128/7/2342 2207/7/2342 2129/7/2342
f 2262/7/2343 2265/7/2343 2263/7/2343
f 2267/7/2344 2268/7/2344 2269/7/2344
f 2270/7/2345 2269/7/2345 2271/7/2345
f 2272/7/2346 2271/7/2346 2273/7/2346
f 2272/7/2347 2264/7/2347 2262/7/2347
f 2251/7/2348 2256/7/2348 2257/7/2348
f 2259/7/2349 2252/7/2349 2258/7/2349
f 2260/7/2350 2253/7/2350 2259/7/2350
f 2261/7/2351 2254/7/2351 2260/7/2351
f 2250/7/2352 2261/7/2352 2256/7/2352
f 2257/7/2353 2262/7/2353 2263/7/2353
f 2251/7/2354 2264/7/2354 2250/7/2354
f 2251/7/2355 2263/7/2355 2265/7/2355
f 2258/7/2356 2267/7/2356 2259/7/2356
f 2252/7/2357 2266/7/2357 2258/7/2357
f 2252/7/2358 2269/7/2358 2268/7/2358
f 2259/7/2359 2270/7/2359 2260/7/2359
f 2253/7/2360 2271/7/2360 2269/7/2360
f 2261/7/2361 2270/7/2361 2272/7/2361
f 2255/7/2362 2271/7/2362 2254/7/2362
f 2256/7/2363 2272/7/2363 2262/7/2363
f 2250/7/2364 2273/7/2364 2255/7/2364
f 2274/2/2365 2286/2/2365 2281/2/2365
f 2275/2/2366 2279/2/2366 2278/2/2366
f 2277/2/2367 2289/2/2367 2288/2/2367
f 2274/2/2368 2280/2/2368 2277/2/2368
f 2277/2/2369 2287/2/2369 2274/2/2369
f 2275/2/2370 2282/2/2370 2283/2/2370
f 2276/2/2371 2283/2/2371 2284/2/2371
f 2276/2/2372 2285/2/2372 2279/2/2372
f 2301/1/2373 2298/1/2373 2299/1/2373
f 2303/1/2374 2299/1/2374 2302/1/2374
f 2302/1/2375 2304/1/2375 2303/1/2375
f 2287/2/2376 2290/2/2376 2286/2/2376
f 2286/2/2377 2292/2/2377 2282/2/2377
f 2292/2/2378 2283/2/2378 2282/2/2378
f 2288/2/2379 2291/2/2379 2287/2/2379
f 2283/2/2380 2295/2/2380 2284/2/2380
f 2284/2/2381 2296/2/2381 2285/2/2381
f 2296/2/2382 2289/2/2382 2285/2/2382
f 2297/2/2383 2288/2/2383 2289/2/2383
f 2291/2/2384 2298/2/2384 2290/2/2384
f 2298/2/2385 2292/2/2385 2290/2/2385
f 2300/2/2386 2293/2/2386 2292/2/2386
f 2302/2/2387 2291/2/2387 2294/2/2387
f 2293/2/2388 2303/2/2388 2295/2/2388
f 2295/2/2389 2304/2/2389 2296/2/2389
f 2296/2/2390 2305/2/2390 2297/2/2390
f 2305/2/2391 2294/2/2391 2297/2/2391
f 2312/2/2392 2282/2/2392 2313/2/2392
f 2281/2/2393 2312/2/2393 2311/2/2393
f 2310/2/2394 2281/2/2394 2311/2/2394
f 2309/2/2395 2280/2/2395 2310/2/2395
f 2285/2/2396 2309/2/2396 2308/2/2396
f 2279/2/2397 2308/2/2397 2307/2/2397
f 2278/2/2398 2307/2/2398 2306/2/2398
f 2313/2/2399 2278/2/2399 2306/2/2399
f 2315/2/2400 2306/2/2400 2307/2/2400
f 2316/2/2401 2307/2/2401 2308/2/2401
f 2317/2/2402 2308/2/2402 2309/2/2402
f 2318/2/2403 2309/2/2403 2310/2/2403
f 2311/2/2404 2318/2/2404 2310/2/2404
f 2312/2/2405 2319/2/2405 2311/2/2405
f 2313/2/2406 2320/2/2406 2312/2/2406
f 2306/2/2407 2321/2/2407 2313/2/2407
f 2337/1/2408 2355/1/2408 2322/1/2408
f 2356/1/2409 2328/1/2409 2323/1/2409
f 2334/1/2410 2325/1/2410 2339/1/2410
f 2350/1/2411 2333/1/2411 2327/1/2411
f 2353/1/2412 2332/1/2412 2352/1/2412
f 2323/1/2413 2355/1/2413 2356/1/2413
f 2324/1/2414 2339/1/2414 2325/1/2414
f 2326/1/2415 2329/1/2415 2331/1/2415
f 2327/1/2416 2357/1/2416 2350/1/2416
f 2330/1/2417 2334/1/2417 2336/1/2417
f 2333/1/2418 2352/1/2418 2332/1/2418
f 2335/1/2419 2339/1/2419 2341/1/2419
f 2338/1/2420 2354/1/2420 2337/1/2420
f 2324/1/2421 2325/1/2421 2326/1/2421
f 2329/1/2422 2330/1/2422 2331/1/2422
f 2334/1/2423 2335/1/2423 2336/1/2423
f 2339/1/2424 2340/1/2424 2341/1/2424
f 2336/1/2425 2342/1/2425 2330/1/2425
f 2343/1/2426 2335/1/2426 2344/1/2426
f 2335/1/2427 2345/1/2427 2344/1/2427
f 2346/1/2428 2341/1/2428 2340/1/2428
f 2347/1/2429 2340/1/2429 2324/1/2429
f 2348/1/2430 2324/1/2430 2326/1/2430
f 2326/1/2431 2349/1/2431 2348/1/2431
f 2349/1/2432 2330/1/2432 2342/1/2432
f 2343/1/2433 2350/1/2433 2342/1/2433
f 2352/1/2434 2343/1/2434 2344/1/2434
f 2345/1/2435 2352/1/2435 2344/1/2435
f 2353/1/2436 2346/1/2436 2354/1/2436
f 2355/1/2437 2346/1/2437 2347/1/2437
f 2356/1/2438 2347/1/2438 2348/1/2438
f 2349/1/2439 2356/1/2439 2348/1/2439
f 2357/1/2440 2342/1/2440 2350/1/2440
f 2396/2/2441 2359/2/2441 2358/2/2441
f 2395/2/2442 2394/2/2442 2360/2/2442
f 2394/2/2443 2436/2/2443 2429/2/2443
f 2437/6/2444 2392/6/2444 2362/6/2444
f 2362/6/2445 2391/6/2445 2363/6/2445
f 2391/6/2446 2435/6/2446 2364/6/2446
f 2434/2/2447 2389/2/2447 2365/2/2447
f 2365/2/2448 2389/2/2448 2388/2/2448
f 2366/2/2449 2397/2/2449 2367/2/2449
f 2397/2/2450 2358/2/2450 2367/2/2450
f 2409/2/2451 2378/2/2451 2379/2/2451
f 2426/2/2452 2375/2/2452 2379/2/2452
f 2381/6/2453 2374/6/2453 2380/6/2453
f 2382/6/2454 2373/6/2454 2381/6/2454
f 2371/6/2455 2382/6/2455 2383/6/2455
f 2370/2/2456 2431/2/2456 2384/2/2456
f 2369/2/2457 2384/2/2457 2385/2/2457
f 2386/2/2458 2369/2/2458 2385/2/2458
f 2377/2/2459 2386/2/2459 2387/2/2459
f 2376/2/2460 2387/2/2460 2378/2/2460
f 2443/2/2461 2379/2/2461 2378/2/2461
f 2439/2/2462 2379/2/2462 2440/2/2462
f 2391/6/2463 2380/6/2463 2390/6/2463
f 2392/6/2464 2381/6/2464 2391/6/2464
f 2383/6/2465 2392/6/2465 2393/6/2465
f 2447/2/2466 2430/2/2466 2394/2/2466
f 2385/2/2467 2449/2/2467 2395/2/2467
f 2386/2/2468 2395/2/2468 2396/2/2468
f 2387/2/2469 2396/2/2469 2397/2/2469
f 2378/2/2470 2397/2/2470 2388/2/2470
f 2399/2/2471 2358/2/2471 2359/2/2471
f 2400/2/2472 2359/2/2472 2360/2/2472
f 2429/2/2473 2400/2/2473 2360/2/2473
f 2362/6/2474 2401/6/2474 2361/6/2474
f 2403/6/2475 2362/6/2475 2363/6/2475
f 2404/6/2476 2363/6/2476 2364/6/2476
f 2365/2/2477 2405/2/2477 2428/2/2477
f 2366/2/2478 2405/2/2478 2365/2/2478
f 2367/2/2479 2406/2/2479 2366/2/2479
f 2398/2/2480 2367/2/2480 2358/2/2480
f 2399/2/2481 2408/2/2481 2398/2/2481
f 2400/2/2482 2408/2/2482 2399/2/2482
f 2406/2/2483 2408/2/2483 2405/2/2483
f 2407/2/2484 2408/2/2484 2406/2/2484
f 2398/2/2485 2408/2/2485 2407/2/2485
f 2379/2/2486 2375/2/2486 2409/2/2486
f 2410/2/2487 2370/2/2487 2384/2/2487
f 2368/2/2488 2412/2/2488 2369/2/2488
f 2412/2/2489 2410/2/2489 2369/2/2489
f 2414/2/2490 2432/2/2490 2370/2/2490
f 2371/6/2491 2416/6/2491 2372/6/2491
f 2372/6/2492 2417/6/2492 2373/6/2492
f 2373/6/2493 2418/6/2493 2374/6/2493
f 2425/2/2494 2419/2/2494 2375/2/2494
f 2419/2/2495 2409/2/2495 2375/2/2495
f 2376/2/2496 2422/2/2496 2377/2/2496
f 2422/2/2497 2368/2/2497 2377/2/2497
f 2420/2/2498 2376/2/2498 2409/2/2498
f 2410/2/2499 2414/2/2499 2370/2/2499
f 2411/1/2500 2423/1/2500 2412/1/2500
f 2412/1/2501 2423/1/2501 2413/1/2501
f 2414/1/2502 2423/1/2502 2433/1/2502
f 2415/1/2503 2423/1/2503 2416/1/2503
f 2416/1/2504 2423/1/2504 2417/1/2504
f 2417/1/2505 2423/1/2505 2418/1/2505
f 2423/1/2506 2419/1/2506 2424/1/2506
f 2419/1/2507 2423/1/2507 2420/1/2507
f 2421/1/2508 2423/1/2508 2422/1/2508
f 2422/1/2509 2423/1/2509 2411/1/2509
f 2420/1/2510 2423/1/2510 2421/1/2510
f 2413/1/2511 2423/1/2511 2414/1/2511
f 2418/6/2512 2425/6/2512 2374/6/2512
f 2380/6/2513 2425/6/2513 2426/6/2513
f 2390/6/2514 2441/6/2514 2427/6/2514
f 2430/6/2515 2437/6/2515 2436/6/2515
f 2431/6/2516 2383/6/2516 2446/6/2516
f 2432/6/2517 2383/6/2517 2431/6/2517
f 2415/6/2518 2432/6/2518 2433/6/2518
f 2435/6/2519 2427/6/2519 2434/6/2519
f 2436/6/2520 2435/6/2520 2434/6/2520
f 2437/6/2521 2364/6/2521 2435/6/2521
f 2361/6/2522 2404/6/2522 2364/6/2522
f 2404/6/2523 2402/6/2523 2403/6/2523
f 2428/2/2524 2438/2/2524 2434/2/2524
f 2438/2/2525 2429/2/2525 2436/2/2525
f 2438/2/2526 2436/2/2526 2434/2/2526
f 2438/2/2527 2400/2/2527 2429/2/2527
f 2405/2/2528 2438/2/2528 2428/2/2528
f 2451/6/2529 2453/6/2529 2452/6/2529
f 2427/2/2530 2442/2/2530 2389/2/2530
f 2453/6/2531 2455/6/2531 2452/6/2531
f 2389/2/2532 2444/2/2532 2388/2/2532
f 2444/2/2533 2378/2/2533 2388/2/2533
f 2384/2/2534 2446/2/2534 2448/2/2534
f 2460/6/2535 2457/6/2535 2458/6/2535
f 2458/6/2536 2461/6/2536 2460/6/2536
f 2385/2/2537 2448/2/2537 2450/2/2537
f 2449/2/2538 2394/2/2538 2395/2/2538
f 2359/2/2539 2395/2/2539 2360/2/2539
f 2441/2/2540 2452/2/2540 2442/2/2540
f 2440/2/2541 2454/2/2541 2439/2/2541
f 2454/6/2542 2441/6/2542 2439/6/2542
f 2452/2/2543 2444/2/2543 2442/2/2543
f 2444/2/2544 2456/2/2544 2443/2/2544
f 2443/2/2545 2453/2/2545 2440/2/2545
f 2458/2/2546 2450/2/2546 2448/2/2546
f 2457/2/2547 2449/2/2547 2450/2/2547
f 2449/2/2548 2460/2/2548 2447/2/2548
f 2460/2/2549 2445/2/2549 2447/2/2549
f 2445/2/2550 2462/2/2550 2446/2/2550
f 2462/2/2551 2448/2/2551 2446/2/2551
f 2390/6/2552 2439/6/2552 2441/6/2552
f 2380/6/2553 2426/6/2553 2439/6/2553
f 2393/6/2554 2430/6/2554 2445/6/2554
f 2393/6/2555 2446/6/2555 2383/6/2555
f 2365/2/2556 2388/2/2556 2366/2/2556
f 2423/1/2557 2415/1/2557 2433/1/2557
f 2418/1/2558 2423/1/2558 2424/1/2558
f 2463/7/2559 2519/7/2559 2491/7/2559
f 2488/7/2560 2492/7/2560 2465/7/2560
f 2469/7/2561 2508/7/2561 2507/7/2561
f 2485/7/2562 2491/7/2562 2490/7/2562
f 2516/7/2563 2490/7/2563 2464/7/2563
f 2504/7/2564 2472/7/2564 2484/7/2564
f 2485/7/2565 2472/7/2565 2463/7/2565
f 2472/7/2566 2520/7/2566 2463/7/2566
f 2473/7/2567 2489/7/2567 2488/7/2567
f 2507/7/2568 2471/7/2568 2469/7/2568
f 2480/7/2569 2493/7/2569 2475/7/2569
f 2474/7/2570 2467/7/2570 2480/7/2570
f 2471/7/2571 2505/7/2571 2476/7/2571
f 2471/7/2572 2477/7/2572 2469/7/2572
f 2477/7/2573 2494/7/2573 2469/7/2573
f 2511/7/2574 2478/7/2574 2512/7/2574
f 2480/7/2575 2475/7/2575 2479/7/2575
f 2477/7/2576 2482/7/2576 2478/7/2576
f 2513/7/2577 2478/7/2577 2482/7/2577
f 2488/7/2578 2479/7/2578 2483/7/2578
f 2481/7/2579 2488/7/2579 2489/7/2579
f 2505/7/2580 2484/7/2580 2476/7/2580
f 2477/7/2581 2484/7/2581 2485/7/2581
f 2485/7/2582 2482/7/2582 2477/7/2582
f 2514/7/2583 2482/7/2583 2486/7/2583
f 2488/7/2584 2483/7/2584 2487/7/2584
f 2485/7/2585 2490/7/2585 2486/7/2585
f 2514/7/2586 2490/7/2586 2515/7/2586
f 2490/7/2587 2491/7/2587 2464/7/2587
f 2518/7/2588 2497/7/2588 2495/7/2588
f 2487/7/2589 2466/7/2589 2492/7/2589
f 2475/7/2590 2493/7/2590 2468/7/2590
f 2502/7/2591 2509/7/2591 2500/7/2591
f 2478/7/2592 2470/7/2592 2494/7/2592
f 2518/7/2593 2491/7/2593 2519/7/2593
f 2495/7/2594 2464/7/2594 2491/7/2594
f 2497/7/2595 2516/7/2595 2464/7/2595
f 2466/7/2596 2496/7/2596 2492/7/2596
f 2494/7/2597 2509/7/2597 2508/7/2597
f 2499/7/2598 2468/7/2598 2493/7/2598
f 2511/7/2599 2502/7/2599 2470/7/2599
f 2470/7/2600 2500/7/2600 2494/7/2600
f 2465/7/2601 2473/7/2601 2488/7/2601
f 2481/7/2602 2474/7/2602 2480/7/2602
f 2504/7/2603 2473/7/2603 2503/7/2603
f 2481/7/2604 2504/7/2604 2505/7/2604
f 2474/7/2605 2505/7/2605 2506/7/2605
f 2474/7/2606 2507/7/2606 2467/7/2606
f 2467/7/2607 2508/7/2607 2493/7/2607
f 2499/7/2608 2508/7/2608 2509/7/2608
f 2501/7/2609 2509/7/2609 2510/7/2609
f 2501/7/2610 2511/7/2610 2468/7/2610
f 2468/7/2611 2512/7/2611 2475/7/2611
f 2475/7/2612 2513/7/2612 2479/7/2612
f 2479/7/2613 2514/7/2613 2483/7/2613
f 2487/7/2614 2514/7/2614 2515/7/2614
f 2466/7/2615 2515/7/2615 2516/7/2615
f 2498/7/2616 2516/7/2616 2517/7/2616
f 2498/7/2617 2518/7/2617 2496/7/2617
f 2496/7/2618 2519/7/2618 2492/7/2618
f 2465/7/2619 2519/7/2619 2520/7/2619
f 2473/7/2620 2520/7/2620 2503/7/2620
f 2521/2/2621 2542/2/2621 2543/2/2621
f 2543/2/2622 2525/2/2622 2521/2/2622
f 2525/2/2623 2539/2/2623 2526/2/2623
f 2526/2/2624 2540/2/2624 2524/2/2624
f 2524/2/2625 2541/2/2625 2523/2/2625
f 2522/2/2626 2541/2/2626 2542/2/2626
f 2549/8/2627 2534/8/2627 2533/8/2627
f 2562/8/2628 2549/8/2628 2533/8/2628
f 2527/8/2629 2546/8/2629 2537/8/2629
f 2591/8/2630 2581/8/2630 2590/8/2630
f 2579/2/2631 2552/2/2631 2531/2/2631
f 2596/2/2632 2597/2/2632 2595/2/2632
f 2596/2/2633 2599/2/2633 2600/2/2633
f 2543/2/2634 2545/2/2634 2527/2/2634
f 2580/2/2635 2543/2/2635 2527/2/2635
f 2539/2/2636 2529/2/2636 2530/2/2636
f 2528/2/2637 2577/2/2637 2561/2/2637
f 2536/8/2638 2548/8/2638 2535/8/2638
f 2532/2/2639 2548/2/2639 2528/2/2639
f 2550/2/2640 2579/2/2640 2531/2/2640
f 2545/8/2641 2551/8/2641 2546/8/2641
f 2551/8/2642 2552/8/2642 2553/8/2642
f 2594/8/2643 2554/8/2643 2593/8/2643
f 2554/8/2644 2529/8/2644 2538/8/2644
f 2603/2/2645 2604/2/2645 2602/2/2645
f 2609/2/2646 2606/2/2646 2607/2/2646
f 2551/2/2647 2568/2/2647 2546/2/2647
f 2553/2/2648 2567/2/2648 2551/2/2648
f 2593/2/2649 2571/2/2649 2592/2/2649
f 2554/2/2650 2574/2/2650 2571/2/2650
f 2594/2/2651 2539/2/2651 2530/2/2651
f 2540/2/2652 2539/2/2652 2552/2/2652
f 2561/2/2653 2531/2/2653 2545/2/2653
f 2578/8/2654 2536/8/2654 2534/8/2654
f 2542/2/2655 2561/2/2655 2545/2/2655
f 2599/2/2656 2601/2/2656 2600/2/2656
f 2531/2/2657 2577/2/2657 2550/2/2657
f 2577/2/2658 2531/2/2658 2561/2/2658
f 2548/8/2659 2562/8/2659 2535/8/2659
f 2548/8/2660 2549/8/2660 2562/8/2660
f 2553/2/2661 2569/2/2661 2570/2/2661
f 2527/8/2662 2566/8/2662 2563/8/2662
f 2566/2/2663 2573/2/2663 2563/2/2663
f 2537/8/2664 2552/8/2664 2527/8/2664
f 2568/8/2665 2575/8/2665 2556/8/2665
f 2569/8/2666 2556/8/2666 2555/8/2666
f 2570/8/2667 2555/8/2667 2576/8/2667
f 2570/8/2668 2558/8/2668 2567/8/2668
f 2592/8/2669 2560/8/2669 2588/8/2669
f 2572/8/2670 2564/8/2670 2573/8/2670
f 2587/8/2671 2582/8/2671 2583/8/2671
f 2571/8/2672 2557/8/2672 2560/8/2672
f 2575/8/2673 2567/8/2673 2558/8/2673
f 2547/2/2674 2528/2/2674 2548/2/2674
f 2550/2/2675 2547/2/2675 2578/2/2675
f 2578/2/2676 2532/2/2676 2550/2/2676
f 2550/2/2677 2540/2/2677 2579/2/2677
f 2540/2/2678 2552/2/2678 2579/2/2678
f 2544/2/2679 2580/2/2679 2591/2/2679
f 2580/8/2680 2563/8/2680 2581/8/2680
f 2608/2/2681 2610/2/2681 2606/2/2681
f 2583/8/2682 2573/8/2682 2564/8/2682
f 2572/8/2683 2584/8/2683 2565/8/2683
f 2572/2/2684 2586/2/2684 2585/2/2684
f 2566/8/2685 2552/8/2685 2586/8/2685
f 2594/8/2686 2586/8/2686 2552/8/2686
f 2589/8/2687 2557/8/2687 2574/8/2687
f 2609/2/2688 2613/2/2688 2612/2/2688
f 2529/8/2689 2590/8/2689 2538/8/2689
f 2544/2/2690 2591/2/2690 2529/2/2690
f 2585/8/2691 2588/8/2691 2584/8/2691
f 2586/2/2692 2592/2/2692 2585/2/2692
f 2586/8/2693 2594/8/2693 2593/8/2693
f 2552/2/2694 2539/2/2694 2594/2/2694
f 2595/2/2695 2550/2/2695 2532/2/2695
f 2550/2/2696 2598/2/2696 2540/2/2696
f 2598/2/2697 2541/2/2697 2540/2/2697
f 2528/2/2698 2595/2/2698 2532/2/2698
f 2541/2/2699 2600/2/2699 2542/2/2699
f 2542/2/2700 2601/2/2700 2561/2/2700
f 2561/2/2701 2599/2/2701 2528/2/2701
f 2537/2/2702 2602/2/2702 2569/2/2702
f 2602/2/2703 2568/2/2703 2569/2/2703
f 2568/2/2704 2605/2/2704 2546/2/2704
f 2605/2/2705 2537/2/2705 2546/2/2705
f 2589/2/2706 2606/2/2706 2582/2/2706
f 2581/2/2707 2609/2/2707 2590/2/2707
f 2582/2/2708 2610/2/2708 2573/2/2708
f 2573/2/2709 2611/2/2709 2563/2/2709
f 2611/2/2710 2581/2/2710 2563/2/2710
f 2612/2/2711 2574/2/2711 2538/2/2711
f 2613/2/2712 2589/2/2712 2574/2/2712
f 2590/2/2713 2612/2/2713 2538/2/2713
f 2565/8/2714 2583/8/2714 2564/8/2714
f 2587/8/2715 2584/8/2715 2588/8/2715
f 2557/8/2716 2588/8/2716 2560/8/2716
f 2555/8/2717 2575/8/2717 2576/8/2717
f 2576/8/2718 2558/8/2718 2559/8/2718
f 2570/8/2719 2576/8/2719 2559/8/2719
f 2562/8/2720 2536/8/2720 2535/8/2720
f 2533/8/2721 2534/8/2721 2562/8/2721
f 2615/2/2722 2522/2/2722 2521/2/2722
f 2617/2/2723 2524/2/2723 2523/2/2723
f 2618/2/2724 2521/2/2724 2525/2/2724
f 2524/2/2725 2619/2/2725 2526/2/2725
f 2522/2/2726 2617/2/2726 2523/2/2726
f 2526/2/2727 2618/2/2727 2525/2/2727
f 2621/2/2728 2622/2/2728 2620/2/2728
f 2624/2/2729 2622/2/2729 2623/2/2729
f 2625/2/2730 2622/2/2730 2621/2/2730
f 2623/2/2731 2622/2/2731 2626/2/2731
f 2620/2/2732 2622/2/2732 2624/2/2732
f 2626/2/2733 2622/2/2733 2625/2/2733
f 2621/2/2734 2614/2/2734 2615/2/2734
f 2617/2/2735 2623/2/2735 2616/2/2735
f 2625/2/2736 2615/2/2736 2618/2/2736
f 2623/2/2737 2619/2/2737 2616/2/2737
f 2620/2/2738 2617/2/2738 2614/2/2738
f 2619/2/2739 2625/2/2739 2618/2/2739
f 1076/2/1106 1069/2/1106 2629/2/1106
f 2628/2/1107 1080/2/1107 2627/2/1107
f 1075/2/1108 1077/2/1108 2630/2/1108
f 2630/2/2740 1069/2/2740 1075/2/2740
f 2632/2/2741 2633/2/2741 2631/2/2741
f 2628/2/1112 2630/2/1112 1081/2/1112
f 2638/2/2742 2635/2/2742 2636/2/2742
f 2629/2/1114 2627/2/1114 1080/2/1114
f 1077/2/1119 1083/2/1119 2630/2/1119
f 1082/2/1120 1076/2/1120 2629/2/1120
f 2630/2/1116 1083/2/1116 1081/2/1116
f 1080/2/1117 1082/2/1117 2629/2/1117
f 2630/2/2743 2631/2/2743 2629/2/2743
f 2631/2/2744 2627/2/2744 2629/2/2744
f 2633/2/2745 2628/2/2745 2627/2/2745
f 2628/2/2746 2632/2/2746 2630/2/2746
f 2636/2/2747 1077/2/2747 1076/2/2747
f 2635/2/2748 1072/2/2748 1077/2/2748
f 1072/2/2749 2638/2/2749 1070/2/2749
f 1070/2/2750 2636/2/2750 1076/2/2750
f 1100/6/1136 2663/6/1136 2666/6/1136
f 2639/2/1137 2654/2/1137 2653/2/1137
f 1106/6/1138 2664/6/1138 1107/6/1138
f 1100/6/2751 2665/6/2751 1106/6/2751
f 2664/6/2752 1101/6/2752 1107/6/2752
f 2658/2/2753 2655/2/2753 2656/2/2753
f 2641/2/1142 2644/2/1142 2654/2/1142
f 2660/2/2754 2661/2/2754 2659/2/2754
f 2643/2/1144 2639/2/1144 2653/2/1144
f 2647/2/1137 2642/2/1137 2640/2/1137
f 2645/2/1142 2642/2/1142 2648/2/1142
f 2647/2/1144 2640/2/1144 2646/2/1144
f 2650/2/2755 2647/2/2755 2649/2/2755
f 2645/2/1152 2648/2/1152 2650/2/1152
f 2649/2/1153 2647/2/1153 2646/2/1153
f 2652/2/1148 2649/2/1148 2651/2/1148
f 2644/2/1149 2650/2/1149 2652/2/1149
f 2649/2/1150 2643/2/1150 2651/2/1150
f 2653/2/1145 2652/2/1145 2651/2/1145
f 2644/2/1146 2652/2/1146 2654/2/1146
f 2653/2/1147 2651/2/1147 2643/2/1147
f 2644/2/2756 2655/2/2756 2643/2/2756
f 2655/2/2757 2639/2/2757 2643/2/2757
f 2657/2/2758 2641/2/2758 2639/2/2758
f 2641/2/2759 2656/2/2759 2644/2/2759
f 2660/2/2760 2645/2/2760 2646/2/2760
f 2659/2/2761 2642/2/2761 2645/2/2761
f 2642/2/2762 2662/2/2762 2640/2/2762
f 2640/2/2763 2660/2/2763 2646/2/2763
f 2664/2/2764 2643/2/2764 2663/2/2764
f 2665/2/1165 2644/2/1165 2664/2/1165
f 2646/2/2765 2665/2/2765 2666/2/2765
f 2643/2/1167 2667/2/1167 2663/2/1167
f 2666/6/1167 2667/6/1167 2668/6/1167
f 2646/2/1167 2666/2/1167 2668/2/1167
f 2646/2/1167 2667/2/1167 2643/2/1167
f 2680/2/2766 2678/2/2766 2677/2/2766
f 2682/2/2767 2678/2/2767 2679/2/2767
f 2681/2/2768 2684/2/2768 2683/2/2768
f 2669/2/2769 2674/2/2769 2673/2/2769
f 2675/2/2770 2670/2/2770 2671/2/2770
f 2671/2/2771 2676/2/2771 2675/2/2771
f 2669/2/2772 2678/2/2772 2670/2/2772
f 2679/2/2773 2673/2/2773 2674/2/2773
f 2692/2/2774 2689/2/2774 2690/2/2774
f 2678/2/2775 2671/2/2775 2670/2/2775
f 2679/2/2776 2675/2/2776 2682/2/2776
f 2681/2/2777 2672/2/2777 2671/2/2777
f 2688/2/2778 2686/2/2778 2685/2/2778
f 2676/2/2779 2682/2/2779 2675/2/2779
f 2672/2/2780 2686/2/2780 2676/2/2780
f 2686/2/2781 2684/2/2781 2676/2/2781
f 2687/2/2782 2683/2/2782 2684/2/2782
f 2683/2/2783 2685/2/2783 2672/2/2783
f 2673/2/2784 2689/2/2784 2669/2/2784
f 2689/2/2785 2677/2/2785 2669/2/2785
f 2691/2/2786 2680/2/2786 2677/2/2786
f 2680/2/2787 2690/2/2787 2673/2/2787
f 2714/7/2788 2769/7/2788 2715/7/2788
f 2769/7/2789 2716/7/2789 2715/7/2789
f 2790/7/2790 2714/7/2790 2736/7/2790
f 2718/7/2791 2771/7/2791 2717/7/2791
f 2715/7/2792 2719/7/2792 2714/7/2792
f 2716/7/2793 2720/7/2793 2715/7/2793
f 2722/7/2794 2777/7/2794 2723/7/2794
f 2719/7/2795 2736/7/2795 2714/7/2795
f 2717/7/2796 2725/7/2796 2718/7/2796
f 2727/7/2797 2780/7/2797 2726/7/2797
f 2694/2/2798 2746/2/2798 2693/2/2798
f 2699/7/2799 2728/7/2799 2743/7/2799
f 2693/2/2800 2739/2/2800 2738/2/2800
f 2696/2/2801 2701/2/2801 2697/2/2801
f 2764/2/2802 2711/2/2802 2710/2/2802
f 2731/2/2803 2728/2/2803 2732/2/2803
f 2710/2/2804 2711/2/2804 2712/2/2804
f 2734/2/2805 2699/2/2805 2700/2/2805
f 2698/2/2806 2740/2/2806 2739/2/2806
f 2701/2/2807 2730/2/2807 2697/2/2807
f 2726/7/2808 2772/7/2808 2718/7/2808
f 2727/7/2809 2718/7/2809 2725/7/2809
f 2716/7/2810 2776/7/2810 2722/7/2810
f 2722/7/2811 2721/7/2811 2716/7/2811
f 2765/2/2812 2702/2/2812 2711/2/2812
f 2710/2/2813 2700/2/2813 2695/2/2813
f 2700/2/2814 2735/2/2814 2734/2/2814
f 2713/2/2815 2702/2/2815 2706/2/2815
f 2719/7/2816 2694/7/2816 2693/7/2816
f 2694/7/2817 2720/7/2817 2742/7/2817
f 2723/7/2818 2764/7/2818 2710/7/2818
f 2737/7/2819 2693/7/2819 2738/7/2819
f 2697/7/2820 2724/7/2820 2696/7/2820
f 2762/7/2821 2727/7/2821 2708/7/2821
f 2708/7/2822 2725/7/2822 2697/7/2822
f 2721/7/2823 2710/7/2823 2695/7/2823
f 2761/1/2824 2703/1/2824 2707/1/2824
f 2757/1/2825 2709/1/2825 2703/1/2825
f 2758/1/2826 2741/1/2826 2704/1/2826
f 2783/1/2827 2704/1/2827 2729/1/2827
f 2702/1/2828 2760/1/2828 2706/1/2828
f 2760/1/2829 2705/1/2829 2706/1/2829
f 2711/2/2830 2735/2/2830 2712/2/2830
f 2705/1/2831 2783/1/2831 2729/1/2831
f 2733/7/2832 2728/7/2832 2699/7/2832
f 2709/2/2833 2762/2/2833 2708/2/2833
f 2709/2/2834 2697/2/2834 2703/2/2834
f 2730/2/2835 2703/2/2835 2697/2/2835
f 2731/2/2836 2741/2/2836 2740/2/2836
f 2704/2/2837 2732/2/2837 2729/2/2837
f 2705/7/2838 2732/7/2838 2733/7/2838
f 2706/2/2839 2733/2/2839 2734/2/2839
f 2713/2/2840 2734/2/2840 2735/2/2840
f 2737/7/2841 2717/7/2841 2736/7/2841
f 2724/7/2842 2738/7/2842 2696/7/2842
f 2701/2/2843 2738/2/2843 2739/2/2843
f 2730/2/2844 2739/2/2844 2740/2/2844
f 2707/2/2845 2740/2/2845 2741/2/2845
f 2741/1/2826 2761/1/2826 2707/1/2826
f 2771/7/2846 2736/7/2846 2717/7/2846
f 2711/2/2847 2713/2/2847 2735/2/2847
f 2695/2/2848 2699/2/2848 2742/2/2848
f 2744/7/2849 2745/7/2849 2746/7/2849
f 2745/2/2849 2728/2/2849 2698/2/2849
f 2746/2/2850 2698/2/2850 2693/2/2850
f 2744/7/2851 2694/7/2851 2742/7/2851
f 2743/7/2852 2742/7/2852 2699/7/2852
f 2721/7/2853 2742/7/2853 2720/7/2853
f 2773/7/2854 2769/7/2854 2768/7/2854
f 2770/7/2855 2774/7/2855 2775/7/2855
f 2790/7/2856 2773/7/2856 2768/7/2856
f 2771/7/2857 2779/7/2857 2778/7/2857
f 2748/2/2858 2800/2/2858 2798/2/2858
f 2753/7/2859 2797/7/2859 2782/7/2859
f 2747/2/2860 2793/2/2860 2752/2/2860
f 2750/2/2861 2751/2/2861 2755/2/2861
f 2782/2/2862 2785/2/2862 2786/2/2862
f 2764/2/2863 2766/2/2863 2765/2/2863
f 2753/2/2864 2788/2/2864 2754/2/2864
f 2752/2/2865 2794/2/2865 2785/2/2865
f 2755/2/2866 2751/2/2866 2784/2/2866
f 2772/7/2867 2781/7/2867 2779/7/2867
f 2775/7/2868 2776/7/2868 2770/7/2868
f 2754/2/2869 2764/2/2869 2749/2/2869
f 2754/2/2870 2789/2/2870 2766/2/2870
f 2756/2/2871 2767/2/2871 2760/2/2871
f 2773/7/2872 2748/7/2872 2774/7/2872
f 2748/7/2873 2796/7/2873 2774/7/2873
f 2747/7/2874 2791/7/2874 2792/7/2874
f 2751/7/2875 2778/7/2875 2779/7/2875
f 2762/7/2876 2779/7/2876 2781/7/2876
f 2764/7/2877 2775/7/2877 2749/7/2877
f 2765/2/2878 2766/2/2878 2789/2/2878
f 2782/7/2879 2787/7/2879 2753/7/2879
f 2751/2/2880 2763/2/2880 2757/2/2880
f 2784/2/2881 2757/2/2881 2761/2/2881
f 2785/2/2882 2795/2/2882 2758/2/2882
f 2786/2/2883 2758/2/2883 2783/2/2883
f 2786/7/2884 2759/7/2884 2787/7/2884
f 2787/2/2885 2760/2/2885 2788/2/2885
f 2788/2/2886 2767/2/2886 2789/2/2886
f 2771/7/2887 2791/7/2887 2790/7/2887
f 2792/7/2888 2778/7/2888 2750/7/2888
f 2792/2/2889 2755/2/2889 2793/2/2889
f 2793/2/2890 2784/2/2890 2794/2/2890
f 2794/2/2891 2761/2/2891 2795/2/2891
f 2765/2/2892 2789/2/2892 2767/2/2892
f 2749/2/2893 2753/2/2893 2754/2/2893
f 2798/7/2894 2799/7/2894 2797/7/2894
f 2799/2/2894 2782/2/2894 2797/2/2894
f 2800/2/2894 2752/2/2894 2799/2/2894
f 2798/7/2895 2796/7/2895 2748/7/2895
f 2796/7/2896 2797/7/2896 2753/7/2896
f 2796/7/2897 2775/7/2897 2774/7/2897
f 2895/2/2898 2832/2/2898 2810/2/2898
f 2901/1/2899 2855/1/2899 2902/1/2899
f 2810/2/2900 2831/2/2900 2801/2/2900
f 2817/2/2901 2813/2/2901 2814/2/2901
f 2809/2/2902 2899/2/2902 2898/2/2902
f 2860/1/2903 2862/1/2903 2861/1/2903
f 2904/2/2904 2812/2/2904 2905/2/2904
f 2817/2/2905 2809/2/2905 2807/2/2905
f 2812/2/2906 2818/2/2906 2805/2/2906
f 2817/2/2907 2805/2/2907 2818/2/2907
f 2918/2/2908 2919/2/2908 2917/2/2908
f 2822/2/2909 2897/2/2909 2896/2/2909
f 2822/2/2910 2827/2/2910 2821/2/2910
f 2906/2/2911 2825/2/2911 2907/2/2911
f 2830/2/2912 2825/2/2912 2826/2/2912
f 2821/2/2913 2898/2/2913 2897/2/2913
f 2811/2/2914 2907/2/2914 2825/2/2914
f 2810/2/2915 2896/2/2915 2895/2/2915
f 2826/2/2916 2905/2/2916 2812/2/2916
f 2827/2/2917 2809/2/2917 2821/2/2917
f 2801/2/2918 2822/2/2918 2810/2/2918
f 2825/2/2919 2802/2/2919 2811/2/2919
f 2830/2/2920 2812/2/2920 2805/2/2920
f 2811/2/2921 2834/2/2921 2835/2/2921
f 2909/2/2922 2811/2/2922 2835/2/2922
f 2803/2/2923 2837/2/2923 2833/2/2923
f 2838/2/2924 2820/2/2924 2808/2/2924
f 2839/2/2925 2819/2/2925 2820/2/2925
f 2819/2/2926 2837/2/2926 2803/2/2926
f 2836/2/2927 2842/2/2927 2804/2/2927
f 2842/2/2928 2824/2/2928 2804/2/2928
f 2824/2/2929 2844/2/2929 2823/2/2929
f 2823/2/2930 2841/2/2930 2806/2/2930
f 2806/2/2931 2845/2/2931 2816/2/2931
f 2861/1/2932 2857/1/2932 2858/1/2932
f 2846/2/2933 2808/2/2933 2815/2/2933
f 2834/2/2934 2829/2/2934 2830/2/2934
f 2848/2/2935 2813/2/2935 2847/2/2935
f 2848/2/2936 2899/2/2936 2814/2/2936
f 2904/2/2937 2847/2/2937 2813/2/2937
f 2838/2/2938 2852/2/2938 2841/2/2938
f 2852/2/2938 2845/2/2938 2841/2/2938
f 2846/2/2939 2851/2/2939 2838/2/2939
f 2815/2/2940 2854/2/2940 2846/2/2940
f 2853/2/2941 2816/2/2941 2845/2/2941
f 2855/2/2942 2848/2/2942 2847/2/2942
f 2848/2/2943 2901/2/2943 2900/2/2943
f 2902/2/2944 2847/2/2944 2903/2/2944
f 2851/2/2945 2860/2/2945 2852/2/2945
f 2852/2/2946 2861/2/2946 2853/2/2946
f 2862/2/2947 2851/2/2947 2854/2/2947
f 2849/2/2948 2862/2/2948 2854/2/2948
f 2861/2/2949 2850/2/2949 2853/2/2949
f 2884/6/2950 2882/6/2950 2881/6/2950
f 2890/6/2951 2882/6/2951 2883/6/2951
f 2863/2/2952 2835/2/2952 2834/2/2952
f 2832/2/2953 2866/2/2953 2831/2/2953
f 2894/3/2954 2865/3/2954 2832/3/2954
f 2864/6/2955 2909/6/2955 2835/6/2955
f 2863/2/2956 2870/2/2956 2864/2/2956
f 2871/2/2957 2866/2/2957 2865/2/2957
f 2893/3/2958 2871/3/2958 2865/3/2958
f 2870/6/2959 2910/6/2959 2864/6/2959
f 2834/6/2960 2869/6/2960 2863/6/2960
f 2922/6/2961 2919/6/2961 2921/6/2961
f 2911/6/2962 2913/6/2962 2912/6/2962
f 2916/6/2963 2911/6/2963 2915/6/2963
f 2836/6/2964 2874/6/2964 2842/6/2964
f 2833/6/2965 2873/6/2965 2867/6/2965
f 2840/6/2966 2873/6/2966 2837/6/2966
f 2874/6/2967 2843/6/2967 2842/6/2967
f 2843/6/2968 2874/6/2968 2844/6/2968
f 2839/6/2969 2873/6/2969 2840/6/2969
f 2838/6/2970 2873/6/2970 2839/6/2970
f 2844/6/2971 2874/6/2971 2841/6/2971
f 2838/6/2972 2874/6/2972 2873/6/2972
f 2875/6/2973 2870/6/2973 2869/6/2973
f 2871/6/2974 2878/6/2974 2872/6/2974
f 2872/6/2975 2875/6/2975 2869/6/2975
f 2892/6/2976 2877/6/2976 2871/6/2976
f 2870/6/2977 2888/6/2977 2887/6/2977
f 2880/6/2978 2873/6/2978 2874/6/2978
f 2881/6/2979 2876/6/2979 2875/6/2979
f 2877/6/2980 2884/6/2980 2878/6/2980
f 2878/6/2981 2881/6/2981 2875/6/2981
f 2890/6/2982 2877/6/2982 2891/6/2982
f 2876/6/2983 2889/6/2983 2888/6/2983
f 2886/6/2984 2879/6/2984 2880/6/2984
f 2887/6/2985 2880/6/2985 2874/6/2985
f 2886/6/2986 2888/6/2986 2889/6/2986
f 2885/6/2987 2889/6/2987 2890/6/2987
f 2885/6/2988 2891/6/2988 2879/6/2988
f 2879/6/2989 2892/6/2989 2873/6/2989
f 2867/3/2990 2892/3/2990 2893/3/2990
f 2833/3/2991 2893/3/2991 2894/3/2991
f 2895/2/2992 2833/2/2992 2894/2/2992
f 2895/2/2993 2819/2/2993 2803/2/2993
f 2896/2/2994 2820/2/2994 2819/2/2994
f 2808/2/2995 2897/2/2995 2898/2/2995
f 2815/2/2996 2898/2/2996 2899/2/2996
f 2900/2/2997 2815/2/2997 2899/2/2997
f 2857/2/2998 2900/2/2998 2901/2/2998
f 2857/1/2999 2902/1/2999 2858/1/2999
f 2858/2/3000 2903/2/3000 2850/2/3000
f 2816/2/3001 2903/2/3001 2904/2/3001
f 2816/2/3002 2905/2/3002 2806/2/3002
f 2906/2/3003 2806/2/3003 2905/2/3003
f 2823/2/3004 2907/2/3004 2824/2/3004
f 2908/2/3005 2824/2/3005 2907/2/3005
f 2836/2/3006 2908/2/3006 2909/2/3006
f 2910/6/3007 2836/6/3007 2909/6/3007
f 2887/6/3008 2868/6/3008 2910/6/3008
f 2911/6/3009 2807/6/3009 2827/6/3009
f 2807/6/3010 2913/6/3010 2805/6/3010
f 2805/6/3011 2914/6/3011 2830/6/3011
f 2916/6/3012 2872/6/3012 2869/6/3012
f 2915/6/3013 2917/6/3013 2922/6/3013
f 2914/6/3014 2869/6/3014 2830/6/3014
f 2828/2/3015 2917/2/3015 2827/2/3015
f 2919/2/3016 2801/2/3016 2831/2/3016
f 2920/2/3017 2828/2/3017 2801/2/3017
f 2872/6/3018 2921/6/3018 2866/6/3018
f 2866/6/3019 2919/6/3019 2831/6/3019
f 2827/6/3020 2917/6/3020 2911/6/3020
f 2915/6/3021 2922/6/3021 2872/6/3021
f 2931/7/3022 2924/7/3022 2923/7/3022
f 2925/7/3023 2927/7/3023 2935/7/3023
f 2929/7/3024 2938/7/3024 2933/7/3024
f 2924/7/3025 2930/7/3025 2938/7/3025
f 2934/7/3026 2930/7/3026 2924/7/3026
f 2929/7/3027 2931/7/3027 2923/7/3027
f 2927/7/3028 2925/7/3028 2931/7/3028
f 2932/7/3029 2928/7/3029 2935/7/3029
f 2934/7/3030 2926/7/3030 2928/7/3030
f 2925/7/3031 2934/7/3031 2931/7/3031
f 2925/7/3032 2936/7/3032 2926/7/3032
f 2936/7/3033 2928/7/3033 2926/7/3033
f 2929/7/3034 2923/7/3034 2937/7/3034
f 2923/7/3035 2938/7/3035 2937/7/3035
f 2932/7/3036 2927/7/3036 2931/7/3036
f 2934/7/3037 2928/7/3037 2933/7/3037
f 2939/6/3038 2942/6/3038 2940/6/3038
f 2942/6/3039 2943/6/3039 2940/6/3039
f 2943/6/3040 2945/6/3040 2940/6/3040
f 2942/6/3041 2941/6/3041 2947/6/3041
f 2939/2/3042 2949/2/3042 2941/2/3042
f 2947/2/3043 2949/2/3043 2950/2/3043
f 2952/2/3044 2948/2/3044 2939/2/3044
f 2949/2/3045 2953/2/3045 2954/2/3045
f 2949/2/3046 2955/2/3046 2950/2/3046
f 2951/2/3047 2953/2/3047 2948/2/3047
f 2951/2/3048 2957/2/3048 2956/2/3048
f 2954/2/3049 2959/2/3049 2955/2/3049
f 2958/2/3050 2961/2/3050 2959/2/3050
f 2963/6/3051 2942/6/3051 2947/6/3051
f 2963/2/3052 2964/2/3052 2962/2/3052
f 3000/2/3053 3002/2/3053 2999/2/3053
f 2967/2/3054 2957/2/3054 2952/2/3054
f 2939/2/3055 2967/2/3055 2952/2/3055
f 2969/6/3056 2939/6/3056 2940/6/3056
f 2969/6/3057 2945/6/3057 2970/6/3057
f 2944/6/3058 2971/6/3058 2943/6/3058
f 2943/6/3059 2973/6/3059 2946/6/3059
f 2944/6/3060 3039/6/3060 2972/6/3060
f 2955/2/3061 2975/2/3061 2950/2/3061
f 2959/2/3062 2976/2/3062 2955/2/3062
f 2961/2/3063 2977/2/3063 2959/2/3063
f 2964/2/3064 2974/2/3064 2962/2/3064
f 3152/6/3065 3154/6/3065 3153/6/3065
f 3157/6/3066 3154/6/3066 3155/6/3066
f 2971/6/3067 2982/6/3067 2981/6/3067
f 2973/6/3068 2981/6/3068 2983/6/3068
f 3039/6/3069 2982/6/3069 2972/6/3069
f 3132/6/3070 3130/6/3070 3129/6/3070
f 3134/6/3071 3131/6/3071 3132/6/3071
f 2974/2/3072 2986/2/3072 2984/2/3072
f 2979/2/3073 2980/2/3073 2986/2/3073
f 2980/2/3074 2985/2/3074 2987/2/3074
f 2981/6/3075 2989/6/3075 2988/6/3075
f 2983/6/3076 2988/6/3076 2990/6/3076
f 3040/6/3077 2989/6/3077 2982/6/3077
f 3130/6/3078 3136/6/3078 3135/6/3078
f 3131/6/3079 3137/6/3079 3130/6/3079
f 3139/2/3080 3141/2/3080 3140/2/3080
f 2984/2/3081 2993/2/3081 2991/2/3081
f 2986/2/3082 2994/2/3082 2993/2/3082
f 2987/2/3083 2992/2/3083 2994/2/3083
f 2947/2/3084 2995/2/3084 2963/2/3084
f 2950/2/3085 2996/2/3085 2947/2/3085
f 2965/2/3086 2997/2/3086 2950/2/3086
f 2965/2/3087 2995/2/3087 2998/2/3087
f 2996/2/3088 2999/2/3088 2995/2/3088
f 2997/2/3089 3000/2/3089 2996/2/3089
f 2997/2/3090 3002/2/3090 3001/2/3090
f 2998/2/3091 2999/2/3091 3002/2/3091
f 2945/6/3092 3004/6/3092 3003/6/3092
f 2970/6/3093 3003/6/3093 3005/6/3093
f 2973/6/3094 3004/6/3094 2946/6/3094
f 2983/6/3095 3006/6/3095 2973/6/3095
f 2990/6/3096 3007/6/3096 2983/6/3096
f 3015/6/3097 3017/6/3097 3018/6/3097
f 3016/6/3098 3020/6/3098 3017/6/3098
f 3021/6/3099 3020/6/3099 3019/6/3099
f 3004/6/3100 3009/6/3100 3003/6/3100
f 3005/6/3101 3009/6/3101 3011/6/3101
f 3004/6/3102 3012/6/3102 3010/6/3102
f 3006/6/3103 3013/6/3103 3012/6/3103
f 3008/6/3104 3013/6/3104 3007/6/3104
f 3010/6/3105 3027/6/3105 3009/6/3105
f 3009/6/3106 3028/6/3106 3011/6/3106
f 3012/6/3107 3026/6/3107 3010/6/3107
f 3013/6/3108 3025/6/3108 3012/6/3108
f 3014/6/3109 3024/6/3109 3013/6/3109
f 3023/6/3110 3021/6/3110 3024/6/3110
f 3024/6/3111 3019/6/3111 3025/6/3111
f 3025/6/3112 3016/6/3112 3026/6/3112
f 3026/6/3113 3015/6/3113 3027/6/3113
f 3027/6/3114 3018/6/3114 3028/6/3114
f 2953/2/3115 2957/2/3115 2954/2/3115
f 2958/2/3116 3029/2/3116 3030/2/3116
f 2960/2/3117 3030/2/3117 3031/2/3117
f 2957/2/3118 3032/2/3118 3033/2/3118
f 2957/2/3119 3029/2/3119 2954/2/3119
f 3030/2/3120 3034/2/3120 3035/2/3120
f 3031/2/3121 3035/2/3121 3036/2/3121
f 3033/2/3122 3037/2/3122 3038/2/3122
f 3029/2/3123 3038/2/3123 3034/2/3123
f 2974/2/3124 2979/2/3124 2986/2/3124
f 2942/6/3125 2962/6/3125 2944/6/3125
f 3039/6/3126 2962/6/3126 2974/6/3126
f 3039/6/3127 2984/6/3127 3040/6/3127
f 3040/6/3128 2991/6/3128 3041/6/3128
f 2975/2/3129 3043/2/3129 3042/2/3129
f 2985/2/3130 2975/2/3130 3042/2/3130
f 2977/2/3131 3043/2/3131 2976/2/3131
f 2977/2/3132 3045/2/3132 3044/2/3132
f 2992/2/3133 3042/2/3133 3046/2/3133
f 3133/2/3134 3139/2/3134 3131/2/3134
f 3138/2/3135 3139/2/3135 3140/2/3135
f 2986/2/3136 2980/2/3136 2987/2/3136
f 2986/2/3137 2987/2/3137 2994/2/3137
f 3050/6/3138 3047/6/3138 3048/6/3138
f 3051/6/3139 3050/6/3139 3048/6/3139
f 3053/6/3140 3051/6/3140 3048/6/3140
f 3050/6/3141 3055/6/3141 3049/6/3141
f 3057/2/3142 3047/2/3142 3049/2/3142
f 3058/2/3143 3049/2/3143 3055/2/3143
f 3056/2/3144 3060/2/3144 3047/2/3144
f 3057/2/3145 3061/2/3145 3056/2/3145
f 3063/2/3146 3057/2/3146 3058/2/3146
f 3056/2/3147 3064/2/3147 3059/2/3147
f 3059/2/3148 3065/2/3148 3060/2/3148
f 3067/2/3149 3062/2/3149 3063/2/3149
f 3069/2/3150 3066/2/3150 3067/2/3150
f 3071/6/3151 3055/6/3151 3050/6/3151
f 3072/2/3152 3071/2/3152 3070/2/3152
f 3098/2/3153 3096/2/3153 3095/2/3153
f 3060/2/3154 2966/2/3154 2967/2/3154
f 3060/2/3155 2968/2/3155 3047/2/3155
f 2969/6/3156 3047/6/3156 2968/6/3156
f 3053/6/3157 2969/6/3157 2970/6/3157
f 3074/6/3158 3052/6/3158 3051/6/3158
f 3076/6/3159 3051/6/3159 3054/6/3159
f 3052/6/3160 3075/6/3160 3123/6/3160
f 3058/2/3161 3079/2/3161 3063/2/3161
f 3063/2/3162 3080/2/3162 3067/2/3162
f 3080/2/3163 3069/2/3163 3067/2/3163
f 3077/2/3164 3072/2/3164 3070/2/3164
f 3158/6/3165 3160/6/3165 3159/6/3165
f 3159/6/3166 3163/6/3166 3162/6/3166
f 3074/6/3167 3085/6/3167 3075/6/3167
f 3076/6/3168 3084/6/3168 3074/6/3168
f 3085/6/3169 3123/6/3169 3075/6/3169
f 3143/6/3170 3145/6/3170 3144/6/3170
f 3145/6/3171 3147/6/3171 3144/6/3171
f 3077/2/3172 3087/2/3172 3089/2/3172
f 3082/2/3173 3089/2/3173 3083/2/3173
f 3083/2/3174 3088/2/3174 3078/2/3174
f 3084/6/3175 2989/6/3175 3085/6/3175
f 3086/6/3176 2988/6/3176 3084/6/3176
f 2989/6/3177 3124/6/3177 3085/6/3177
f 3149/6/3178 3137/6/3178 3146/6/3178
f 3146/6/3179 3138/6/3179 3145/6/3179
f 3150/2/3180 3141/2/3180 3151/2/3180
f 2991/2/3181 3089/2/3181 3087/2/3181
f 3089/2/3182 2993/2/3182 2994/2/3182
f 3090/2/3183 2992/2/3183 3088/2/3183
f 3091/2/3184 3055/2/3184 3071/2/3184
f 3092/2/3185 3058/2/3185 3055/2/3185
f 3093/2/3186 3073/2/3186 3058/2/3186
f 3073/2/3187 3091/2/3187 3071/2/3187
f 3095/2/3188 3092/2/3188 3091/2/3188
f 3096/2/3189 3093/2/3189 3092/2/3189
f 3093/2/3190 3098/2/3190 3094/2/3190
f 3094/2/3191 3095/2/3191 3091/2/3191
f 3053/6/3192 3100/6/3192 3054/6/3192
f 2970/6/3193 3099/6/3193 3053/6/3193
f 3100/6/3194 3076/6/3194 3054/6/3194
f 3101/6/3195 3086/6/3195 3076/6/3195
f 3086/6/3196 3008/6/3196 2990/6/3196
f 3107/6/3197 3017/6/3197 3108/6/3197
f 3108/6/3198 3020/6/3198 3109/6/3198
f 3020/6/3199 3110/6/3199 3109/6/3199
f 3103/6/3200 3100/6/3200 3099/6/3200
f 3005/6/3201 3103/6/3201 3099/6/3201
f 3100/6/3202 3105/6/3202 3101/6/3202
f 3101/6/3203 3106/6/3203 3102/6/3203
f 3106/6/3204 3008/6/3204 3102/6/3204
f 3114/6/3205 3104/6/3205 3103/6/3205
f 3028/6/3206 3103/6/3206 3011/6/3206
f 3113/6/3207 3105/6/3207 3104/6/3207
f 3112/6/3208 3106/6/3208 3105/6/3208
f 3111/6/3209 3014/6/3209 3106/6/3209
f 3110/6/3210 3023/6/3210 3111/6/3210
f 3109/6/3211 3111/6/3211 3112/6/3211
f 3108/6/3212 3112/6/3212 3113/6/3212
f 3107/6/3213 3113/6/3213 3114/6/3213
f 3018/6/3214 3114/6/3214 3028/6/3214
f 3065/2/3215 3061/2/3215 3062/2/3215
f 3066/2/3216 3115/2/3216 3062/2/3216
f 3068/2/3217 3116/2/3217 3066/2/3217
f 3065/2/3218 3032/2/3218 2966/2/3218
f 3115/2/3219 3065/2/3219 3062/2/3219
f 3116/2/3220 3119/2/3220 3115/2/3220
f 3117/2/3221 3120/2/3221 3116/2/3221
f 3118/2/3222 3037/2/3222 3032/2/3222
f 3115/2/3223 3122/2/3223 3118/2/3223
f 3077/2/3224 3089/2/3224 3082/2/3224
f 3070/6/3225 3050/6/3225 3052/6/3225
f 3123/6/3226 3070/6/3226 3052/6/3226
f 3087/6/3227 3123/6/3227 3124/6/3227
f 2991/6/3228 3124/6/3228 3041/6/3228
f 3078/2/3229 3126/2/3229 3079/2/3229
f 3088/2/3230 3125/2/3230 3078/2/3230
f 3079/2/3231 3127/2/3231 3080/2/3231
f 3080/2/3232 3128/2/3232 3081/2/3232
f 3046/2/3233 3088/2/3233 2992/2/3233
f 3150/2/3234 3148/2/3234 3145/2/3234
f 3138/2/3235 3150/2/3235 3145/2/3235
f 3089/2/3236 3090/2/3236 3083/2/3236
f 3089/2/3237 2994/2/3237 3090/2/3237
f 3149/6/3238 3146/6/3238 3143/6/3238
f 3129/6/3239 3130/6/3239 3135/6/3239
f 3044/2/3240 3129/2/3240 3043/2/3240
f 3134/2/3241 3044/2/3241 3045/2/3241
f 3042/2/3242 3136/2/3242 3046/2/3242
f 3143/2/3243 3127/2/3243 3126/2/3243
f 3127/2/3244 3147/2/3244 3128/2/3244
f 3136/2/3245 3125/2/3245 3046/2/3245
f 3125/2/3246 3143/2/3246 3126/2/3246
f 3129/2/3247 3042/2/3247 3043/2/3247
f 2964/2/3248 3153/2/3248 2979/2/3248
f 2979/2/3249 3154/2/3249 2980/2/3249
f 3155/2/3250 2964/2/3250 2965/2/3250
f 3154/2/3251 2975/2/3251 2980/2/3251
f 2975/2/3252 3157/2/3252 2950/2/3252
f 2950/2/3253 3155/2/3253 2965/2/3253
f 3072/2/3254 3159/2/3254 3073/2/3254
f 3160/2/3255 3082/2/3255 3083/2/3255
f 3161/2/3256 3072/2/3256 3082/2/3256
f 3159/2/3257 3058/2/3257 3073/2/3257
f 3162/2/3258 3078/2/3258 3058/2/3258
f 3078/2/3259 3160/2/3259 3083/2/3259
f 3165/6/3260 3175/6/3260 3170/6/3260
f 3169/6/3261 3168/6/3261 3174/6/3261
f 3173/6/3262 3169/6/3262 3174/6/3262
f 3168/6/3263 3170/6/3263 3175/6/3263
f 3174/6/3264 3168/6/3264 3175/6/3264
f 3173/6/3265 3171/6/3265 3166/6/3265
f 3171/6/3266 3175/6/3266 3172/6/3266
f 3176/6/3267 3172/6/3267 3175/6/3267
f 3167/6/3268 3178/6/3268 3169/6/3268
f 3178/6/3269 3168/6/3269 3169/6/3269
f 3170/6/3270 3179/6/3270 3180/6/3270
f 3165/6/3271 3180/6/3271 3181/6/3271
f 3176/6/3272 3181/6/3272 3182/6/3272
f 3164/6/3273 3182/6/3273 3183/6/3273
f 3166/6/3274 3172/6/3274 3183/6/3274
f 3166/6/3275 3185/6/3275 3173/6/3275
f 3177/6/3276 3173/6/3276 3185/6/3276
f 3193/6/3277 3195/6/3277 3192/6/3277
f 3194/6/3278 3200/6/3278 3199/6/3278
f 3189/6/3279 3187/6/3279 3186/6/3279
f 3201/6/3280 3188/6/3280 3198/6/3280
f 3186/6/3281 3193/6/3281 3192/6/3281
f 3189/6/3282 3194/6/3282 3188/6/3282
f 3202/6/3283 3204/6/3283 3203/6/3283
f 3198/6/3284 3194/6/3284 3199/6/3284
f 3201/6/3285 3193/6/3285 3187/6/3285
f 3191/6/3286 3196/6/3286 3197/6/3286
f 3190/6/3287 3199/6/3287 3196/6/3287
f 3196/6/3288 3200/6/3288 3197/6/3288
f 3191/6/3289 3200/6/3289 3201/6/3289
f 3190/6/3290 3201/6/3290 3198/6/3290
f 3202/6/3291 3195/6/3291 3189/6/3291
f 3195/6/3292 3204/6/3292 3192/6/3292
f 3192/6/3293 3205/6/3293 3186/6/3293
f 3205/6/3294 3189/6/3294 3186/6/3294
f 3206/1/3295 3217/1/3295 3207/1/3295
f 3217/1/3296 3208/1/3296 3207/1/3296
f 3218/1/3297 3209/1/3297 3208/1/3297
f 3209/1/3298 3220/1/3298 3210/1/3298
f 3220/1/3299 3211/1/3299 3210/1/3299
f 3211/1/3300 3222/1/3300 3212/1/3300
f 3212/1/3301 3223/1/3301 3213/1/3301
f 3223/1/3302 3214/1/3302 3213/1/3302
f 3214/1/3303 3225/1/3303 3215/1/3303
f 3225/1/3304 3206/1/3304 3215/1/3304
f 3216/1/3305 3227/1/3305 3217/1/3305
f 3227/1/3306 3218/1/3306 3217/1/3306
f 3218/1/3307 3229/1/3307 3219/1/3307
f 3219/1/3308 3230/1/3308 3220/1/3308
f 3230/1/3309 3221/1/3309 3220/1/3309
f 3231/1/3310 3222/1/3310 3221/1/3310
f 3222/1/3311 3233/1/3311 3223/1/3311
f 3233/1/3312 3224/1/3312 3223/1/3312
f 3224/1/3313 3235/1/3313 3225/1/3313
f 3235/1/3314 3216/1/3314 3225/1/3314
f 3236/1/3315 3227/1/3315 3226/1/3315
f 3237/1/3316 3228/1/3316 3227/1/3316
f 3238/1/3317 3229/1/3317 3228/1/3317
f 3229/1/3318 3240/1/3318 3230/1/3318
f 3240/1/3319 3231/1/3319 3230/1/3319
f 3231/1/3320 3242/1/3320 3232/1/3320
f 3232/1/3321 3243/1/3321 3233/1/3321
f 3243/1/3322 3234/1/3322 3233/1/3322
f 3244/1/3323 3235/1/3323 3234/1/3323
f 3235/1/3324 3236/1/3324 3226/1/3324
f 3246/1/3325 3237/1/3325 3236/1/3325
f 3237/1/3326 3248/1/3326 3238/1/3326
f 3248/1/3327 3239/1/3327 3238/1/3327
f 3249/1/3328 3240/1/3328 3239/1/3328
f 3240/1/3329 3251/1/3329 3241/1/3329
f 3241/1/3330 3252/1/3330 3242/1/3330
f 3252/1/3331 3243/1/3331 3242/1/3331
f 3243/1/3332 3254/1/3332 3244/1/3332
f 3254/1/3333 3245/1/3333 3244/1/3333
f 3245/1/3334 3246/1/3334 3236/1/3334
f 3207/1/3335 3256/1/3335 3206/1/3335
f 3208/1/3336 3256/1/3336 3207/1/3336
f 3209/1/3337 3256/1/3337 3208/1/3337
f 3210/1/3338 3256/1/3338 3209/1/3338
f 3211/1/3339 3256/1/3339 3210/1/3339
f 3212/1/3340 3256/1/3340 3211/1/3340
f 3213/1/3341 3256/1/3341 3212/1/3341
f 3214/1/3342 3256/1/3342 3213/1/3342
f 3215/1/3343 3256/1/3343 3214/1/3343
f 3206/1/3344 3256/1/3344 3215/1/3344
f 3246/1/3345 3257/1/3345 3247/1/3345
f 3247/1/3346 3257/1/3346 3248/1/3346
f 3248/1/3347 3257/1/3347 3249/1/3347
f 3249/1/3348 3257/1/3348 3250/1/3348
f 3250/1/3349 3257/1/3349 3251/1/3349
f 3251/1/3350 3257/1/3350 3252/1/3350
f 3252/1/3351 3257/1/3351 3253/1/3351
f 3253/1/3352 3257/1/3352 3254/1/3352
f 3254/1/3353 3257/1/3353 3255/1/3353
f 3255/1/3354 3257/1/3354 3246/1/3354
f 3036/6/3355 2960/6/3355 3031/6/3355
f 3121/6/3356 3068/6/3356 3069/6/3356
f 3036/6/3357 3069/6/3357 2961/6/3357
f 3120/6/3358 3036/6/3358 3035/6/3358
f 3120/6/3359 3034/6/3359 3119/6/3359
f 3034/6/3360 3037/6/3360 3119/6/3360
f 3119/6/3361 3037/6/3361 3122/6/3361
f 3134/6/3362 2978/6/3362 2961/6/3362
f 3147/6/3363 3081/6/3363 3128/6/3363
f 3151/6/3364 3141/6/3364 3148/6/3364
f 3141/6/3365 3142/6/3365 3133/6/3365
f 3141/6/3366 3133/6/3366 3148/6/3366
f 3069/6/3367 3147/6/3367 2961/6/3367
f 3134/6/3367 2961/6/3367 3147/6/3367
f 3133/6/3368 3147/6/3368 3148/6/3368
f 3183/6/3369 3185/6/3369 3184/6/3369
f 1599/6/3370 1443/6/3370 1510/6/3370
f 1612/6/3371 1546/6/3371 1534/6/3371
f 1616/6/3372 1613/6/3372 1606/6/3372
f 1607/6/3373 1606/6/3373 1598/6/3373
f 1598/6/3374 1606/6/3374 1613/6/3374
f 1426/6/3375 1599/6/3375 1425/6/3375
f 1501/6/3376 1496/6/3376 1425/6/3376
f 1582/6/3377 1586/6/3377 1533/6/3377
f 1501/6/3378 1425/6/3378 1599/6/3378
f 1533/6/3379 1586/6/3379 1534/6/3379
f 1648/6/3380 1650/6/3380 1647/6/3380
f 1642/6/3381 1647/6/3381 1650/6/3381
f 1598/6/3382 1612/6/3382 1599/6/3382
f 1501/6/3383 1612/6/3383 1534/6/3383
f 1534/6/3384 1586/6/3384 1501/6/3384
f 1500/6/3385 1586/6/3385 1585/6/3385
f 1584/6/3386 1500/6/3386 1585/6/3386
f 1502/6/3387 1499/6/3387 1584/6/3387
f 1587/6/3388 1502/6/3388 1584/6/3388
f 3270/9/3389 3273/9/3389 3272/9/3389
f 3276/9/3390 3268/9/3390 3277/9/3390
f 3272/9/3391 3289/9/3391 3276/9/3391
f 3274/9/3392 3271/9/3392 3275/9/3392
f 3269/9/3393 3272/9/3393 3273/9/3393
f 3271/9/3394 3277/9/3394 3275/9/3394
f 3282/9/3395 3262/9/3395 3261/9/3395
f 3280/9/3396 3263/9/3396 3262/9/3396
f 3278/10/3397 3264/10/3397 3284/10/3397
f 3282/9/3398 3260/9/3398 3283/9/3398
f 3279/9/3399 3260/9/3399 3259/9/3399
f 3279/9/3400 3267/9/3400 3288/9/3400
f 3290/9/3401 3285/9/3401 3281/9/3401
f 3279/9/3402 3295/9/3402 3283/9/3402
f 3285/9/3403 3263/9/3403 3281/9/3403
f 3264/10/3404 3286/10/3404 3284/10/3404
f 3269/9/3405 3283/9/3405 3295/9/3405
f 3283/9/3406 3273/9/3406 3282/9/3406
f 3273/9/3407 3280/9/3407 3282/9/3407
f 3274/9/3408 3281/9/3408 3280/9/3408
f 3275/9/3409 3277/9/3409 3290/9/3409
f 3288/10/3410 3284/10/3410 3287/10/3410
f 3291/9/3411 3294/9/3411 3293/9/3411
f 3268/10/3412 3287/10/3412 3284/10/3412
f 3290/10/3413 3284/10/3413 3286/10/3413
f 3268/10/3414 3284/10/3414 3290/10/3414
f 3294/10/3411 3258/10/3411 3278/10/3411
f 3267/10/3411 3293/10/3411 3288/10/3411
f 3278/10/3411 3293/10/3411 3294/10/3411
f 3289/9/3415 3295/9/3415 3287/9/3415
f 3288/9/3416 3295/9/3416 3279/9/3416
f 3301/9/3417 3298/9/3417 3300/9/3417
f 3304/9/3418 3305/9/3418 3296/9/3418
f 3299/9/3419 3317/9/3419 3300/9/3419
f 3302/9/3420 3299/9/3420 3298/9/3420
f 3297/9/3421 3301/9/3421 3300/9/3421
f 3299/9/3422 3305/9/3422 3304/9/3422
f 3310/9/3423 3262/9/3423 3308/9/3423
f 3308/9/3424 3263/9/3424 3309/9/3424
f 3264/10/3425 3306/10/3425 3312/10/3425
f 3260/9/3426 3310/9/3426 3311/9/3426
f 3307/9/3427 3260/9/3427 3311/9/3427
f 3267/9/3428 3307/9/3428 3316/9/3428
f 3313/9/3429 3318/9/3429 3309/9/3429
f 3307/9/3430 3311/9/3430 3321/9/3430
f 3263/9/3431 3313/9/3431 3309/9/3431
f 3314/10/3432 3264/10/3432 3312/10/3432
f 3297/9/3433 3321/9/3433 3311/9/3433
f 3311/9/3434 3301/9/3434 3297/9/3434
f 3308/9/3435 3301/9/3435 3310/9/3435
f 3309/9/3436 3302/9/3436 3308/9/3436
f 3318/9/3437 3305/9/3437 3303/9/3437
f 3316/10/3438 3312/10/3438 3306/10/3438
f 3291/9/3439 3320/9/3439 3292/9/3439
f 3315/10/3440 3296/10/3440 3312/10/3440
f 3318/10/3441 3314/10/3441 3312/10/3441
f 3296/10/3442 3318/10/3442 3312/10/3442
f 3258/10/3439 3320/10/3439 3306/10/3439
f 3319/10/3439 3267/10/3439 3316/10/3439
f 3306/10/3439 3319/10/3439 3316/10/3439
f 3317/9/3443 3321/9/3443 3297/9/3443
f 3321/9/3444 3316/9/3444 3307/9/3444
f 3322/11/3445 3325/11/3445 3323/11/3445
f 3324/11/3446 3327/11/3446 3325/11/3446
f 3322/11/3447 3329/11/3447 3328/11/3447
f 3325/11/3448 3329/11/3448 3323/11/3448
f 3328/11/3449 3324/11/3449 3322/11/3449
f 3330/11/3450 3333/11/3450 3332/11/3450
f 3332/11/3451 3335/11/3451 3334/11/3451
f 3337/11/3452 3330/11/3452 3336/11/3452
f 3337/11/3453 3333/11/3453 3331/11/3453
f 3336/11/3454 3332/11/3454 3334/11/3454
f 3344/5/3455 3341/5/3455 3345/5/3455
f 3343/5/3456 3339/5/3456 3344/5/3456
f 3338/5/3457 3343/5/3457 3344/5/3457
f 3338/5/3458 3345/5/3458 3340/5/3458
f 3346/5/3459 3338/5/3459 3340/5/3459
f 3351/5/3460 3341/5/3460 3348/5/3460
f 3350/5/3461 3351/5/3461 3348/5/3461
f 3347/5/3462 3350/5/3462 3349/5/3462
f 3347/5/3463 3345/5/3463 3351/5/3463
f 3347/5/3464 3346/5/3464 3340/5/3464
f 3348/5/3465 3349/5/3465 3350/5/3465
f 3342/5/3466 3339/5/3466 3343/5/3466
f 3346/5/3467 3339/5/3467 3342/5/3467
f 3346/5/3468 3348/5/3468 3341/5/3468
f 3520/12/3469 3362/12/3469 3355/12/3469
f 3356/12/3470 3362/12/3470 3363/12/3470
f 3356/12/3471 3364/12/3471 3357/12/3471
f 3353/12/3472 3352/12/3472 3358/12/3472
f 3353/12/3473 3359/12/3473 3519/12/3473
f 3519/12/3474 3360/12/3474 3354/12/3474
f 3354/12/3475 3361/12/3475 3520/12/3475
f 3363/12/3476 3369/12/3476 3370/12/3476
f 3363/12/3477 3371/12/3477 3364/12/3477
f 3358/12/3478 3352/12/3478 3365/12/3478
f 3359/12/3479 3365/12/3479 3366/12/3479
f 3360/12/3480 3366/12/3480 3367/12/3480
f 3361/12/3481 3367/12/3481 3368/12/3481
f 3361/12/3482 3369/12/3482 3362/12/3482
f 3370/12/3483 3378/12/3483 3371/12/3483
f 3365/12/3484 3352/12/3484 3372/12/3484
f 3365/12/3485 3373/12/3485 3366/12/3485
f 3366/12/3486 3374/12/3486 3367/12/3486
f 3368/12/3487 3374/12/3487 3375/12/3487
f 3368/12/3488 3376/12/3488 3369/12/3488
f 3370/12/3489 3376/12/3489 3377/12/3489
f 3378/12/3490 3384/12/3490 3385/12/3490
f 3372/12/3491 3352/12/3491 3379/12/3491
f 3372/12/3492 3380/12/3492 3373/12/3492
f 3373/12/3493 3381/12/3493 3374/12/3493
f 3374/12/3494 3382/12/3494 3375/12/3494
f 3376/12/3495 3382/12/3495 3383/12/3495
f 3376/12/3496 3384/12/3496 3377/12/3496
f 3379/12/3497 3352/12/3497 3386/12/3497
f 3380/12/3498 3386/12/3498 3387/12/3498
f 3381/12/3499 3387/12/3499 3388/12/3499
f 3381/12/3500 3389/12/3500 3382/12/3500
f 3383/12/3501 3389/12/3501 3390/12/3501
f 3383/12/3502 3391/12/3502 3384/12/3502
f 3384/12/3503 3392/12/3503 3385/12/3503
f 3386/12/3504 3352/12/3504 3393/12/3504
f 3387/12/3505 3393/12/3505 3394/12/3505
f 3387/12/3506 3395/12/3506 3388/12/3506
f 3389/12/3507 3395/12/3507 3396/12/3507
f 3390/12/3508 3396/12/3508 3397/12/3508
f 3390/12/3509 3398/12/3509 3391/12/3509
f 3392/12/3510 3398/12/3510 3399/12/3510
f 3393/12/3511 3401/12/3511 3394/12/3511
f 3394/12/3512 3402/12/3512 3395/12/3512
f 3395/12/3513 3403/12/3513 3396/12/3513
f 3396/12/3514 3404/12/3514 3397/12/3514
f 3397/12/3515 3405/12/3515 3398/12/3515
f 3398/12/3516 3406/12/3516 3399/12/3516
f 3393/12/3517 3352/12/3517 3400/12/3517
f 3400/12/3518 3408/12/3518 3401/12/3518
f 3402/12/3519 3408/12/3519 3409/12/3519
f 3403/12/3520 3409/12/3520 3410/12/3520
f 3404/12/3521 3410/12/3521 3411/12/3521
f 3404/12/3522 3412/12/3522 3405/12/3522
f 3405/12/3523 3413/12/3523 3406/12/3523
f 3400/12/3524 3352/12/3524 3407/12/3524
f 3409/12/3525 3415/12/3525 3416/12/3525
f 3409/12/3526 3417/12/3526 3410/12/3526
f 3411/12/3527 3417/12/3527 3418/12/3527
f 3411/12/3528 3419/12/3528 3412/12/3528
f 3413/12/3529 3419/12/3529 3420/12/3529
f 3407/12/3530 3352/12/3530 3414/12/3530
f 3407/12/3531 3415/12/3531 3408/12/3531
f 3416/12/3532 3422/12/3532 3423/12/3532
f 3416/12/3533 3424/12/3533 3417/12/3533
f 3417/12/3534 3425/12/3534 3418/12/3534
f 3418/12/3535 3426/12/3535 3419/12/3535
f 3420/12/3536 3426/12/3536 3427/12/3536
f 3414/12/3537 3352/12/3537 3421/12/3537
f 3415/12/3538 3421/12/3538 3422/12/3538
f 3424/12/3539 3430/12/3539 3431/12/3539
f 3425/12/3540 3431/12/3540 3432/12/3540
f 3425/12/3541 3433/12/3541 3426/12/3541
f 3427/12/3542 3433/12/3542 3434/12/3542
f 3421/12/3543 3352/12/3543 3428/12/3543
f 3422/12/3544 3428/12/3544 3429/12/3544
f 3423/12/3545 3429/12/3545 3430/12/3545
f 3431/12/3546 3439/12/3546 3432/12/3546
f 3432/12/3547 3440/12/3547 3433/12/3547
f 3434/12/3548 3440/12/3548 3441/12/3548
f 3428/12/3549 3352/12/3549 3435/12/3549
f 3429/12/3550 3435/12/3550 3436/12/3550
f 3429/12/3551 3437/12/3551 3430/12/3551
f 3430/12/3552 3438/12/3552 3431/12/3552
f 3439/12/3553 3445/12/3553 3446/12/3553
f 3439/12/3554 3447/12/3554 3440/12/3554
f 3440/12/3555 3448/12/3555 3441/12/3555
f 3435/12/3556 3352/12/3556 3442/12/3556
f 3435/12/3557 3443/12/3557 3436/12/3557
f 3436/12/3558 3444/12/3558 3437/12/3558
f 3437/12/3559 3445/12/3559 3438/12/3559
f 3446/12/3560 3454/12/3560 3447/12/3560
f 3447/12/3561 3455/12/3561 3448/12/3561
f 3442/12/3562 3352/12/3562 3449/12/3562
f 3442/12/3563 3450/12/3563 3443/12/3563
f 3444/12/3564 3450/12/3564 3451/12/3564
f 3444/12/3565 3452/12/3565 3445/12/3565
f 3446/12/3566 3452/12/3566 3453/12/3566
f 3453/12/3567 3461/12/3567 3454/12/3567
f 3454/12/3568 3462/12/3568 3455/12/3568
f 3449/12/3569 3352/12/3569 3456/12/3569
f 3449/12/3570 3457/12/3570 3450/12/3570
f 3450/12/3571 3458/12/3571 3451/12/3571
f 3451/12/3572 3459/12/3572 3452/12/3572
f 3452/12/3573 3460/12/3573 3453/12/3573
f 3462/12/3574 3468/12/3574 3469/12/3574
f 3456/12/3575 3352/12/3575 3463/12/3575
f 3457/12/3576 3463/12/3576 3464/12/3576
f 3457/12/3577 3465/12/3577 3458/12/3577
f 3458/12/3578 3466/12/3578 3459/12/3578
f 3459/12/3579 3467/12/3579 3460/12/3579
f 3460/12/3580 3468/12/3580 3461/12/3580
f 3463/12/3581 3352/12/3581 3470/12/3581
f 3464/12/3582 3470/12/3582 3471/12/3582
f 3464/12/3583 3472/12/3583 3465/12/3583
f 3465/12/3584 3473/12/3584 3466/12/3584
f 3466/12/3585 3474/12/3585 3467/12/3585
f 3467/12/3586 3475/12/3586 3468/12/3586
f 3469/12/3587 3475/12/3587 3476/12/3587
f 3470/12/3588 3352/12/3588 3477/12/3588
f 3471/12/3589 3477/12/3589 3478/12/3589
f 3472/12/3590 3478/12/3590 3479/12/3590
f 3473/12/3591 3479/12/3591 3480/12/3591
f 3473/12/3592 3481/12/3592 3474/12/3592
f 3474/12/3593 3482/12/3593 3475/12/3593
f 3476/12/3594 3482/12/3594 3483/12/3594
f 3477/12/3595 3352/12/3595 3484/12/3595
f 3478/12/3596 3484/12/3596 3485/12/3596
f 3478/12/3597 3486/12/3597 3479/12/3597
f 3479/12/3598 3487/12/3598 3480/12/3598
f 3481/12/3599 3487/12/3599 3488/12/3599
f 3481/12/3600 3489/12/3600 3482/12/3600
f 3482/12/3601 3490/12/3601 3483/12/3601
f 3484/12/3602 3492/12/3602 3485/12/3602
f 3485/12/3603 3493/12/3603 3486/12/3603
f 3486/12/3604 3494/12/3604 3487/12/3604
f 3487/12/3605 3495/12/3605 3488/12/3605
f 3489/12/3606 3495/12/3606 3496/12/3606
f 3489/12/3607 3497/12/3607 3490/12/3607
f 3484/12/3608 3352/12/3608 3491/12/3608
f 3492/12/3609 3500/12/3609 3493/12/3609
f 3494/12/3610 3500/12/3610 3501/12/3610
f 3495/12/3611 3501/12/3611 3502/12/3611
f 3496/12/3612 3502/12/3612 3503/12/3612
f 3496/12/3613 3504/12/3613 3497/12/3613
f 3491/12/3614 3352/12/3614 3498/12/3614
f 3492/12/3615 3498/12/3615 3499/12/3615
f 3500/12/3616 3506/12/3616 3507/12/3616
f 3500/12/3617 3508/12/3617 3501/12/3617
f 3501/12/3618 3509/12/3618 3502/12/3618
f 3502/12/3619 3510/12/3619 3503/12/3619
f 3503/12/3620 3511/12/3620 3504/12/3620
f 3498/12/3621 3352/12/3621 3505/12/3621
f 3498/12/3622 3506/12/3622 3499/12/3622
f 3507/12/3623 3515/12/3623 3508/12/3623
f 3509/12/3624 3515/12/3624 3516/12/3624
f 3510/12/3625 3516/12/3625 3517/12/3625
f 3510/12/3626 3518/12/3626 3511/12/3626
f 3505/12/3627 3352/12/3627 3512/12/3627
f 3505/12/3628 3513/12/3628 3506/12/3628
f 3506/12/3629 3514/12/3629 3507/12/3629
f 3514/12/3630 3520/12/3630 3515/12/3630
f 3516/12/3631 3520/12/3631 3355/12/3631
f 3517/12/3632 3355/12/3632 3356/12/3632
f 3518/12/3633 3356/12/3633 3357/12/3633
f 3512/12/3634 3352/12/3634 3353/12/3634
f 3513/12/3635 3353/12/3635 3519/12/3635
f 3514/12/3636 3519/12/3636 3354/12/3636
f 1/1/3637 2/1/3637 12/1/3637
f 3/1/2 13/1/2 12/1/2
f 4/1/3638 14/1/3638 13/1/3638
f 4/1/4 5/1/4 15/1/4
f 6/1/5 16/1/5 15/1/5
f 6/1/6 7/1/6 17/1/6
f 8/1/7 18/1/7 17/1/7
f 9/1/3639 19/1/3639 18/1/3639
f 9/1/3640 10/1/3640 20/1/3640
f 1/1/10 11/1/10 20/1/10
f 11/1/3641 12/1/3641 22/1/3641
f 13/1/12 23/1/12 22/1/12
f 13/1/13 14/1/13 24/1/13
f 14/1/14 15/1/14 25/1/14
f 16/1/15 26/1/15 25/1/15
f 17/1/16 27/1/16 26/1/16
f 17/1/17 18/1/17 28/1/17
f 19/1/18 29/1/18 28/1/18
f 19/1/19 20/1/19 30/1/19
f 11/1/20 21/1/20 30/1/20
f 21/1/21 22/1/21 32/1/21
f 23/1/22 33/1/22 32/1/22
f 24/1/23 34/1/23 33/1/23
f 24/1/24 25/1/24 35/1/24
f 26/1/25 36/1/25 35/1/25
f 26/1/26 27/1/26 37/1/26
f 27/1/27 28/1/27 38/1/27
f 29/1/28 39/1/28 38/1/28
f 30/1/29 40/1/29 39/1/29
f 30/1/30 21/1/30 31/1/30
f 32/1/31 42/1/31 41/1/31
f 32/1/32 33/1/32 43/1/32
f 34/1/33 44/1/33 43/1/33
f 34/1/3642 35/1/3642 45/1/3642
f 36/1/35 46/1/35 45/1/35
f 36/1/36 37/1/36 47/1/36
f 38/1/37 48/1/37 47/1/37
f 38/1/38 39/1/38 49/1/38
f 40/1/39 50/1/39 49/1/39
f 40/1/40 31/1/40 41/1/40
f 62/2/3643 63/2/3643 64/2/3643
f 63/2/3644 62/2/3644 65/2/3644
f 65/2/63 67/2/63 68/2/63
f 57/2/3645 58/2/3645 54/2/3645
f 55/2/3646 54/2/3646 58/2/3646
f 55/2/3647 59/2/3647 60/2/3647
f 54/2/3648 62/2/3648 61/2/3648
f 58/2/3649 57/2/3649 64/2/3649
f 70/2/3650 69/2/3650 71/2/3650
f 62/2/3651 54/2/3651 55/2/3651
f 63/2/3652 66/2/3652 59/2/3652
f 56/2/3653 67/2/3653 65/2/3653
f 56/2/3654 60/2/3654 68/2/3654
f 60/2/3655 59/2/3655 66/2/3655
f 57/2/75 53/2/75 69/2/75
f 61/2/3656 71/2/3656 69/2/3656
f 64/2/77 72/2/77 71/2/77
f 64/2/78 57/2/78 70/2/78
f 84/3/3657 85/3/3657 86/3/3657
f 87/3/3658 88/3/3658 89/3/3658
f 91/3/3659 92/3/3659 85/3/3659
f 92/3/3660 91/3/3660 90/3/3660
f 74/3/3661 84/3/3661 83/3/3661
f 77/3/84 76/3/84 86/3/84
f 78/3/3662 89/3/3662 88/3/3662
f 75/3/3663 79/3/3663 87/3/3663
f 261/3/3664 81/3/3664 88/3/3664
f 82/3/3665 77/3/3665 85/3/3665
f 80/3/3666 91/3/3666 84/3/3666
f 80/3/3667 75/3/3667 90/3/3667
f 78/3/3668 82/3/3668 92/3/3668
f 381/3/3669 102/3/3669 101/3/3669
f 101/3/3670 102/3/3670 104/3/3670
f 397/3/3671 74/3/3671 73/3/3671
f 107/3/3672 108/3/3672 112/3/3672
f 112/4/3673 116/4/3673 115/4/3673
f 115/4/3674 116/4/3674 120/4/3674
f 119/4/3675 120/4/3675 124/4/3675
f 123/5/3676 124/5/3676 128/5/3676
f 289/6/3677 290/6/3677 291/6/3677
f 135/3/3678 278/3/3678 279/3/3678
f 133/3/3679 94/3/3679 95/3/3679
f 135/3/3680 95/3/3680 96/3/3680
f 79/3/3681 75/3/3681 105/3/3681
f 141/3/3682 140/3/3682 137/3/3682
f 142/3/3683 298/3/3683 300/3/3683
f 142/3/3684 139/3/3684 96/3/3684
f 260/3/3685 261/3/3685 79/3/3685
f 259/3/3686 260/3/3686 140/3/3686
f 258/3/3687 297/3/3687 298/3/3687
f 142/3/3688 97/3/3688 257/3/3688
f 144/3/3689 145/3/3689 102/3/3689
f 391/3/3690 389/3/3690 238/3/3690
f 397/3/3691 411/3/3691 412/3/3691
f 398/3/3692 105/3/3692 75/3/3692
f 152/4/3693 167/4/3693 168/4/3693
f 154/4/3694 169/4/3694 167/4/3694
f 156/4/3695 155/4/3695 170/4/3695
f 157/4/3696 172/4/3696 170/4/3696
f 159/4/3697 158/4/3697 173/4/3697
f 158/4/3698 160/4/3698 175/4/3698
f 162/4/3699 161/4/3699 176/4/3699
f 163/4/3700 178/4/3700 176/4/3700
f 165/4/3701 164/4/3701 179/4/3701
f 166/4/3702 181/4/3702 179/4/3702
f 167/4/3703 182/4/3703 183/4/3703
f 167/4/3704 169/4/3704 184/4/3704
f 171/4/3705 170/4/3705 185/4/3705
f 170/4/3706 172/4/3706 187/4/3706
f 174/4/3707 173/4/3707 188/4/3707
f 175/4/3708 190/4/3708 188/4/3708
f 177/4/3709 176/4/3709 191/4/3709
f 176/4/3710 178/4/3710 193/4/3710
f 179/4/3711 194/4/3711 195/4/3711
f 179/4/3712 181/4/3712 196/4/3712
f 182/4/3713 197/4/3713 198/4/3713
f 182/4/3714 184/4/3714 199/4/3714
f 186/4/3715 185/4/3715 200/4/3715
f 187/4/3716 202/4/3716 200/4/3716
f 189/4/3717 188/4/3717 203/4/3717
f 190/4/3718 205/4/3718 203/4/3718
f 192/4/3719 191/4/3719 206/4/3719
f 193/4/3720 208/4/3720 206/4/3720
f 194/4/3721 209/4/3721 210/4/3721
f 194/4/3722 196/4/3722 211/4/3722
f 147/3/3723 148/3/3723 156/3/3723
f 148/3/3724 149/3/3724 159/3/3724
f 149/3/3725 150/3/3725 162/3/3725
f 110/3/3726 163/3/3726 150/3/3726
f 108/3/3727 151/3/3727 165/3/3727
f 109/3/3728 113/3/3728 166/3/3728
f 147/3/3729 153/3/3729 113/3/3729
f 154/4/3730 156/4/3730 171/4/3730
f 157/4/3731 159/4/3731 174/4/3731
f 160/4/3732 162/4/3732 177/4/3732
f 114/4/3733 178/4/3733 163/4/3733
f 165/4/3734 180/4/3734 116/4/3734
f 113/4/3735 117/4/3735 181/4/3735
f 153/4/3736 168/4/3736 117/4/3736
f 169/4/3737 171/4/3737 186/4/3737
f 172/4/3738 174/4/3738 189/4/3738
f 175/4/3739 177/4/3739 192/4/3739
f 178/4/3740 114/4/3740 118/4/3740
f 180/4/3741 195/4/3741 120/4/3741
f 117/4/3742 121/4/3742 196/4/3742
f 168/4/3743 183/4/3743 121/4/3743
f 186/4/3744 201/4/3744 199/4/3744
f 189/4/3745 204/4/3745 202/4/3745
f 190/4/3746 192/4/3746 207/4/3746
f 193/4/3747 118/4/3747 122/4/3747
f 120/4/3748 195/4/3748 210/4/3748
f 196/4/3749 121/4/3749 125/4/3749
f 183/4/3750 198/4/3750 125/4/3750
f 201/5/3751 213/5/3751 212/5/3751
f 204/5/3752 214/5/3752 213/5/3752
f 207/5/3753 215/5/3753 214/5/3753
f 215/5/3754 208/5/3754 122/5/3754
f 124/5/3755 210/5/3755 216/5/3755
f 125/5/3756 129/5/3756 216/5/3756
f 198/5/3757 212/5/3757 129/5/3757
f 293/6/3758 294/6/3758 295/6/3758
f 131/6/3759 134/6/3759 349/6/3759
f 132/6/3760 276/6/3760 277/6/3760
f 225/6/3761 143/6/3761 98/6/3761
f 227/6/3762 145/6/3762 144/6/3762
f 144/6/3763 343/6/3763 226/6/3763
f 137/6/3764 217/6/3764 229/6/3764
f 137/6/3765 228/6/3765 230/6/3765
f 136/6/3766 105/6/3766 231/6/3766
f 136/6/3767 233/6/3767 229/6/3767
f 228/6/3768 229/6/3768 235/6/3768
f 230/6/222 237/6/222 236/6/222
f 230/6/3769 228/6/3769 234/6/3769
f 232/6/3770 146/6/3770 238/6/3770
f 232/6/3771 239/6/3771 240/6/3771
f 233/6/3772 231/6/3772 240/6/3772
f 229/6/3773 233/6/3773 241/6/3773
f 272/6/3774 271/6/3774 275/6/3774
f 224/6/3775 349/6/3775 134/6/3775
f 234/6/3776 235/6/3776 243/6/3776
f 237/6/3777 234/6/3777 242/6/3777
f 239/6/3778 238/6/3778 244/6/3778
f 240/6/3779 244/6/3779 245/6/3779
f 235/6/3780 241/6/3780 245/6/3780
f 238/6/3781 389/6/3781 392/6/3781
f 250/6/3782 242/6/3782 243/6/3782
f 243/6/3783 247/6/3783 249/6/3783
f 244/6/3784 246/6/3784 248/6/3784
f 243/6/3785 245/6/3785 248/6/3785
f 343/7/3786 347/7/3786 353/7/3786
f 364/1/3787 366/1/3787 367/1/3787
f 368/1/3788 367/1/3788 370/1/3788
f 352/7/3789 355/7/3789 356/7/3789
f 353/7/3790 356/7/3790 355/7/3790
f 258/2/3791 257/2/3791 262/2/3791
f 260/2/3792 259/2/3792 264/2/3792
f 260/2/3793 265/2/3793 266/2/3793
f 82/2/3794 78/2/3794 267/2/3794
f 77/2/3795 82/2/3795 268/2/3795
f 76/2/3796 77/2/3796 269/2/3796
f 263/3/3797 262/3/3797 106/3/3797
f 264/3/3798 263/3/3798 150/3/3798
f 265/3/3799 264/3/3799 149/3/3799
f 265/3/3800 148/3/3800 147/3/3800
f 266/3/3801 147/3/3801 109/3/3801
f 268/3/3802 267/3/3802 109/3/3802
f 268/3/3803 151/3/3803 108/3/3803
f 269/3/3804 108/3/3804 107/3/3804
f 139/6/3805 138/6/3805 273/6/3805
f 236/6/275 271/6/275 273/6/275
f 139/6/276 272/6/276 274/6/276
f 134/6/3806 275/6/3806 271/6/3806
f 277/6/3807 276/6/3807 130/6/3807
f 280/3/3808 281/3/3808 287/3/3808
f 81/2/3809 266/2/3809 267/2/3809
f 278/3/3810 134/3/3810 131/3/3810
f 283/3/3811 279/3/3811 131/3/3811
f 281/3/3812 280/3/3812 276/3/3812
f 289/6/3813 292/6/3813 295/6/3813
f 130/3/3814 276/3/3814 280/3/3814
f 278/6/3815 135/6/3815 274/6/3815
f 285/6/3816 284/6/3816 221/6/3816
f 282/3/3817 286/3/3817 285/3/3817
f 133/3/3818 287/3/3818 288/3/3818
f 288/3/3819 286/3/3819 282/3/3819
f 286/3/3820 288/3/3820 290/3/3820
f 288/3/294 287/3/294 291/3/294
f 287/3/3821 281/3/3821 292/3/3821
f 284/6/3822 285/6/3822 294/6/3822
f 220/6/3823 296/6/3823 295/6/3823
f 286/3/3824 289/3/3824 294/3/3824
f 281/3/3825 132/3/3825 295/3/3825
f 302/3/259 259/3/259 141/3/259
f 304/6/3826 303/6/3826 305/6/3826
f 307/6/3827 308/6/3827 304/6/3827
f 300/3/3828 301/3/3828 138/3/3828
f 301/3/3829 299/3/3829 141/3/3829
f 299/3/3830 301/3/3830 303/3/3830
f 301/3/3831 300/3/3831 305/3/3831
f 300/3/3832 298/3/3832 306/3/3832
f 297/3/3833 307/3/3833 306/3/3833
f 297/3/3834 302/3/3834 308/3/3834
f 302/3/3835 299/3/3835 304/3/3835
f 277/6/3836 222/6/3836 296/6/3836
f 284/6/3837 293/6/3837 309/6/3837
f 311/6/3838 225/6/3838 219/6/3838
f 251/6/3839 313/6/3839 312/6/3839
f 225/6/3840 311/6/3840 314/6/3840
f 251/6/3841 256/6/3841 315/6/3841
f 253/6/3842 314/6/3842 315/6/3842
f 296/6/3843 222/6/3843 312/6/3843
f 293/6/3844 316/6/3844 317/6/3844
f 319/6/3845 311/6/3845 310/6/3845
f 313/6/3846 321/6/3846 320/6/3846
f 314/6/3847 311/6/3847 319/6/3847
f 334/6/331 335/6/331 336/6/331
f 338/6/332 339/6/332 336/6/332
f 316/6/333 312/6/333 320/6/333
f 316/6/334 323/6/334 324/6/334
f 325/6/3848 327/6/3848 319/6/3848
f 321/6/3849 329/6/3849 328/6/3849
f 322/6/3850 319/6/3850 327/6/3850
f 336/6/3851 340/6/3851 341/6/3851
f 339/6/3852 342/6/3852 340/6/3852
f 323/6/3853 320/6/3853 328/6/3853
f 324/6/3854 323/6/3854 332/6/3854
f 315/6/342 335/6/342 334/6/342
f 321/6/3855 313/6/3855 334/6/3855
f 315/6/344 314/6/344 338/6/344
f 314/6/3856 322/6/3856 339/6/3856
f 331/6/3857 329/6/3857 341/6/3857
f 321/6/3858 337/6/3858 341/6/3858
f 322/6/3859 330/6/3859 342/6/3859
f 331/6/3860 340/6/3860 342/6/3860
f 344/6/3861 225/6/3861 253/6/3861
f 256/6/3862 346/6/3862 345/6/3862
f 256/6/3863 251/6/3863 348/6/3863
f 222/6/3864 223/6/3864 348/6/3864
f 223/7/3865 350/7/3865 351/7/3865
f 224/7/3866 252/7/3866 352/7/3866
f 345/7/3867 353/7/3867 347/7/3867
f 254/7/3868 226/7/3868 343/7/3868
f 353/7/362 345/7/362 346/7/362
f 255/7/3869 254/7/3869 354/7/3869
f 252/7/364 255/7/364 355/7/364
f 351/7/365 356/7/365 346/7/365
f 131/6/3870 223/6/3870 222/6/3870
f 227/6/3871 357/6/3871 358/6/3871
f 227/6/3872 254/6/3872 359/6/3872
f 255/6/3873 360/6/3873 359/6/3873
f 248/6/3874 246/6/3874 358/6/3874
f 247/6/3875 248/6/3875 361/6/3875
f 252/6/3876 363/6/3876 360/6/3876
f 247/6/3877 362/6/3877 363/6/3877
f 358/6/3878 357/6/3878 364/6/3878
f 357/6/3879 359/6/3879 366/6/3879
f 360/6/3880 367/6/3880 366/6/3880
f 361/6/3881 358/6/3881 365/6/3881
f 361/6/3882 368/6/3882 369/6/3882
f 363/6/3883 370/6/3883 367/6/3883
f 362/6/3884 369/6/3884 370/6/3884
f 127/5/3885 128/5/3885 372/5/3885
f 213/5/3886 374/5/3886 375/5/3886
f 214/5/383 376/5/383 374/5/383
f 215/5/384 377/5/384 376/5/384
f 126/5/3887 378/5/3887 377/5/3887
f 128/5/3888 216/5/3888 379/5/3888
f 216/5/3889 129/5/3889 380/5/3889
f 212/5/3890 375/5/3890 380/5/3890
f 382/6/3891 385/6/3891 384/6/3891
f 382/6/391 381/6/391 386/6/391
f 99/6/3892 387/6/3892 386/6/3892
f 218/6/3893 219/6/3893 384/6/3893
f 143/3/3894 144/3/3894 382/3/3894
f 387/6/3895 384/6/3895 385/6/3895
f 394/6/3896 395/6/3896 393/6/3896
f 392/6/3897 393/6/3897 227/6/3897
f 227/6/3898 393/6/3898 388/6/3898
f 145/3/3899 388/3/3899 390/3/3899
f 102/3/3900 390/3/3900 391/3/3900
f 389/6/3901 391/6/3901 394/6/3901
f 391/6/3902 390/6/3902 395/6/3902
f 388/6/3903 393/6/3903 395/6/3903
f 104/3/3904 401/3/3904 402/3/3904
f 400/3/3905 415/3/3905 417/3/3905
f 403/6/3906 405/6/3906 406/6/3906
f 421/6/3907 422/6/3907 405/6/3907
f 407/6/3908 408/6/3908 410/6/3908
f 398/6/3909 403/6/3909 404/6/3909
f 399/6/3910 406/6/3910 405/6/3910
f 399/6/3911 105/6/3911 404/6/3911
f 415/6/3912 400/6/3912 405/6/3912
f 414/6/3913 421/6/3913 403/6/3913
f 401/6/3914 407/6/3914 409/6/3914
f 397/6/3915 396/6/3915 410/6/3915
f 413/3/3916 414/3/3916 398/3/3916
f 423/6/3917 424/6/3917 419/6/3917
f 412/3/3918 413/3/3918 80/3/3918
f 425/6/3919 426/6/3919 422/6/3919
f 146/3/3920 417/3/3920 418/3/3920
f 418/3/3921 416/3/3921 401/3/3921
f 411/6/3922 397/6/3922 408/6/3922
f 420/6/3923 419/6/3923 408/6/3923
f 416/6/3924 420/6/3924 407/6/3924
f 419/6/3925 420/6/3925 422/6/3925
f 414/6/3926 413/6/3926 423/6/3926
f 413/6/3927 412/6/3927 424/6/3927
f 411/6/3928 419/6/3928 424/6/3928
f 416/6/3929 418/6/3929 425/6/3929
f 418/6/3930 417/6/3930 426/6/3930
f 415/6/3931 422/6/3931 426/6/3931
f 399/6/3932 146/6/3932 232/6/3932
f 462/6/3933 465/6/3933 464/6/3933
f 430/2/3934 428/2/3934 461/2/3934
f 438/2/3935 432/2/3935 455/2/3935
f 439/2/3936 434/2/3936 432/2/3936
f 506/2/3937 507/2/3937 508/2/3937
f 436/2/3938 441/2/3938 440/2/3938
f 465/6/3939 462/6/3939 467/6/3939
f 431/2/3940 429/2/3940 511/2/3940
f 430/2/3941 443/2/3941 444/2/3941
f 431/2/3942 512/2/3942 513/2/3942
f 432/2/3943 449/2/3943 456/2/3943
f 434/2/3944 450/2/3944 449/2/3944
f 436/2/3945 513/2/3945 514/2/3945
f 429/2/461 439/2/461 461/2/461
f 427/2/3946 453/2/3946 459/2/3946
f 433/2/3947 437/2/3947 454/2/3947
f 455/2/3948 456/2/3948 448/2/3948
f 453/2/3949 427/2/3949 442/2/3949
f 458/2/3950 459/2/3950 454/2/3950
f 438/2/3951 454/2/3951 459/2/3951
f 439/2/3952 438/2/3952 460/2/3952
f 462/2/3953 463/2/3953 459/2/3953
f 463/2/3954 464/2/3954 460/2/3954
f 460/2/3955 464/2/3955 465/2/3955
f 465/2/3956 466/2/3956 443/2/3956
f 462/2/3957 453/2/3957 457/2/3957
f 499/6/3958 500/6/3958 501/6/3958
f 471/2/3959 497/2/3959 498/2/3959
f 479/2/3960 491/2/3960 492/2/3960
f 480/2/3961 479/2/3961 473/2/3961
f 509/2/3962 507/2/3962 506/2/3962
f 477/2/3963 476/2/3963 440/2/3963
f 502/6/3964 503/6/3964 504/6/3964
f 472/2/3965 516/2/3965 517/2/3965
f 469/2/3966 483/2/3966 482/2/3966
f 515/2/3967 516/2/3967 472/2/3967
f 493/2/3968 488/2/3968 473/2/3968
f 488/2/3969 489/2/3969 475/2/3969
f 514/2/3970 515/2/3970 477/2/3970
f 498/2/493 480/2/493 470/2/493
f 468/2/3971 495/2/3971 496/2/3971
f 491/2/3972 478/2/3972 474/2/3972
f 487/2/3973 493/2/3973 492/2/3973
f 481/2/3974 468/2/3974 490/2/3974
f 495/2/3975 478/2/3975 491/2/3975
f 496/2/3976 491/2/3976 479/2/3976
f 497/2/3977 479/2/3977 480/2/3977
f 496/2/3978 500/2/3978 499/2/3978
f 497/2/3979 501/2/3979 500/2/3979
f 497/2/3980 471/2/3980 502/2/3980
f 502/2/3981 471/2/3981 482/2/3981
f 499/2/3982 504/2/3982 494/2/3982
f 440/2/3983 506/2/3983 505/2/3983
f 434/2/3984 435/2/3984 505/2/3984
f 450/2/3985 434/2/3985 508/2/3985
f 475/2/3986 509/2/3986 510/2/3986
f 440/2/3987 476/2/3987 510/2/3987
f 489/2/3988 451/2/3988 509/2/3988
f 428/2/3989 444/2/3989 445/2/3989
f 512/2/3990 446/2/3990 447/2/3990
f 513/2/3991 447/2/3991 452/2/3991
f 515/2/3992 514/2/3992 452/2/3992
f 516/2/3993 515/2/3993 486/2/3993
f 469/2/3994 517/2/3994 484/2/3994
f 518/1/3995 519/1/3995 565/1/3995
f 519/1/3996 520/1/3996 564/1/3996
f 520/1/3997 521/1/3997 563/1/3997
f 522/1/3998 562/1/3998 563/1/3998
f 523/1/3999 561/1/3999 562/1/3999
f 524/1/4000 560/1/4000 561/1/4000
f 525/1/4001 559/1/4001 560/1/4001
f 526/1/4002 568/1/4002 559/1/4002
f 526/1/4003 527/1/4003 567/1/4003
f 527/1/4004 518/1/4004 566/1/4004
f 549/1/4005 538/1/4005 539/1/4005
f 551/1/4006 550/1/4006 539/1/4006
f 552/1/4007 551/1/4007 541/1/4007
f 553/1/4008 552/1/4008 542/1/4008
f 553/1/4009 543/1/4009 544/1/4009
f 554/1/4010 544/1/4010 545/1/4010
f 555/1/4011 545/1/4011 546/1/4011
f 557/1/4012 556/1/4012 546/1/4012
f 557/1/550 547/1/550 548/1/550
f 549/1/551 558/1/551 548/1/551
f 518/1/4013 549/1/4013 550/1/4013
f 520/1/4014 519/1/4014 550/1/4014
f 521/1/4015 520/1/4015 551/1/4015
f 521/1/4016 552/1/4016 553/1/4016
f 522/1/4017 553/1/4017 554/1/4017
f 523/1/4018 554/1/4018 555/1/4018
f 524/1/4019 555/1/4019 556/1/4019
f 526/1/4020 525/1/4020 556/1/4020
f 526/1/4021 557/1/4021 558/1/4021
f 527/1/4022 558/1/4022 549/1/4022
f 559/1/4023 535/1/4023 534/1/4023
f 560/1/4024 534/1/4024 533/1/4024
f 561/1/4025 533/1/4025 532/1/4025
f 563/1/4026 562/1/4026 532/1/4026
f 563/1/4027 531/1/4027 530/1/4027
f 565/1/4028 564/1/4028 530/1/4028
f 566/1/4029 565/1/4029 529/1/4029
f 567/1/4030 566/1/4030 528/1/4030
f 568/1/4031 567/1/4031 537/1/4031
f 568/1/4032 536/1/4032 535/1/4032
f 636/7/4033 637/7/4033 638/7/4033
f 571/7/4034 597/7/4034 598/7/4034
f 571/7/4035 630/7/4035 631/7/4035
f 572/6/4036 656/6/4036 657/6/4036
f 667/1/4037 668/1/4037 669/1/4037
f 668/1/4038 671/1/4038 672/1/4038
f 574/7/4039 594/7/4039 626/7/4039
f 574/7/4040 575/7/4040 593/7/4040
f 639/7/4041 640/7/4041 641/7/4041
f 635/7/4042 638/7/4042 641/7/4042
f 585/2/4043 583/2/4043 610/2/4043
f 625/2/4044 586/2/4044 582/2/4044
f 673/1/4045 675/1/4045 676/1/4045
f 677/1/4046 674/1/4046 676/1/4046
f 658/6/4047 659/6/4047 580/6/4047
f 632/2/4048 633/2/4048 579/2/4048
f 590/2/4049 589/2/4049 611/2/4049
f 590/2/4050 578/2/4050 577/2/4050
f 591/2/4051 577/2/4051 584/2/4051
f 592/2/4052 584/2/4052 583/2/4052
f 594/2/4053 593/2/4053 585/2/4053
f 626/2/4054 594/2/4054 586/2/4054
f 672/1/4055 673/1/4055 674/1/4055
f 670/1/4056 669/1/4056 674/1/4056
f 657/6/4057 658/6/4057 588/6/4057
f 631/2/4058 632/2/4058 589/2/4058
f 597/2/4059 589/2/4059 590/2/4059
f 638/2/4060 637/2/4060 643/2/4060
f 638/2/4061 644/2/4061 645/2/4061
f 641/2/4062 645/2/4062 646/2/4062
f 570/2/4063 569/2/4063 599/2/4063
f 571/2/4064 570/2/4064 600/2/4064
f 630/2/4065 571/2/4065 601/2/4065
f 656/6/4066 572/6/4066 602/6/4066
f 668/1/4067 667/1/4067 679/1/4067
f 671/1/4068 668/1/4068 680/1/4068
f 627/2/4069 628/2/4069 606/2/4069
f 574/2/4070 606/2/4070 607/2/4070
f 575/2/4071 607/2/4071 608/2/4071
f 569/2/4072 576/2/4072 608/2/4072
f 629/1/4073 601/1/4073 609/1/4073
f 603/1/4074 655/1/4074 602/1/4074
f 605/1/4075 661/1/4075 604/1/4075
f 628/1/4076 605/1/4076 609/1/4076
f 578/2/4077 613/2/4077 612/2/4077
f 611/2/4078 614/2/4078 613/2/4078
f 633/2/4079 634/2/4079 615/2/4079
f 659/6/4080 660/6/4080 616/6/4080
f 676/1/4081 682/1/4081 683/1/4081
f 675/1/4082 684/1/4082 682/1/4082
f 624/2/4083 582/2/4083 619/2/4083
f 582/2/4084 610/2/4084 620/2/4084
f 584/2/4085 622/2/4085 621/2/4085
f 577/2/4086 612/2/4086 622/2/4086
f 610/2/4087 583/2/4087 621/2/4087
f 579/2/4088 615/2/4088 614/2/4088
f 624/6/4089 623/6/4089 618/6/4089
f 625/6/4090 624/6/4090 581/6/4090
f 626/6/4091 625/6/4091 587/6/4091
f 573/6/4092 627/6/4092 626/6/4092
f 627/6/4093 573/6/4093 605/6/4093
f 630/6/4094 629/6/4094 602/6/4094
f 631/6/4095 630/6/4095 572/6/4095
f 631/6/4096 596/6/4096 588/6/4096
f 632/6/4097 588/6/4097 580/6/4097
f 633/6/4098 580/6/4098 616/6/4098
f 647/7/4099 648/7/4099 649/7/4099
f 570/7/4100 598/7/4100 637/7/4100
f 652/7/4101 653/7/4101 654/7/4101
f 575/7/4102 639/7/4102 642/7/4102
f 652/7/4103 647/7/4103 650/7/4103
f 598/2/4104 590/2/4104 643/2/4104
f 591/2/663 644/2/663 643/2/663
f 592/2/664 645/2/664 644/2/664
f 592/2/665 585/2/665 646/2/665
f 593/2/4105 642/2/4105 646/2/4105
f 636/7/668 649/7/668 648/7/668
f 635/7/4106 650/7/4106 649/7/4106
f 640/7/4107 639/7/4107 654/7/4107
f 639/7/672 575/7/672 651/7/672
f 576/7/673 569/7/673 647/7/673
f 640/7/674 653/7/674 650/7/674
f 685/1/4108 686/1/4108 679/1/4108
f 687/1/4109 685/1/4109 667/1/4109
f 687/1/4110 670/1/4110 677/1/4110
f 688/1/4111 677/1/4111 678/1/4111
f 689/1/4112 678/1/4112 683/1/4112
f 662/6/4113 661/6/4113 605/6/4113
f 662/6/4114 573/6/4114 595/6/4114
f 663/6/4115 595/6/4115 587/6/4115
f 664/6/4116 587/6/4116 581/6/4116
f 665/6/4117 581/6/4117 618/6/4117
f 662/6/4118 663/6/4118 672/6/4118
f 664/6/4119 665/6/4119 675/6/4119
f 664/6/4120 673/6/4120 672/6/4120
f 603/1/4121 604/1/4121 680/1/4121
f 661/6/4122 662/6/4122 671/6/4122
f 666/6/4123 684/6/4123 675/6/4123
f 655/6/4124 686/6/4124 685/6/4124
f 656/6/4125 685/6/4125 687/6/4125
f 658/6/4126 657/6/4126 687/6/4126
f 658/6/4127 688/6/4127 689/6/4127
f 660/6/4128 659/6/4128 689/6/4128
f 706/7/4129 705/7/4129 703/7/4129
f 708/7/4130 710/7/4130 709/7/4130
f 711/7/4131 712/7/4131 710/7/4131
f 713/7/4132 714/7/4132 712/7/4132
f 705/7/4133 714/7/4133 713/7/4133
f 697/7/4134 691/7/4134 692/7/4134
f 700/7/4135 699/7/4135 693/7/4135
f 701/7/4136 700/7/4136 694/7/4136
f 702/7/4137 701/7/4137 695/7/4137
f 702/7/4138 696/7/4138 691/7/4138
f 698/7/4139 704/7/4139 703/7/4139
f 705/7/4140 706/7/4140 692/7/4140
f 692/7/721 706/7/721 704/7/721
f 708/7/4141 707/7/4141 699/7/4141
f 707/7/723 709/7/723 693/7/723
f 693/7/4142 709/7/4142 710/7/4142
f 711/7/4143 708/7/4143 700/7/4143
f 694/7/4144 710/7/4144 712/7/4144
f 702/7/4145 713/7/4145 711/7/4145
f 712/7/4146 714/7/4146 696/7/4146
f 697/7/4147 703/7/4147 713/7/4147
f 714/7/4148 705/7/4148 691/7/4148
f 715/2/4149 722/2/4149 727/2/4149
f 716/2/732 719/2/732 720/2/732
f 730/2/4150 721/2/4150 718/2/4150
f 721/2/734 722/2/734 715/2/734
f 718/2/735 715/2/735 728/2/735
f 723/2/4151 719/2/4151 716/2/4151
f 724/2/737 716/2/737 717/2/737
f 717/2/4152 720/2/4152 726/2/4152
f 739/1/4153 741/1/4153 742/1/4153
f 740/1/4154 742/1/4154 744/1/4154
f 745/1/4155 746/1/4155 743/1/4155
f 728/2/4156 727/2/4156 731/2/4156
f 727/2/4157 723/2/4157 733/2/4157
f 724/2/4158 734/2/4158 733/2/4158
f 728/2/745 732/2/745 735/2/745
f 724/2/746 725/2/746 736/2/746
f 725/2/4159 726/2/4159 737/2/4159
f 730/2/4160 738/2/4160 737/2/4160
f 729/2/4161 735/2/4161 738/2/4161
f 732/2/4162 731/2/4162 739/2/4162
f 733/2/4163 741/2/4163 739/2/4163
f 734/2/4164 742/2/4164 741/2/4164
f 732/2/753 740/2/753 743/2/753
f 734/2/4165 736/2/4165 744/2/4165
f 736/2/4166 737/2/4166 745/2/4166
f 737/2/4167 738/2/4167 746/2/4167
f 735/2/4168 743/2/4168 746/2/4168
f 723/2/4169 727/2/4169 753/2/4169
f 753/2/4170 727/2/4170 722/2/4170
f 751/2/760 752/2/760 722/2/760
f 750/2/4171 751/2/4171 721/2/4171
f 750/2/4172 730/2/4172 726/2/4172
f 749/2/4173 726/2/4173 720/2/4173
f 748/2/764 720/2/764 719/2/764
f 754/2/4174 747/2/4174 719/2/4174
f 747/2/4175 755/2/4175 756/2/4175
f 748/2/4176 756/2/4176 757/2/4176
f 749/2/4177 757/2/4177 758/2/4177
f 750/2/4178 758/2/4178 759/2/4178
f 752/2/770 751/2/770 759/2/770
f 753/2/4179 752/2/4179 760/2/4179
f 754/2/4180 753/2/4180 761/2/4180
f 747/2/4181 754/2/4181 762/2/4181
f 778/1/774 763/1/774 796/1/774
f 797/1/4182 764/1/4182 769/1/4182
f 780/1/776 766/1/776 770/1/776
f 791/1/777 768/1/777 774/1/777
f 773/1/4183 779/1/4183 794/1/4183
f 764/1/779 797/1/779 796/1/779
f 780/1/780 781/1/780 765/1/780
f 767/1/781 772/1/781 770/1/781
f 768/1/4184 791/1/4184 798/1/4184
f 771/1/783 777/1/783 775/1/783
f 793/1/4185 792/1/4185 774/1/4185
f 776/1/785 782/1/785 780/1/785
f 795/1/786 794/1/786 779/1/786
f 783/1/791 784/1/791 777/1/791
f 776/1/792 777/1/792 784/1/792
f 785/1/793 786/1/793 782/1/793
f 787/1/794 781/1/794 782/1/794
f 788/1/795 765/1/795 781/1/795
f 789/1/796 767/1/796 765/1/796
f 789/1/797 790/1/797 772/1/797
f 771/1/4186 772/1/4186 790/1/4186
f 791/1/799 792/1/799 784/1/799
f 793/1/4187 785/1/4187 784/1/4187
f 793/1/801 794/1/801 786/1/801
f 787/1/4188 786/1/4188 794/1/4188
f 796/1/803 788/1/803 787/1/803
f 797/1/4189 789/1/4189 788/1/4189
f 789/1/805 797/1/805 798/1/805
f 783/1/4190 790/1/4190 798/1/4190
f 800/2/4191 836/2/4191 837/2/4191
f 835/2/4192 801/2/4192 870/2/4192
f 870/2/4193 877/2/4193 871/2/4193
f 878/6/4194 802/6/4194 803/6/4194
f 803/6/4195 833/6/4195 834/6/4195
f 803/6/4196 804/6/4196 832/6/4196
f 832/6/812 804/6/812 805/6/812
f 805/6/4197 876/6/4197 831/6/4197
f 875/2/4198 869/2/4198 806/2/4198
f 806/2/4199 830/2/4199 868/2/4199
f 807/2/4200 808/2/4200 838/2/4200
f 799/2/4201 837/2/4201 838/2/4201
f 819/2/4202 817/2/4202 850/2/4202
f 867/2/4203 820/2/4203 816/2/4203
f 822/6/4204 821/6/4204 815/6/4204
f 823/6/4205 822/6/4205 814/6/4205
f 823/6/4206 813/6/4206 812/6/4206
f 872/2/4207 873/2/4207 811/2/4207
f 825/2/4208 851/2/4208 810/2/4208
f 827/2/4209 826/2/4209 810/2/4209
f 827/2/4210 809/2/4210 818/2/4210
f 828/2/4211 818/2/4211 817/2/4211
f 884/2/4212 819/2/4212 820/2/4212
f 880/2/4213 881/2/4213 820/2/4213
f 832/6/4214 831/6/4214 821/6/4214
f 833/6/4215 832/6/4215 822/6/4215
f 833/6/4216 823/6/4216 824/6/4216
f 871/2/4217 886/2/4217 888/2/4217
f 890/2/4218 891/2/4218 826/2/4218
f 836/2/4219 826/2/4219 827/2/4219
f 837/2/4220 827/2/4220 828/2/4220
f 838/2/4221 828/2/4221 819/2/4221
f 799/2/4222 839/2/4222 840/2/4222
f 800/2/4223 840/2/4223 841/2/4223
f 803/6/4224 802/6/4224 842/6/4224
f 803/6/4225 843/6/4225 844/6/4225
f 804/6/4226 844/6/4226 845/6/4226
f 807/2/4227 806/2/4227 846/2/4227
f 808/2/4228 807/2/4228 847/2/4228
f 808/2/4229 848/2/4229 839/2/4229
f 809/2/4230 810/2/4230 853/2/4230
f 851/2/855 854/2/855 853/2/855
f 873/2/4231 874/2/4231 855/2/4231
f 812/6/857 813/6/857 857/6/857
f 813/6/858 814/6/858 858/6/858
f 814/6/859 815/6/859 859/6/859
f 866/2/4232 816/2/4232 860/2/4232
f 850/2/4233 861/2/4233 860/2/4233
f 817/2/4234 818/2/4234 863/2/4234
f 809/2/863 852/2/863 863/2/863
f 817/2/4235 862/2/4235 861/2/4235
f 851/2/4236 811/2/4236 855/2/4236
f 866/6/4237 865/6/4237 859/6/4237
f 821/6/4238 867/6/4238 866/6/4238
f 871/6/4239 877/6/4239 878/6/4239
f 873/6/4240 872/6/4240 824/6/4240
f 873/6/4241 812/6/4241 856/6/4241
f 876/6/4242 875/6/4242 868/6/4242
f 876/6/4243 878/6/4243 877/6/4243
f 805/6/4244 802/6/4244 878/6/4244
f 845/6/4245 842/6/4245 802/6/4245
f 843/6/4246 842/6/4246 845/6/4246
f 879/2/4247 870/2/4247 841/2/4247
f 879/2/4248 849/2/4248 846/2/4248
f 892/6/4249 893/6/4249 894/6/4249
f 868/2/4250 830/2/4250 883/2/4250
f 896/6/4251 897/6/4251 894/6/4251
f 830/2/4252 829/2/4252 885/2/4252
f 885/2/4253 829/2/4253 819/2/4253
f 887/2/4254 872/2/4254 825/2/4254
f 898/6/4255 900/6/4255 901/6/4255
f 902/6/4256 903/6/4256 899/6/4256
f 826/2/4257 891/2/4257 889/2/4257
f 835/2/4258 888/2/4258 890/2/4258
f 882/2/4259 883/2/4259 893/2/4259
f 881/2/4260 880/2/4260 895/2/4260
f 882/6/4261 892/6/4261 895/6/4261
f 885/2/4262 896/2/4262 893/2/4262
f 885/2/4263 884/2/4263 897/2/4263
f 884/2/4264 881/2/4264 894/2/4264
f 891/2/4265 898/2/4265 899/2/4265
f 890/2/4266 900/2/4266 898/2/4266
f 890/2/4267 888/2/4267 901/2/4267
f 886/2/4268 902/2/4268 901/2/4268
f 886/2/4269 887/2/4269 903/2/4269
f 889/2/4270 899/2/4270 903/2/4270
f 831/6/4271 882/6/4271 880/6/4271
f 887/6/4272 886/6/4272 834/6/4272
f 904/7/4273 932/7/4273 960/7/4273
f 933/7/4274 928/7/4274 929/7/4274
f 949/7/4275 935/7/4275 910/7/4275
f 926/7/4276 931/7/4276 932/7/4276
f 931/7/929 956/7/929 957/7/929
f 913/7/4277 944/7/4277 945/7/4277
f 926/7/4278 904/7/4278 913/7/4278
f 961/7/4279 944/7/4279 913/7/4279
f 948/7/4280 910/7/4280 912/7/4280
f 921/7/4281 916/7/4281 934/7/4281
f 912/7/4282 917/7/4282 946/7/4282
f 918/7/4283 917/7/4283 912/7/4283
f 935/7/4284 919/7/4284 918/7/4284
f 919/7/940 911/7/940 952/7/940
f 954/7/943 923/7/943 919/7/943
f 929/7/944 924/7/944 920/7/944
f 929/7/945 921/7/945 922/7/945
f 925/7/946 945/7/946 946/7/946
f 918/7/947 926/7/947 925/7/947
f 923/7/948 927/7/948 926/7/948
f 955/7/949 927/7/949 923/7/949
f 931/7/952 927/7/952 955/7/952
f 959/7/4285 936/7/4285 938/7/4285
f 950/7/4286 951/7/4286 943/7/4286
f 932/7/959 936/7/959 959/7/959
f 905/7/960 938/7/960 936/7/960
f 957/7/961 958/7/961 938/7/961
f 907/7/962 933/7/962 937/7/962
f 935/7/963 949/7/963 950/7/963
f 909/7/964 942/7/964 940/7/964
f 952/7/965 911/7/965 943/7/965
f 911/7/966 935/7/966 941/7/966
f 945/7/969 944/7/969 914/7/969
f 945/7/970 930/7/970 922/7/970
f 946/7/971 922/7/971 915/7/971
f 948/7/4287 947/7/4287 915/7/4287
f 908/7/4288 934/7/4288 949/7/4288
f 949/7/974 934/7/974 940/7/974
f 950/7/4289 940/7/4289 942/7/4289
f 952/7/976 951/7/976 942/7/976
f 953/7/977 952/7/977 909/7/977
f 954/7/978 953/7/978 916/7/978
f 924/7/979 955/7/979 954/7/979
f 928/7/980 956/7/980 955/7/980
f 956/7/981 928/7/981 907/7/981
f 957/7/4290 907/7/4290 939/7/4290
f 959/7/4291 958/7/4291 939/7/4291
f 960/7/984 959/7/984 937/7/984
f 960/7/4292 933/7/4292 906/7/4292
f 961/7/986 906/7/986 914/7/986
f 962/2/4293 984/2/4293 983/2/4293
f 966/2/4294 985/2/4294 984/2/4294
f 980/2/4295 985/2/4295 966/2/4295
f 981/2/4296 980/2/4296 967/2/4296
f 982/2/4297 981/2/4297 965/2/4297
f 963/2/4298 983/2/4298 982/2/4298
f 990/8/4299 974/8/4299 975/8/4299
f 968/8/4300 978/8/4300 987/8/4300
f 1022/8/4301 1021/8/4301 1032/8/4301
f 1037/2/4302 1036/2/4302 1038/2/4302
f 1040/2/4303 1036/2/4303 1037/2/4303
f 984/2/4304 968/2/4304 986/2/4304
f 980/2/4305 971/2/4305 970/2/4305
f 977/8/4306 976/8/4306 989/8/4306
f 989/2/4307 990/2/4307 973/2/4307
f 992/8/4308 972/8/4308 986/8/4308
f 992/8/4309 994/8/4309 993/8/4309
f 995/8/4310 971/8/4310 1035/8/4310
f 995/8/4311 979/8/4311 970/8/4311
f 1044/2/4312 1043/2/4312 1045/2/4312
f 1047/2/4313 1049/2/4313 1050/2/4313
f 1009/2/4314 1008/2/4314 992/2/4314
f 1008/2/4315 1011/2/4315 994/2/4315
f 1012/2/4316 995/2/4316 1034/2/4316
f 995/2/4317 1012/2/4317 1015/2/4317
f 977/8/4318 988/8/4318 1019/8/4318
f 1010/2/4319 978/2/4319 994/2/4319
f 968/8/4320 1004/8/4320 1007/8/4320
f 1014/2/4321 1013/2/4321 1007/2/4321
f 978/8/4322 968/8/4322 993/8/4322
f 1009/8/4323 997/8/4323 1016/8/4323
f 1010/8/4324 996/8/4324 997/8/4324
f 996/8/4325 1010/8/4325 1011/8/4325
f 999/8/4326 1000/8/4326 1011/8/4326
f 1001/8/4327 1012/8/4327 1033/8/4327
f 1005/8/4328 1006/8/4328 1013/8/4328
f 1028/8/4329 1024/8/4329 1023/8/4329
f 1012/8/4330 1001/8/4330 998/8/4330
f 988/2/4331 989/2/4331 969/2/4331
f 991/2/4332 1019/2/4332 988/2/4332
f 973/2/4333 990/2/4333 1019/2/4333
f 985/2/4334 1032/2/4334 1021/2/4334
f 1004/8/4335 968/8/4335 1021/8/4335
f 1051/2/4336 1052/2/4336 1049/2/4336
f 1024/8/4337 1005/8/4337 1014/8/4337
f 1025/8/4338 1026/8/4338 1013/8/4338
f 1013/2/4339 1026/2/4339 1027/2/4339
f 998/8/4340 1028/8/4340 1030/8/4340
f 1054/2/4341 1048/2/4341 1050/2/4341
f 970/8/4342 979/8/4342 1031/8/4342
f 1029/8/4343 1033/8/4343 1026/8/4343
f 1033/2/4344 1034/2/4344 1027/2/4344
f 991/2/4345 1038/2/4345 1036/2/4345
f 991/2/4346 981/2/4346 1039/2/4346
f 982/2/4347 1037/2/4347 1039/2/4347
f 969/2/4348 973/2/4348 1036/2/4348
f 982/2/4349 983/2/4349 1041/2/4349
f 983/2/4350 1002/2/4350 1042/2/4350
f 1002/2/4351 969/2/4351 1040/2/4351
f 978/2/4352 1010/2/4352 1043/2/4352
f 1009/2/4353 1045/2/4353 1043/2/4353
f 1009/2/4354 987/2/4354 1046/2/4354
f 978/2/4355 1044/2/4355 1046/2/4355
f 1030/2/4356 1023/2/4356 1047/2/4356
f 1022/2/4357 1031/2/4357 1050/2/4357
f 1023/2/4358 1014/2/4358 1051/2/4358
f 1014/2/4359 1004/2/4359 1052/2/4359
f 1022/2/4360 1049/2/4360 1052/2/4360
f 1015/2/4361 1054/2/4361 1053/2/4361
f 1030/2/4362 1048/2/4362 1054/2/4362
f 1031/2/4363 979/2/4363 1053/2/4363
f 1024/8/4364 1025/8/4364 1006/8/4364
f 1025/8/4365 1024/8/4365 1028/8/4365
f 1029/8/4366 1028/8/4366 998/8/4366
f 996/8/4367 1017/8/4367 1016/8/4367
f 999/8/4368 1016/8/4368 1017/8/4368
f 1003/8/4369 976/8/4369 977/8/4369
f 963/2/4370 1055/2/4370 1056/2/4370
f 965/2/4371 1057/2/4371 1058/2/4371
f 962/2/4372 1056/2/4372 1059/2/4372
f 965/2/4373 967/2/4373 1060/2/4373
f 963/2/4374 964/2/4374 1058/2/4374
f 967/2/4375 966/2/4375 1059/2/4375
f 1055/2/4376 1061/2/4376 1062/2/4376
f 1058/2/4377 1057/2/4377 1064/2/4377
f 1056/2/4378 1062/2/4378 1066/2/4378
f 1060/2/4379 1067/2/4379 1064/2/4379
f 1058/2/4380 1065/2/4380 1061/2/4380
f 1060/2/4381 1059/2/4381 1066/2/4381
f 1068/2/1106 1069/2/1106 1079/2/1106
f 1070/2/1107 1086/2/1107 1087/2/1107
f 1077/2/1108 1078/2/1108 1075/2/1108
f 1069/2/2740 1075/2/2740 1078/2/2740
f 1068/2/4382 1076/2/4382 1077/2/4382
f 1093/2/4383 1092/2/4383 1094/2/4383
f 1096/2/4384 1098/2/4384 1099/2/4384
f 1071/2/1107 1073/2/1107 1081/2/1107
f 1080/2/4385 1081/2/4385 1083/2/4385
f 1082/2/1118 1083/2/1118 1085/2/1118
f 1085/2/1119 1083/2/1119 1078/2/1119
f 1076/2/1120 1079/2/1120 1082/2/1120
f 1086/2/4386 1084/2/4386 1085/2/4386
f 1068/2/1124 1074/2/1124 1088/2/1124
f 1074/2/1125 1075/2/1125 1090/2/1125
f 1069/2/1126 1091/2/1126 1090/2/1126
f 1068/2/1127 1089/2/1127 1091/2/1127
f 1077/2/4387 1076/2/4387 1092/2/4387
f 1070/2/4388 1094/2/4388 1092/2/4388
f 1072/2/4389 1095/2/4389 1094/2/4389
f 1072/2/4390 1077/2/4390 1093/2/4390
f 1078/2/4391 1096/2/4391 1097/2/4391
f 1073/2/4392 1098/2/4392 1096/2/4392
f 1073/2/4393 1071/2/4393 1099/2/4393
f 1071/2/4394 1079/2/4394 1097/2/4394
f 1128/6/1136 1100/6/1136 1101/6/1136
f 1118/2/1137 1119/2/1137 1104/2/1137
f 1129/6/1138 1130/6/1138 1107/6/1138
f 1101/6/4395 1107/6/4395 1130/6/4395
f 1100/6/4396 1128/6/4396 1129/6/4396
f 1120/2/4397 1122/2/4397 1123/2/4397
f 1125/2/4398 1124/2/4398 1126/2/4398
f 1103/2/1137 1105/2/1137 1113/2/1137
f 1112/2/4399 1113/2/4399 1115/2/4399
f 1114/2/1148 1115/2/1148 1117/2/1148
f 1117/2/1149 1115/2/1149 1110/2/1149
f 1108/2/1150 1111/2/1150 1114/2/1150
f 1118/2/2755 1116/2/2755 1117/2/2755
f 1106/6/1126 1090/6/1126 1091/6/1126
f 1106/6/1154 1107/6/1154 1088/6/1154
f 1107/6/1124 1101/6/1124 1089/6/1124
f 1100/6/1155 1091/6/1155 1089/6/1155
f 1109/2/4400 1108/2/4400 1120/2/4400
f 1102/2/4401 1122/2/4401 1120/2/4401
f 1104/2/1158 1123/2/1158 1122/2/1158
f 1104/2/4402 1109/2/4402 1121/2/4402
f 1110/2/4403 1124/2/4403 1125/2/4403
f 1105/2/4404 1126/2/4404 1124/2/4404
f 1105/2/1162 1103/2/1162 1127/2/1162
f 1103/2/4405 1111/2/4405 1125/2/4405
f 1129/2/4406 1128/2/4406 1108/2/4406
f 1130/2/1165 1129/2/1165 1109/2/1165
f 1130/2/4407 1110/2/4407 1111/2/4407
f 1131/6/1167 1133/6/1167 1132/6/1167
f 1132/2/1167 1133/2/1167 1111/2/1167
f 1143/2/1168 1144/2/1168 1145/2/1168
f 1143/2/1169 1146/2/1169 1147/2/1169
f 1146/2/1170 1148/2/1170 1149/2/1170
f 1134/2/1171 1138/2/1171 1139/2/1171
f 1140/2/1172 1136/2/1172 1135/2/1172
f 1136/2/1173 1140/2/1173 1141/2/1173
f 1134/2/4408 1135/2/4408 1143/2/4408
f 1138/2/4409 1145/2/4409 1144/2/4409
f 1154/2/4410 1156/2/4410 1157/2/4410
f 1143/2/4411 1135/2/4411 1136/2/4411
f 1144/2/4412 1147/2/4412 1140/2/4412
f 1137/2/4413 1148/2/4413 1146/2/4413
f 1151/2/4414 1152/2/4414 1153/2/4414
f 1141/2/4415 1140/2/4415 1147/2/4415
f 1137/2/1182 1141/2/1182 1151/2/1182
f 1149/2/4416 1152/2/4416 1151/2/4416
f 1148/2/1184 1153/2/1184 1152/2/1184
f 1148/2/4417 1137/2/4417 1150/2/4417
f 1138/2/1186 1134/2/1186 1154/2/1186
f 1142/2/1187 1156/2/1187 1154/2/1187
f 1145/2/1188 1157/2/1188 1156/2/1188
f 1145/2/1189 1138/2/1189 1155/2/1189
f 1179/7/1190 1180/7/1190 1234/7/1190
f 1181/7/1191 1235/7/1191 1234/7/1191
f 1179/7/1192 1233/7/1192 1255/7/1192
f 1183/7/1193 1182/7/1193 1236/7/1193
f 1184/7/4418 1185/7/4418 1180/7/4418
f 1181/7/4419 1180/7/4419 1185/7/4419
f 1187/7/1196 1188/7/1196 1242/7/1196
f 1201/7/4420 1202/7/4420 1184/7/4420
f 1182/7/4421 1183/7/4421 1190/7/4421
f 1192/7/1199 1191/7/1199 1245/7/1199
f 1159/2/4422 1158/2/4422 1211/2/4422
f 1158/2/4423 1203/2/4423 1204/2/4423
f 1176/2/1204 1230/2/1204 1229/2/1204
f 1193/2/4424 1163/2/4424 1196/2/4424
f 1164/2/4425 1198/2/4425 1199/2/4425
f 1163/2/4426 1204/2/4426 1205/2/4426
f 1191/7/1210 1183/7/1210 1237/7/1210
f 1183/7/4427 1191/7/4427 1192/7/4427
f 1181/7/1212 1187/7/1212 1241/7/1212
f 1186/7/4428 1188/7/4428 1187/7/4428
f 1176/2/1214 1167/2/1214 1221/2/1214
f 1165/2/4429 1177/2/4429 1175/2/4429
f 1165/2/4430 1199/2/4430 1200/2/4430
f 1167/2/4431 1176/2/4431 1178/2/4431
f 1184/7/4432 1158/7/4432 1159/7/4432
f 1188/7/1220 1175/7/1220 1229/7/1220
f 1158/7/4433 1184/7/4433 1202/7/4433
f 1162/7/4434 1161/7/4434 1189/7/4434
f 1192/7/1223 1246/7/1223 1227/7/1223
f 1173/7/4435 1162/7/4435 1190/7/4435
f 1175/7/4436 1188/7/4436 1186/7/4436
f 1168/1/1226 1222/1/1226 1226/1/1226
f 1168/1/1227 1174/1/1227 1228/1/1227
f 1206/1/1228 1260/1/1228 1223/1/1228
f 1169/1/1229 1223/1/1229 1248/1/1229
f 1167/1/1230 1171/1/1230 1225/1/1230
f 1170/1/1231 1224/1/1231 1225/1/1231
f 1170/1/1233 1194/1/1233 1248/1/1233
f 1193/7/4437 1197/7/4437 1198/7/4437
f 1174/2/1235 1173/2/1235 1227/2/1235
f 1162/2/1236 1173/2/1236 1174/2/1236
f 1195/2/4438 1162/2/4438 1168/2/4438
f 1196/2/4439 1205/2/4439 1206/2/4439
f 1197/2/4440 1196/2/4440 1169/2/4440
f 1197/7/4441 1194/7/4441 1170/7/4441
f 1198/2/4442 1170/2/4442 1171/2/4442
f 1199/2/4443 1171/2/4443 1178/2/4443
f 1182/7/4444 1189/7/4444 1202/7/4444
f 1203/7/4445 1202/7/4445 1189/7/4445
f 1203/2/4446 1161/2/4446 1166/2/4446
f 1204/2/4447 1166/2/4447 1195/2/4447
f 1205/2/4448 1195/2/4448 1172/2/4448
f 1206/1/1228 1172/1/1228 1226/1/1228
f 1201/7/1248 1255/7/1248 1236/7/1248
f 1160/2/4449 1207/2/4449 1164/2/4449
f 1209/7/1200 1211/7/1200 1210/7/1200
f 1210/2/1200 1163/2/1200 1193/2/1200
f 1211/2/4450 1158/2/4450 1163/2/4450
f 1207/7/1251 1209/7/1251 1208/7/1251
f 1207/7/4451 1160/7/4451 1186/7/4451
f 1234/7/4452 1239/7/4452 1238/7/4452
f 1235/7/4453 1240/7/4453 1239/7/4453
f 1238/7/4454 1256/7/4454 1255/7/4454
f 1236/7/4455 1243/7/4455 1244/7/4455
f 1213/2/4456 1263/2/4456 1265/2/4456
f 1212/2/4457 1217/2/4457 1258/2/4457
f 1250/2/4458 1217/2/4458 1247/2/4458
f 1253/2/4459 1252/2/4459 1218/2/4459
f 1217/2/4460 1250/2/4460 1259/2/4460
f 1246/7/4461 1245/7/4461 1237/7/4461
f 1241/7/4462 1242/7/4462 1240/7/4462
f 1229/2/4463 1231/2/4463 1219/2/4463
f 1219/2/4464 1231/2/4464 1254/2/4464
f 1232/2/4465 1230/2/4465 1221/2/4465
f 1238/7/4466 1239/7/4466 1213/7/4466
f 1256/7/4467 1238/7/4467 1212/7/4467
f 1216/7/4468 1244/7/4468 1243/7/4468
f 1227/7/4469 1246/7/4469 1244/7/4469
f 1240/7/4470 1242/7/4470 1229/7/4470
f 1252/7/4471 1251/7/4471 1247/7/4471
f 1228/2/1280 1227/2/1280 1216/2/1280
f 1249/2/4472 1226/2/4472 1222/2/4472
f 1250/2/4473 1223/2/4473 1260/2/4473
f 1223/2/4474 1250/2/4474 1251/2/4474
f 1224/7/4475 1248/7/4475 1251/7/4475
f 1225/2/4476 1224/2/4476 1252/2/4476
f 1232/2/4477 1225/2/4477 1253/2/4477
f 1256/7/4478 1243/7/4478 1236/7/4478
f 1243/7/4479 1256/7/4479 1257/7/4479
f 1220/2/4480 1215/2/4480 1257/2/4480
f 1249/2/4481 1220/2/4481 1258/2/4481
f 1226/2/4482 1249/2/4482 1259/2/4482
f 1214/2/4483 1219/2/4483 1218/2/4483
f 1263/7/4456 1262/7/4456 1264/7/4456
f 1264/2/1295 1262/2/1295 1247/2/1295
f 1265/2/1295 1264/2/1295 1217/2/1295
f 1262/7/1297 1263/7/1297 1261/7/1297
f 1240/7/4484 1214/7/4484 1261/7/4484
f 1297/2/4485 1359/2/4485 1360/2/4485
f 1320/1/4486 1321/1/4486 1366/1/4486
f 1296/2/4487 1297/2/4487 1275/2/4487
f 1278/2/4488 1283/2/4488 1282/2/4488
f 1274/2/4489 1363/2/4489 1364/2/4489
f 1325/1/4490 1326/1/4490 1327/1/4490
f 1277/2/4491 1278/2/4491 1369/2/4491
f 1274/2/4492 1279/2/4492 1282/2/4492
f 1277/2/4493 1270/2/4493 1283/2/4493
f 1270/2/4494 1272/2/4494 1282/2/4494
f 1383/2/4495 1382/2/4495 1384/2/4495
f 1362/2/4496 1286/2/4496 1287/2/4496
f 1287/2/4497 1286/2/4497 1292/2/4497
f 1371/2/4498 1372/2/4498 1290/2/4498
f 1290/2/4499 1294/2/4499 1295/2/4499
f 1286/2/4500 1362/2/4500 1363/2/4500
f 1372/2/4501 1373/2/4501 1276/2/4501
f 1361/2/4502 1287/2/4502 1275/2/4502
f 1370/2/4503 1371/2/4503 1291/2/4503
f 1274/2/4504 1272/2/4504 1292/2/4504
f 1287/2/4505 1293/2/4505 1266/2/4505
f 1290/2/4506 1276/2/4506 1267/2/4506
f 1277/2/4507 1291/2/4507 1295/2/4507
f 1276/2/4508 1300/2/4508 1299/2/4508
f 1374/2/4509 1300/2/4509 1276/2/4509
f 1285/2/4510 1304/2/4510 1303/2/4510
f 1284/2/4511 1305/2/4511 1304/2/4511
f 1284/2/1328 1268/2/1328 1302/2/1328
f 1289/2/4512 1308/2/4512 1307/2/4512
f 1289/2/1331 1288/2/1331 1309/2/1331
f 1288/2/4513 1271/2/4513 1306/2/4513
f 1271/2/4514 1281/2/4514 1310/2/4514
f 1326/1/4515 1323/1/4515 1322/1/4515
f 1273/2/4516 1303/2/4516 1311/2/4516
f 1299/2/4517 1295/2/4517 1294/2/4517
f 1278/2/4518 1279/2/4518 1313/2/4518
f 1364/2/4519 1365/2/4519 1313/2/4519
f 1369/2/4520 1278/2/4520 1312/2/4520
f 1317/2/4521 1316/2/4521 1303/2/4521
f 1310/2/4522 1318/2/4522 1317/2/4522
f 1311/2/4523 1303/2/4523 1316/2/4523
f 1280/2/4524 1311/2/4524 1319/2/4524
f 1281/2/4525 1315/2/4525 1318/2/4525
f 1320/2/4526 1312/2/4526 1313/2/4526
f 1313/2/4527 1365/2/4527 1366/2/4527
f 1312/2/4528 1320/2/4528 1367/2/4528
f 1325/2/4529 1324/2/4529 1316/2/4529
f 1317/2/4530 1318/2/4530 1326/2/4530
f 1316/2/4531 1324/2/4531 1327/2/4531
f 1314/2/4532 1319/2/4532 1327/2/4532
f 1315/2/4533 1323/2/4533 1326/2/4533
f 1347/6/4534 1348/6/4534 1349/6/4534
f 1355/6/4535 1348/6/4535 1347/6/4535
f 1300/2/4536 1329/2/4536 1328/2/4536
f 1297/2/4537 1296/2/4537 1331/2/4537
f 1359/3/4538 1297/3/4538 1330/3/4538
f 1374/6/4539 1375/6/4539 1329/6/4539
f 1328/2/4540 1329/2/4540 1335/2/4540
f 1331/2/4541 1337/2/4541 1336/2/4541
f 1358/3/4542 1330/3/4542 1336/3/4542
f 1375/6/4543 1352/6/4543 1335/6/4543
f 1334/6/4544 1295/6/4544 1299/6/4544
f 1387/6/4545 1386/6/4545 1384/6/4545
f 1376/6/4546 1377/6/4546 1378/6/4546
f 1381/6/4547 1380/6/4547 1376/6/4547
f 1301/6/4548 1307/6/4548 1339/6/4548
f 1338/6/4549 1302/6/4549 1298/6/4549
f 1339/6/4550 1306/6/4550 1303/6/4550
f 1335/6/4551 1341/6/4551 1340/6/4551
f 1336/6/4552 1337/6/4552 1343/6/4552
f 1337/6/1377 1334/6/1377 1340/6/1377
f 1357/6/4553 1336/6/4553 1342/6/4553
f 1335/6/4554 1352/6/4554 1353/6/4554
f 1338/6/4555 1344/6/4555 1345/6/4555
f 1341/6/4556 1347/6/4556 1346/6/4556
f 1342/6/4557 1343/6/4557 1349/6/4557
f 1343/6/1383 1340/6/1383 1346/6/1383
f 1342/6/4558 1348/6/4558 1355/6/4558
f 1341/6/4559 1353/6/4559 1354/6/4559
f 1344/6/1386 1350/6/1386 1351/6/1386
f 1352/6/4560 1339/6/4560 1345/6/4560
f 1353/6/4561 1345/6/4561 1351/6/4561
f 1350/6/4562 1355/6/4562 1354/6/4562
f 1356/6/4563 1355/6/4563 1350/6/4563
f 1357/6/4564 1356/6/4564 1344/6/4564
f 1332/3/4565 1358/3/4565 1357/3/4565
f 1298/3/4566 1359/3/4566 1358/3/4566
f 1360/2/4567 1359/2/4567 1298/2/4567
f 1284/2/4568 1361/2/4568 1360/2/4568
f 1285/2/4569 1362/2/4569 1361/2/4569
f 1362/2/4570 1285/2/4570 1273/2/4570
f 1363/2/4571 1273/2/4571 1280/2/4571
f 1365/2/4572 1364/2/4572 1280/2/4572
f 1365/2/4573 1314/2/4573 1322/2/4573
f 1367/1/4574 1366/1/4574 1322/1/4574
f 1368/2/4575 1367/2/4575 1323/2/4575
f 1281/2/4576 1369/2/4576 1368/2/4576
f 1370/2/4577 1369/2/4577 1281/2/4577
f 1371/2/4578 1370/2/4578 1271/2/4578
f 1288/2/4579 1289/2/4579 1372/2/4579
f 1373/2/4580 1372/2/4580 1289/2/4580
f 1301/2/4581 1374/2/4581 1373/2/4581
f 1375/6/4582 1374/6/4582 1301/6/4582
f 1352/6/1410 1375/6/1410 1333/6/1410
f 1272/6/4583 1377/6/4583 1376/6/4583
f 1272/6/1412 1270/6/1412 1378/6/1412
f 1270/6/1413 1295/6/1413 1379/6/1413
f 1337/6/4584 1380/6/4584 1381/6/4584
f 1382/6/1415 1376/6/1415 1380/6/1415
f 1334/6/1416 1381/6/1416 1379/6/1416
f 1293/2/1417 1292/2/1417 1382/2/1417
f 1266/2/4585 1385/2/4585 1384/2/4585
f 1293/2/1419 1383/2/1419 1385/2/1419
f 1337/6/1420 1331/6/1420 1386/6/1420
f 1331/6/1421 1296/6/1421 1384/6/1421
f 1389/7/4586 1399/7/4586 1396/7/4586
f 1394/7/4587 1397/7/4587 1398/7/4587
f 1398/7/4588 1395/7/4588 1403/7/4588
f 1403/7/4589 1402/7/4589 1394/7/4589
f 1395/7/4590 1398/7/4590 1399/7/4590
f 1394/7/4591 1388/7/4591 1396/7/4591
f 1397/7/1431 1392/7/1431 1400/7/1431
f 1400/7/1431 1401/7/1431 1393/7/1431
f 1393/7/1431 1398/7/1431 1397/7/1431
f 1399/7/1433 1391/7/1433 1390/7/1433
f 1390/7/1434 1391/7/1434 1401/7/1434
f 1388/7/1437 1402/7/1437 1403/7/1437
f 1407/6/4592 1406/6/4592 1404/6/4592
f 1408/6/4593 1409/6/4593 1407/6/4593
f 1410/6/4594 1411/6/4594 1408/6/4594
f 1414/2/4595 1413/2/4595 1404/2/4595
f 1412/2/4596 1415/2/4596 1414/2/4596
f 1413/2/4597 1416/2/4597 1417/2/4597
f 1414/2/4598 1419/2/4598 1418/2/4598
f 1420/2/4599 1419/2/4599 1414/2/4599
f 1418/2/4600 1421/2/4600 1416/2/4600
f 1416/2/4601 1421/2/4601 1422/2/4601
f 1424/2/4602 1423/2/4602 1419/2/4602
f 1426/2/4603 1425/2/4603 1423/2/4603
f 1429/2/4604 1430/2/4604 1428/2/4604
f 1467/2/4605 1466/2/4605 1465/2/4605
f 1422/2/4606 1431/2/4606 1432/2/4606
f 1404/2/4607 1417/2/4607 1432/2/4607
f 1434/6/4608 1405/6/4608 1404/6/4608
f 1410/6/4609 1405/6/4609 1434/6/4609
f 1436/6/1460 1437/6/1460 1409/6/1460
f 1438/6/1461 1436/6/1461 1408/6/1461
f 1415/2/4610 1440/2/4610 1441/2/4610
f 1441/2/4611 1442/2/4611 1424/2/4611
f 1442/2/4612 1443/2/4612 1426/2/4612
f 1439/2/4613 1444/2/4613 1429/2/4613
f 1617/6/4614 1618/6/4614 1619/6/4614
f 1619/6/4615 1621/6/4615 1622/6/4615
f 1436/6/1469 1446/6/1469 1447/6/1469
f 1438/6/4616 1448/6/4616 1446/6/4616
f 1447/6/4617 1505/6/4617 1504/6/4617
f 1595/6/4618 1596/6/4618 1597/6/4618
f 1596/6/4619 1598/6/4619 1599/6/4619
f 1445/2/4620 1452/2/4620 1450/2/4620
f 1446/6/4621 1453/6/4621 1454/6/4621
f 1448/6/4622 1455/6/4622 1453/6/4622
f 1454/6/4623 1506/6/4623 1505/6/4623
f 1601/6/4624 1602/6/4624 1595/6/4624
f 1602/6/4625 1603/6/4625 1596/6/4625
f 1604/2/4626 1605/2/4626 1606/2/4626
f 1449/2/4627 1456/2/4627 1458/2/4627
f 1452/2/4628 1459/2/4628 1457/2/4628
f 1460/2/4629 1461/2/4629 1412/2/4629
f 1461/2/4630 1462/2/4630 1415/2/4630
f 1462/2/4631 1463/2/4631 1430/2/4631
f 1430/2/4632 1463/2/4632 1460/2/4632
f 1464/2/4633 1465/2/4633 1461/2/4633
f 1465/2/4634 1466/2/4634 1462/2/4634
f 1462/2/4635 1466/2/4635 1467/2/4635
f 1463/2/4636 1467/2/4636 1464/2/4636
f 1410/6/4637 1468/6/4637 1469/6/4637
f 1435/6/4638 1470/6/4638 1468/6/4638
f 1469/6/1496 1471/6/1496 1438/6/1496
f 1471/6/1497 1472/6/1497 1448/6/1497
f 1472/6/4639 1473/6/4639 1455/6/4639
f 1480/6/1599 1483/6/1599 1482/6/1599
f 1481/6/4640 1482/6/4640 1485/6/4640
f 1485/6/4641 1487/6/4641 1486/6/4641
f 1474/6/4642 1475/6/4642 1469/6/4642
f 1470/6/4643 1476/6/4643 1474/6/4643
f 1469/6/4644 1475/6/4644 1477/6/4644
f 1471/6/4645 1477/6/4645 1478/6/4645
f 1478/6/4646 1479/6/4646 1473/6/4646
f 1492/6/4647 1491/6/4647 1475/6/4647
f 1493/6/4648 1492/6/4648 1474/6/4648
f 1491/6/4649 1490/6/4649 1477/6/4649
f 1490/6/4650 1489/6/4650 1478/6/4650
f 1489/6/1512 1488/6/1512 1479/6/1512
f 1486/6/1512 1487/6/1512 1488/6/1512
f 1484/6/4651 1486/6/4651 1489/6/4651
f 1481/6/4652 1484/6/4652 1490/6/4652
f 1480/6/4653 1481/6/4653 1491/6/4653
f 1483/6/4654 1480/6/4654 1492/6/4654
f 1422/2/4655 1421/2/4655 1418/2/4655
f 1423/2/4656 1495/2/4656 1494/2/4656
f 1425/2/4657 1496/2/4657 1495/2/4657
f 1422/2/4658 1498/2/4658 1497/2/4658
f 1494/2/4659 1498/2/4659 1422/2/4659
f 1495/2/1522 1500/2/1522 1499/2/1522
f 1496/2/4660 1501/2/4660 1500/2/4660
f 1498/2/1524 1503/2/1524 1502/2/1524
f 1494/2/1525 1499/2/1525 1503/2/1525
f 1427/6/4661 1428/6/4661 1407/6/4661
f 1504/6/4662 1439/6/4662 1427/6/4662
f 1449/6/4663 1439/6/4663 1504/6/4663
f 1456/6/4664 1449/6/4664 1505/6/4664
f 1440/2/4665 1507/2/4665 1508/2/4665
f 1508/2/4666 1509/2/4666 1442/2/4666
f 1442/2/4667 1509/2/4667 1510/2/4667
f 1511/2/4668 1507/2/4668 1450/2/4668
f 1604/2/4669 1607/2/4669 1598/2/4669
f 1603/2/4670 1605/2/4670 1604/2/4670
f 1512/6/4671 1514/6/4671 1515/6/4671
f 1515/6/4672 1517/6/4672 1516/6/4672
f 1516/6/4673 1519/6/4673 1518/6/4673
f 1512/2/4674 1521/2/4674 1522/2/4674
f 1514/2/4675 1522/2/4675 1523/2/4675
f 1525/2/4676 1524/2/4676 1521/2/4676
f 1522/2/4677 1521/2/4677 1526/2/4677
f 1522/2/4678 1527/2/4678 1528/2/4678
f 1521/2/4679 1524/2/4679 1529/2/4679
f 1524/2/4680 1525/2/4680 1530/2/4680
f 1527/2/4681 1531/2/4681 1532/2/4681
f 1531/2/4682 1533/2/4682 1534/2/4682
f 1536/2/4683 1538/2/4683 1537/2/4683
f 1561/2/4684 1562/2/4684 1563/2/4684
f 1432/2/4685 1431/2/4685 1530/2/4685
f 1433/2/4686 1432/2/4686 1525/2/4686
f 1434/6/4687 1433/6/4687 1512/6/4687
f 1434/6/4688 1513/6/4688 1518/6/4688
f 1517/6/1560 1540/6/1560 1539/6/1560
f 1516/6/1561 1539/6/1561 1541/6/1561
f 1523/2/4689 1528/2/4689 1544/2/4689
f 1528/2/4690 1532/2/4690 1545/2/4690
f 1534/2/4691 1546/2/4691 1545/2/4691
f 1537/2/4692 1547/2/4692 1542/2/4692
f 1623/6/4693 1624/6/4693 1625/6/4693
f 1624/6/4694 1627/6/4694 1628/6/4694
f 1539/6/1569 1540/6/1569 1550/6/1569
f 1541/6/4695 1539/6/4695 1549/6/4695
f 1588/6/4696 1589/6/4696 1550/6/4696
f 1608/6/4697 1609/6/4697 1610/6/4697
f 1612/6/4698 1613/6/4698 1610/6/4698
f 1548/2/4699 1543/2/4699 1553/2/4699
f 1549/6/4700 1550/6/4700 1454/6/4700
f 1551/6/4701 1549/6/4701 1453/6/4701
f 1589/6/4702 1506/6/4702 1454/6/4702
f 1614/6/4703 1611/6/4703 1602/6/4703
f 1611/6/4704 1610/6/4704 1603/6/4704
f 1615/2/4705 1616/2/4705 1606/2/4705
f 1554/2/4706 1458/2/4706 1456/2/4706
f 1555/2/4707 1553/2/4707 1457/2/4707
f 1520/2/4708 1557/2/4708 1556/2/4708
f 1523/2/4709 1558/2/4709 1557/2/4709
f 1538/2/4710 1559/2/4710 1558/2/4710
f 1538/2/4711 1536/2/4711 1556/2/4711
f 1557/2/4712 1561/2/4712 1560/2/4712
f 1558/2/4713 1562/2/4713 1561/2/4713
f 1558/2/4714 1559/2/4714 1563/2/4714
f 1559/2/4715 1556/2/4715 1560/2/4715
f 1518/6/4716 1519/6/4716 1565/6/4716
f 1435/6/4717 1518/6/4717 1564/6/4717
f 1541/6/1596 1566/6/1596 1565/6/1596
f 1551/6/4718 1567/6/4718 1566/6/4718
f 1551/6/4719 1455/6/4719 1473/6/4719
f 1572/6/4720 1573/6/4720 1482/6/4720
f 1573/6/4721 1574/6/4721 1485/6/4721
f 1575/6/4722 1487/6/4722 1485/6/4722
f 1565/6/4723 1569/6/4723 1568/6/4723
f 1470/6/4724 1564/6/4724 1568/6/4724
f 1565/6/4725 1566/6/4725 1570/6/4725
f 1566/6/4726 1567/6/4726 1571/6/4726
f 1473/6/4727 1479/6/4727 1571/6/4727
f 1569/6/4728 1578/6/4728 1579/6/4728
f 1568/6/4729 1579/6/4729 1493/6/4729
f 1570/6/4730 1577/6/4730 1578/6/4730
f 1571/6/4731 1576/6/4731 1577/6/4731
f 1479/6/1612 1488/6/1612 1576/6/1612
f 1488/6/1612 1487/6/1612 1575/6/1612
f 1576/6/4732 1575/6/4732 1574/6/4732
f 1577/6/4733 1574/6/4733 1573/6/4733
f 1578/6/4734 1573/6/4734 1572/6/4734
f 1579/6/4735 1572/6/4735 1483/6/4735
f 1526/2/4736 1529/2/4736 1530/2/4736
f 1531/2/4737 1527/2/4737 1580/2/4737
f 1533/2/1619 1531/2/1619 1581/2/1619
f 1530/2/4738 1431/2/4738 1497/2/4738
f 1530/2/4739 1583/2/4739 1580/2/4739
f 1581/2/1622 1580/2/1622 1584/2/1622
f 1582/2/1623 1581/2/1623 1585/2/1623
f 1583/2/1624 1497/2/1624 1502/2/1624
f 1580/2/1625 1583/2/1625 1587/2/1625
f 1515/6/4740 1536/6/4740 1535/6/4740
f 1588/6/4741 1517/6/4741 1535/6/4741
f 1588/6/4742 1542/6/4742 1552/6/4742
f 1589/6/4743 1552/6/4743 1456/6/4743
f 1543/2/4744 1544/2/4744 1591/2/4744
f 1544/2/4745 1545/2/4745 1592/2/4745
f 1545/2/4746 1546/2/4746 1593/2/4746
f 1553/2/4747 1590/2/4747 1511/2/4747
f 1613/2/4748 1616/2/4748 1615/2/4748
f 1603/2/4749 1610/2/4749 1615/2/4749
f 1509/2/4750 1508/2/4750 1594/2/4750
f 1509/2/4751 1597/2/4751 1599/2/4751
f 1507/2/4752 1511/2/4752 1601/2/4752
f 1592/2/4753 1609/2/4753 1608/2/4753
f 1592/2/4754 1593/2/4754 1612/2/4754
f 1590/2/4755 1614/2/4755 1601/2/4755
f 1590/2/4756 1591/2/4756 1608/2/4756
f 1507/2/4757 1600/2/4757 1594/2/4757
f 1429/2/4758 1444/2/4758 1618/2/4758
f 1444/2/4759 1445/2/4759 1619/2/4759
f 1429/2/4760 1617/2/4760 1620/2/4760
f 1440/2/4761 1621/2/4761 1619/2/4761
f 1440/2/4762 1415/2/4762 1622/2/4762
f 1415/2/4763 1430/2/4763 1620/2/4763
f 1537/2/4764 1538/2/4764 1624/2/4764
f 1547/2/4765 1626/2/4765 1625/2/4765
f 1537/2/4766 1623/2/4766 1626/2/4766
f 1523/2/4767 1627/2/4767 1624/2/4767
f 1543/2/4768 1628/2/4768 1627/2/4768
f 1543/2/4769 1548/2/4769 1625/2/4769
f 1640/6/4770 1641/6/4770 1630/6/4770
f 1638/6/4771 1639/6/4771 1634/6/4771
f 1636/6/4772 1639/6/4772 1638/6/4772
f 1636/6/4773 1637/6/4773 1640/6/4773
f 1641/6/4774 1640/6/4774 1637/6/4774
f 1632/6/4775 1634/6/4775 1643/6/4775
f 1633/6/4776 1644/6/4776 1643/6/4776
f 1644/6/4777 1633/6/4777 1635/6/4777
f 1645/6/4778 1635/6/4778 1630/6/4778
f 1641/6/4779 1647/6/4779 1646/6/4779
f 1647/6/4780 1641/6/4780 1629/6/4780
f 1631/6/1676 1649/6/1676 1648/6/1676
f 1648/6/1676 1629/6/1676 1637/6/1676
f 1637/6/1676 1636/6/1676 1631/6/1676
f 1650/6/4781 1649/6/4781 1631/6/4781
f 1642/6/4782 1650/6/4782 1638/6/4782
f 1660/6/4783 1659/6/4783 1658/6/4783
f 1665/6/4784 1658/6/4784 1659/6/4784
f 1652/6/4785 1653/6/4785 1654/6/4785
f 1666/6/4786 1663/6/4786 1653/6/4786
f 1651/6/4787 1657/6/4787 1658/6/4787
f 1659/6/4788 1660/6/4788 1654/6/4788
f 1667/6/4789 1668/6/4789 1669/6/4789
f 1663/6/4790 1664/6/4790 1659/6/4790
f 1658/6/4791 1665/6/4791 1666/6/4791
f 1656/6/4792 1662/6/4792 1661/6/4792
f 1655/6/4793 1661/6/4793 1664/6/4793
f 1661/6/4794 1662/6/4794 1665/6/4794
f 1665/6/4795 1662/6/4795 1656/6/4795
f 1655/6/4796 1663/6/4796 1666/6/4796
f 1660/6/1693 1668/6/1693 1667/6/1693
f 1660/6/4797 1657/6/4797 1669/6/4797
f 1657/6/1695 1651/6/1695 1670/6/1695
f 1654/6/4798 1667/6/4798 1670/6/4798
f 1682/2/4799 1681/2/4799 1680/2/4799
f 1681/2/4800 1684/2/4800 1683/2/4800
f 1683/2/1699 1684/2/1699 1686/2/1699
f 1672/2/4801 1676/2/4801 1675/2/4801
f 1676/2/4802 1672/2/4802 1673/2/4802
f 1673/2/4803 1674/2/4803 1678/2/4803
f 1679/2/4804 1680/2/4804 1672/2/4804
f 1676/2/4805 1681/2/4805 1682/2/4805
f 1688/2/4806 1690/2/4806 1689/2/4806
f 1680/2/4807 1683/2/4807 1673/2/4807
f 1681/2/4808 1676/2/4808 1677/2/4808
f 1683/2/4809 1685/2/4809 1674/2/4809
f 1674/2/4810 1685/2/4810 1686/2/4810
f 1678/2/4811 1686/2/4811 1684/2/4811
f 1675/2/1711 1688/2/1711 1687/2/1711
f 1687/2/4812 1689/2/4812 1679/2/4812
f 1689/2/1713 1690/2/1713 1682/2/1713
f 1682/2/1714 1690/2/1714 1688/2/1714
f 86/3/4813 1700/3/4813 1699/3/4813
f 1701/3/4814 1704/3/4814 1703/3/4814
f 1705/3/4815 1699/3/4815 1700/3/4815
f 1706/3/4816 1703/3/4816 1704/3/4816
f 83/3/4817 1699/3/4817 1691/3/4817
f 1693/3/1720 1700/3/1720 86/3/1720
f 1702/3/4818 1703/3/4818 1694/3/4818
f 1692/3/4819 1704/3/4819 1701/3/4819
f 1702/3/4820 1697/3/4820 1852/3/4820
f 1698/3/4821 1706/3/4821 1700/3/4821
f 1699/3/4822 1705/3/4822 1696/3/4822
f 1696/3/4823 1705/3/4823 1704/3/4823
f 1694/3/4824 1703/3/4824 1706/3/4824
f 101/3/4825 1709/3/4825 1958/3/4825
f 101/3/4826 103/3/4826 1710/3/4826
f 73/3/4827 1691/3/4827 1971/3/4827
f 107/3/4828 111/3/4828 1714/3/4828
f 115/4/4829 1716/4/4829 1714/4/4829
f 115/4/4830 119/4/4830 1718/4/4830
f 119/4/4831 123/4/4831 1720/4/4831
f 123/5/4832 127/5/4832 1722/5/4832
f 1877/6/4833 1880/6/4833 1879/6/4833
f 1868/3/4834 1867/3/4834 1729/3/4834
f 95/3/4835 94/3/4835 1727/3/4835
f 96/3/4836 95/3/4836 1729/3/4836
f 1711/3/4837 1692/3/4837 1695/3/4837
f 1731/3/4838 1734/3/4838 1735/3/4838
f 1888/3/4839 1886/3/4839 1736/3/4839
f 1736/3/4840 97/3/4840 96/3/4840
f 1695/3/4841 1852/3/4841 1851/3/4841
f 1734/3/4842 1851/3/4842 1850/3/4842
f 1886/3/4843 1885/3/4843 1849/3/4843
f 257/3/4844 97/3/4844 1736/3/4844
f 1738/3/4845 1708/3/4845 1709/3/4845
f 1830/3/4846 1964/3/4846 1966/3/4846
f 1971/3/4847 1691/3/4847 1983/3/4847
f 1692/3/4848 1711/3/4848 1972/3/4848
f 1762/4/4849 1761/4/4849 1746/4/4849
f 1761/4/4850 1763/4/4850 1748/4/4850
f 1750/4/4851 1765/4/4851 1764/4/4851
f 1764/4/4852 1766/4/4852 1751/4/4852
f 1753/4/4853 1768/4/4853 1767/4/4853
f 1752/4/4854 1767/4/4854 1769/4/4854
f 1756/4/4855 1771/4/4855 1770/4/4855
f 1770/4/4856 1772/4/4856 1757/4/4856
f 1759/4/4857 1774/4/4857 1773/4/4857
f 1773/4/4858 1775/4/4858 1760/4/4858
f 1777/4/4859 1776/4/4859 1761/4/4859
f 1761/4/4860 1776/4/4860 1778/4/4860
f 1765/4/4861 1780/4/4861 1779/4/4861
f 1764/4/4862 1779/4/4862 1781/4/4862
f 1768/4/4863 1783/4/4863 1782/4/4863
f 1782/4/4864 1784/4/4864 1769/4/4864
f 1771/4/4865 1786/4/4865 1785/4/4865
f 1770/4/4866 1785/4/4866 1787/4/4866
f 1789/4/4867 1788/4/4867 1773/4/4867
f 1773/4/4868 1788/4/4868 1790/4/4868
f 1792/4/4869 1791/4/4869 1776/4/4869
f 1776/4/4870 1791/4/4870 1793/4/4870
f 1780/4/4871 1795/4/4871 1794/4/4871
f 1794/4/4872 1796/4/4872 1781/4/4872
f 1783/4/4873 1798/4/4873 1797/4/4873
f 1797/4/4874 1799/4/4874 1784/4/4874
f 1786/4/4875 1801/4/4875 1800/4/4875
f 1800/4/4876 1802/4/4876 1787/4/4876
f 1804/4/4877 1803/4/4877 1788/4/4877
f 1788/4/4878 1803/4/4878 1805/4/4878
f 1741/3/4879 1748/3/4879 1750/3/4879
f 1742/3/4880 1751/3/4880 1753/3/4880
f 1743/3/4881 1754/3/4881 1756/3/4881
f 1744/3/4882 1757/3/4882 110/3/4882
f 1712/3/4883 1714/3/4883 1759/3/4883
f 1760/3/4884 1715/3/4884 1713/3/4884
f 1715/3/4885 1747/3/4885 1741/3/4885
f 1748/4/4886 1763/4/4886 1765/4/4886
f 1751/4/4887 1766/4/4887 1768/4/4887
f 1754/4/4888 1769/4/4888 1771/4/4888
f 1757/4/4889 1772/4/4889 114/4/4889
f 1716/4/4890 1774/4/4890 1759/4/4890
f 1775/4/4891 1717/4/4891 1715/4/4891
f 1717/4/4892 1762/4/4892 1747/4/4892
f 1763/4/4893 1778/4/4893 1780/4/4893
f 1766/4/4894 1781/4/4894 1783/4/4894
f 1769/4/4895 1784/4/4895 1786/4/4895
f 118/4/4896 114/4/4896 1772/4/4896
f 1718/4/4897 1789/4/4897 1774/4/4897
f 1790/4/4898 1719/4/4898 1717/4/4898
f 1719/4/4899 1777/4/4899 1762/4/4899
f 1793/4/4900 1795/4/4900 1780/4/4900
f 1796/4/4901 1798/4/4901 1783/4/4901
f 1784/4/4902 1799/4/4902 1801/4/4902
f 122/4/4903 118/4/4903 1787/4/4903
f 1718/4/4904 1720/4/4904 1804/4/4904
f 1790/4/4905 1805/4/4905 1721/4/4905
f 1721/4/4906 1792/4/4906 1777/4/4906
f 1806/5/4907 1807/5/4907 1795/5/4907
f 1807/5/4908 1808/5/4908 1798/5/4908
f 1808/5/4909 1809/5/4909 1801/5/4909
f 122/5/4910 1802/5/4910 1809/5/4910
f 1720/5/4911 1722/5/4911 1810/5/4911
f 1810/5/4912 1723/5/4912 1721/5/4912
f 1723/5/4913 1806/5/4913 1792/5/4913
f 1881/6/4914 1884/6/4914 1883/6/4914
f 1725/6/4915 1930/6/4915 1929/6/4915
f 1726/6/4916 1813/6/4916 1866/6/4916
f 1817/6/4917 1812/6/4917 1707/6/4917
f 1738/6/4918 1739/6/4918 1819/6/4918
f 1819/6/4919 1818/6/4919 1923/6/4919
f 1731/6/4920 1820/6/4920 1821/6/4920
f 1822/6/4921 1820/6/4921 1731/6/4921
f 1730/6/4922 1825/6/4922 1823/6/4922
f 1821/6/4923 1825/6/4923 1730/6/4923
f 1820/6/4924 1826/6/4924 1827/6/4924
f 1828/6/222 1829/6/222 1822/6/222
f 1822/6/4925 1829/6/4925 1826/6/4925
f 1824/6/4926 1831/6/4926 1830/6/4926
f 1832/6/4927 1831/6/4927 1824/6/4927
f 1825/6/4928 1833/6/4928 1832/6/4928
f 1821/6/4929 1827/6/4929 1833/6/4929
f 1864/6/4930 1860/6/4930 1861/6/4930
f 1816/6/4931 1828/6/4931 1728/6/4931
f 1826/6/4932 1834/6/4932 1835/6/4932
f 1829/6/232 1828/6/232 1834/6/232
f 1836/6/4933 1830/6/4933 1831/6/4933
f 1837/6/4934 1836/6/4934 1832/6/4934
f 1827/6/4935 1835/6/4935 1837/6/4935
f 1830/6/4936 1838/6/4936 1967/6/4936
f 1835/6/4937 1834/6/4937 1842/6/4937
f 1842/6/4938 1841/6/4938 1839/6/4938
f 1840/6/4939 1838/6/4939 1836/6/4939
f 1835/6/4940 1839/6/4940 1840/6/4940
f 1923/7/4941 1934/7/4941 1933/7/4941
f 1947/1/4942 1946/1/4942 1944/1/4942
f 1950/1/4943 1947/1/4943 1948/1/4943
f 1936/7/4944 1935/7/4944 1932/7/4944
f 1933/7/4945 1934/7/4945 1935/7/4945
f 262/2/4946 257/2/4946 1849/2/4946
f 1851/2/4947 1855/2/4947 1854/2/4947
f 1856/2/4948 1855/2/4948 1851/2/4948
f 1857/2/4949 1694/2/4949 1698/2/4949
f 1693/2/4950 1859/2/4950 1858/2/4950
f 76/2/4951 270/2/4951 1859/2/4951
f 106/3/4952 262/3/4952 1853/3/4952
f 1854/3/4953 1743/3/4953 1744/3/4953
f 1855/3/4954 1742/3/4954 1743/3/4954
f 1741/3/4955 1742/3/4955 1855/3/4955
f 1713/3/4956 1741/3/4956 1856/3/4956
f 1713/3/4957 1857/3/4957 1858/3/4957
f 1712/3/4958 1745/3/4958 1858/3/4958
f 107/3/4959 1712/3/4959 1859/3/4959
f 1733/6/4960 1861/6/4960 1862/6/4960
f 1862/6/1909 1860/6/1909 1828/6/1909
f 1863/6/1910 1861/6/1910 1733/6/1910
f 1860/6/4961 1864/6/4961 1728/6/4961
f 1866/6/4962 1814/6/4962 1724/6/4962
f 1875/3/4963 1870/3/4963 1869/3/4963
f 1857/2/4964 1856/2/4964 1697/2/4964
f 1725/3/4965 1728/3/4965 1867/3/4965
f 1725/3/4966 1868/3/4966 1871/3/4966
f 1870/3/4967 1726/3/4967 1865/3/4967
f 1883/6/4968 1880/6/4968 1877/6/4968
f 1724/3/4969 1871/3/4969 1869/3/4969
f 1863/6/4970 1729/6/4970 1867/6/4970
f 221/6/4971 1872/6/4971 1873/6/4971
f 282/3/4972 93/3/4972 1873/3/4972
f 1727/3/4973 94/3/4973 1876/3/4973
f 282/3/4974 1874/3/4974 1876/3/4974
f 1874/3/4975 1877/3/4975 1878/3/4975
f 1876/3/1928 1878/3/1928 1879/3/1928
f 1875/3/4976 1879/3/4976 1880/3/4976
f 1872/6/4977 1881/6/4977 1882/6/4977
f 1883/6/4978 1884/6/4978 1813/6/4978
f 1882/3/4979 1877/3/4979 1874/3/4979
f 1870/3/4980 1880/3/4980 1883/3/4980
f 1735/3/1893 1850/3/1893 1890/3/1893
f 1892/6/4981 1894/6/4981 1893/6/4981
f 1892/6/4982 1896/6/4982 1895/6/4982
f 1732/3/4983 1889/3/4983 1888/3/4983
f 1735/3/4984 1887/3/4984 1889/3/4984
f 1887/3/4985 1892/3/4985 1891/3/4985
f 1889/3/4986 1891/3/4986 1893/3/4986
f 1888/3/4987 1893/3/4987 1894/3/4987
f 1894/3/4988 1895/3/4988 1885/3/4988
f 1885/3/4989 1895/3/4989 1896/3/4989
f 1890/3/4990 1896/3/4990 1892/3/4990
f 1866/6/4991 1813/6/4991 1884/6/4991
f 309/6/4992 1881/6/4992 1872/6/4992
f 1897/6/4993 310/6/4993 1812/6/4993
f 1898/6/4994 1899/6/4994 1843/6/4994
f 1900/6/4995 1897/6/4995 1817/6/4995
f 1843/6/4996 1899/6/4996 1901/6/4996
f 1901/6/4997 1900/6/4997 1845/6/4997
f 1884/6/4998 1902/6/4998 1898/6/4998
f 317/6/4999 1902/6/4999 1881/6/4999
f 1903/6/5000 318/6/5000 310/6/5000
f 1904/6/5001 1905/6/5001 1899/6/5001
f 1900/6/5002 1906/6/5002 1903/6/5002
f 1914/6/1965 1917/6/1965 1916/6/1965
f 1916/6/1966 1919/6/1966 1918/6/1966
f 1902/6/1967 1907/6/1967 1904/6/1967
f 324/6/1968 1907/6/1968 1902/6/1968
f 325/6/5003 318/6/5003 1903/6/5003
f 1909/6/5004 1910/6/5004 1905/6/5004
f 1906/6/5005 1911/6/5005 1908/6/5005
f 1921/6/5006 1920/6/5006 1916/6/5006
f 1920/6/5007 1922/6/5007 1919/6/5007
f 1907/6/5008 1913/6/5008 1909/6/5008
f 324/6/5009 333/6/5009 1913/6/5009
f 1914/6/1976 1915/6/1976 1901/6/1976
f 1905/6/5010 1917/6/5010 1914/6/5010
f 1901/6/1978 1915/6/1978 1918/6/1978
f 1900/6/345 1918/6/345 1919/6/345
f 1912/6/5011 1920/6/5011 1921/6/5011
f 1921/6/5012 1917/6/5012 1905/6/5012
f 1906/6/5013 1919/6/5013 1922/6/5013
f 1922/6/5014 1920/6/5014 1912/6/5014
f 1845/6/5015 1817/6/5015 1924/6/5015
f 1848/6/5016 1845/6/5016 1925/6/5016
f 1848/6/5017 1926/6/5017 1928/6/5017
f 1814/6/5018 1843/6/5018 1928/6/5018
f 1931/7/5019 1930/7/5019 1815/7/5019
f 1816/7/5020 1929/7/5020 1932/7/5020
f 1927/7/5021 1933/7/5021 1925/7/5021
f 1846/7/5022 1934/7/5022 1923/7/5022
f 1933/7/1996 1936/7/1996 1926/7/1996
f 1847/7/1997 1935/7/1997 1934/7/1997
f 1844/7/1998 1932/7/1998 1935/7/1998
f 1931/7/1999 1928/7/1999 1926/7/1999
f 1814/6/5023 1815/6/5023 1725/6/5023
f 1938/6/5024 1937/6/5024 1819/6/5024
f 1819/6/5025 1937/6/5025 1939/6/5025
f 1939/6/5026 1940/6/5026 1847/6/5026
f 1840/6/5027 1941/6/5027 1938/6/5027
f 1839/6/5028 1942/6/5028 1941/6/5028
f 1940/6/5029 1943/6/5029 1844/6/5029
f 1943/6/5030 1942/6/5030 1839/6/5030
f 1938/6/5031 1945/6/5031 1944/6/5031
f 1937/6/5032 1944/6/5032 1946/6/5032
f 1946/6/5033 1947/6/5033 1940/6/5033
f 1941/6/5034 1948/6/5034 1945/6/5034
f 1949/6/5035 1948/6/5035 1941/6/5035
f 1947/6/5036 1950/6/5036 1943/6/5036
f 1950/6/5037 1949/6/5037 1942/6/5037
f 127/5/5038 371/5/5038 1951/5/5038
f 1953/5/5039 1952/5/5039 1807/5/5039
f 1952/5/5040 1954/5/5040 1808/5/5040
f 1954/5/2018 1955/5/2018 1809/5/2018
f 1955/5/5041 378/5/5041 126/5/5041
f 1722/5/5042 1951/5/5042 1956/5/5042
f 1810/5/5043 1956/5/5043 1957/5/5043
f 1957/5/5044 1953/5/5044 1806/5/5044
f 1960/6/5045 1961/6/5045 1959/6/5045
f 1959/6/2025 1961/6/2025 1962/6/2025
f 1962/6/5046 387/6/5046 99/6/5046
f 218/6/5047 383/6/5047 1960/6/5047
f 1737/3/5048 1707/3/5048 1959/3/5048
f 387/6/5049 1962/6/5049 1961/6/5049
f 1968/6/5050 1970/6/5050 1969/6/5050
f 1819/6/5051 1968/6/5051 1967/6/5051
f 1819/6/5052 1739/6/5052 1963/6/5052
f 1739/3/5053 1709/3/5053 1965/3/5053
f 1709/3/5054 1710/3/5054 1966/3/5054
f 1964/6/5055 1967/6/5055 1969/6/5055
f 1966/6/5056 1969/6/5056 1970/6/5056
f 1970/6/5057 1968/6/5057 1963/6/5057
f 402/3/5058 1975/3/5058 1710/3/5058
f 1988/3/5059 1986/3/5059 1974/3/5059
f 1979/6/5060 1978/6/5060 1976/6/5060
f 1992/6/5061 1976/6/5061 1978/6/5061
f 410/6/5062 1981/6/5062 1980/6/5062
f 1977/6/5063 1976/6/5063 1972/6/5063
f 1978/6/5064 1979/6/5064 1973/6/5064
f 1973/6/5065 1979/6/5065 1977/6/5065
f 1978/6/5066 1974/6/5066 1986/6/5066
f 1976/6/5067 1992/6/5067 1985/6/5067
f 409/6/5068 1980/6/5068 1975/6/5068
f 1971/6/5069 1981/6/5069 410/6/5069
f 1972/3/5070 1985/3/5070 1984/3/5070
f 1990/6/5071 1995/6/5071 1994/6/5071
f 1696/3/5072 1984/3/5072 1983/3/5072
f 1993/6/5073 1997/6/5073 1996/6/5073
f 1740/3/5074 1710/3/5074 1989/3/5074
f 1975/3/5075 1987/3/5075 1989/3/5075
f 1981/6/5076 1971/6/5076 1982/6/5076
f 1981/6/5077 1990/6/5077 1991/6/5077
f 1980/6/5078 1991/6/5078 1987/6/5078
f 1990/6/5079 1992/6/5079 1993/6/5079
f 1985/6/5080 1992/6/5080 1994/6/5080
f 1984/6/5081 1994/6/5081 1995/6/5081
f 1995/6/5082 1990/6/5082 1982/6/5082
f 1987/6/5083 1991/6/5083 1996/6/5083
f 1989/6/5084 1996/6/5084 1997/6/5084
f 1997/6/5085 1993/6/5085 1986/6/5085
f 1824/6/5086 1740/6/5086 1973/6/5086
f 2027/6/5087 2028/6/5087 2029/6/5087
f 2000/2/5088 2025/2/5088 2026/2/5088
f 2006/2/5089 2020/2/5089 2021/2/5089
f 2007/2/5090 2006/2/5090 2002/2/5090
f 2067/2/5091 2066/2/5091 2065/2/5091
f 2005/2/5092 2004/2/5092 2008/2/5092
f 2030/6/5093 2031/6/5093 2032/6/5093
f 2001/2/5094 2071/2/5094 2070/2/5094
f 2011/2/5095 2010/2/5095 2000/2/5095
f 2072/2/5096 2071/2/5096 2001/2/5096
f 2022/2/5097 2015/2/5097 2002/2/5097
f 2015/2/5098 2016/2/5098 2003/2/5098
f 2073/2/5099 2072/2/5099 2005/2/5099
f 2026/2/2095 2007/2/2095 1999/2/2095
f 427/2/5100 458/2/5100 2024/2/5100
f 2020/2/5101 437/2/5101 433/2/5101
f 448/2/5102 2022/2/5102 2021/2/5102
f 2019/2/5103 2023/2/5103 442/2/5103
f 458/2/5104 437/2/5104 2020/2/5104
f 2024/2/5105 2020/2/5105 2006/2/5105
f 2025/2/5106 2006/2/5106 2007/2/5106
f 2024/2/5107 2028/2/5107 2027/2/5107
f 2025/2/2104 2029/2/2104 2028/2/2104
f 2025/2/5108 2000/2/5108 2030/2/5108
f 2010/2/5109 2031/2/5109 2030/2/5109
f 2027/2/5110 2032/2/5110 2023/2/5110
f 2058/6/5111 2061/6/5111 2060/6/5111
f 2035/2/5112 2033/2/5112 2057/2/5112
f 2041/2/5113 2037/2/5113 2052/2/5113
f 2042/2/5114 2038/2/5114 2037/2/5114
f 2065/2/5115 2066/2/5115 2068/2/5115
f 2040/2/5116 2009/2/5116 2008/2/5116
f 2063/6/5117 2062/6/5117 2061/6/5117
f 2036/2/5118 2034/2/5118 2076/2/5118
f 2043/2/5119 2044/2/5119 2033/2/5119
f 2036/2/5120 2075/2/5120 2074/2/5120
f 2037/2/5121 2048/2/5121 2053/2/5121
f 2038/2/5122 2049/2/5122 2048/2/5122
f 2040/2/5123 2074/2/5123 2073/2/5123
f 2034/2/5124 2042/2/5124 2057/2/5124
f 468/2/5125 2050/2/5125 2055/2/5125
f 474/2/5126 478/2/5126 2051/2/5126
f 2052/2/5127 2053/2/5127 487/2/5127
f 481/2/5128 2054/2/5128 2050/2/5128
f 495/2/5129 2055/2/5129 2051/2/5129
f 2041/2/5130 2051/2/5130 2055/2/5130
f 2042/2/5131 2041/2/5131 2056/2/5131
f 2058/2/5132 2059/2/5132 2055/2/5132
f 2059/2/5133 2060/2/5133 2056/2/5133
f 2056/2/5134 2060/2/5134 2061/2/5134
f 2061/2/5135 2062/2/5135 2043/2/5135
f 2054/2/5136 2063/2/5136 2058/2/5136
f 2064/2/5137 2065/2/5137 2008/2/5137
f 2003/2/5138 2067/2/5138 2064/2/5138
f 2016/2/5139 2017/2/5139 2067/2/5139
f 2069/2/5140 2068/2/5140 2038/2/5140
f 2008/2/5141 2065/2/5141 2069/2/5141
f 2068/2/5142 2017/2/5142 2049/2/5142
f 2012/2/5143 2011/2/5143 1998/2/5143
f 2014/2/5144 2013/2/5144 2071/2/5144
f 2018/2/5145 2014/2/5145 2072/2/5145
f 2074/2/5146 2047/2/5146 2018/2/5146
f 2075/2/5147 2046/2/5147 2047/2/5147
f 2033/2/5148 2044/2/5148 2045/2/5148
f 2077/1/5149 2125/1/5149 2124/1/5149
f 2078/1/5150 2124/1/5150 2123/1/5150
f 2079/1/5151 2123/1/5151 2122/1/5151
f 2122/1/5152 2121/1/5152 2081/1/5152
f 2121/1/5153 2120/1/5153 2082/1/5153
f 2120/1/5154 2119/1/5154 2083/1/5154
f 2119/1/5155 2118/1/5155 2084/1/5155
f 2118/1/5156 2127/1/5156 2085/1/5156
f 2085/1/5157 2127/1/5157 2126/1/5157
f 2086/1/5158 2126/1/5158 2125/1/5158
f 2098/1/5159 2097/1/5159 2108/1/5159
f 2110/1/5160 2100/1/5160 2098/1/5160
f 2111/1/5161 2101/1/5161 2100/1/5161
f 2112/1/5162 2102/1/5162 2101/1/5162
f 2103/1/5163 2102/1/5163 2112/1/5163
f 2104/1/5164 2103/1/5164 2113/1/5164
f 2105/1/5165 2104/1/5165 2114/1/5165
f 2116/1/5166 2106/1/5166 2105/1/5166
f 2107/1/2184 2106/1/2184 2116/1/2184
f 2108/1/2185 2097/1/2185 2107/1/2185
f 2109/1/5167 2108/1/5167 2077/1/5167
f 2079/1/5168 2110/1/5168 2109/1/5168
f 2080/1/5169 2111/1/5169 2110/1/5169
f 2112/1/5170 2111/1/5170 2080/1/5170
f 2113/1/5171 2112/1/5171 2081/1/5171
f 2114/1/5172 2113/1/5172 2082/1/5172
f 2115/1/5173 2114/1/5173 2083/1/5173
f 2085/1/5174 2116/1/5174 2115/1/5174
f 2117/1/5175 2116/1/5175 2085/1/5175
f 2108/1/5176 2117/1/5176 2086/1/5176
f 2093/1/5177 2094/1/5177 2118/1/5177
f 2092/1/5178 2093/1/5178 2119/1/5178
f 2091/1/5179 2092/1/5179 2120/1/5179
f 2122/1/5180 2090/1/5180 2091/1/5180
f 2089/1/5181 2090/1/5181 2122/1/5181
f 2124/1/5182 2088/1/5182 2089/1/5182
f 2125/1/5183 2087/1/5183 2088/1/5183
f 2126/1/5184 2096/1/5184 2087/1/5184
f 2127/1/5185 2095/1/5185 2096/1/5185
f 2094/1/5186 2095/1/5186 2127/1/5186
f 2197/7/5187 2196/7/5187 2195/7/5187
f 2157/7/5188 2156/7/5188 2130/7/5188
f 2130/7/5189 2156/7/5189 2190/7/5189
f 2131/6/5190 2155/6/5190 2216/6/5190
f 2226/1/5191 2229/1/5191 2228/1/5191
f 2227/1/5192 2228/1/5192 2231/1/5192
f 2185/7/5193 2153/7/5193 2133/7/5193
f 2133/7/5194 2153/7/5194 2152/7/5194
f 2198/7/5195 2201/7/5195 2200/7/5195
f 2200/7/5196 2197/7/5196 2194/7/5196
f 2169/2/5197 2142/2/5197 2144/2/5197
f 2184/2/5198 2183/2/5198 2141/2/5198
f 2235/1/5199 2234/1/5199 2232/1/5199
f 2236/1/5200 2237/1/5200 2235/1/5200
f 2139/6/5201 2218/6/5201 2217/6/5201
f 2138/2/5202 2192/2/5202 2191/2/5202
f 2149/2/5203 2137/2/5203 2170/2/5203
f 2136/2/5204 2137/2/5204 2149/2/5204
f 2143/2/5205 2136/2/5205 2150/2/5205
f 2142/2/5206 2143/2/5206 2151/2/5206
f 2153/2/5207 2145/2/5207 2144/2/5207
f 2185/2/5208 2184/2/5208 2145/2/5208
f 2233/1/5209 2232/1/5209 2231/1/5209
f 2229/1/5210 2236/1/5210 2233/1/5210
f 2147/6/5211 2217/6/5211 2216/6/5211
f 2148/2/5212 2191/2/5212 2190/2/5212
f 2149/2/5213 2148/2/5213 2156/2/5213
f 2197/2/5214 2203/2/5214 2202/2/5214
f 2204/2/5215 2203/2/5215 2197/2/5215
f 2205/2/5216 2204/2/5216 2200/2/5216
f 2129/2/5217 2159/2/5217 2158/2/5217
f 2130/2/5218 2160/2/5218 2159/2/5218
f 2189/2/5219 2188/2/5219 2160/2/5219
f 2215/6/5220 2214/6/5220 2161/6/5220
f 2227/1/5221 2239/1/5221 2238/1/5221
f 2230/1/5222 2240/1/5222 2239/1/5222
f 2165/2/5223 2187/2/5223 2186/2/5223
f 2166/2/5224 2165/2/5224 2133/2/5224
f 2167/2/5225 2166/2/5225 2134/2/5225
f 2128/2/5226 2158/2/5226 2167/2/5226
f 2168/1/5227 2160/1/5227 2188/1/5227
f 2162/1/5228 2168/1/5228 2161/1/5228
f 2164/1/5229 2168/1/5229 2163/1/5229
f 2168/1/5230 2164/1/5230 2187/1/5230
f 2171/2/5231 2172/2/5231 2137/2/5231
f 2172/2/5232 2173/2/5232 2170/2/5232
f 2174/2/5233 2193/2/5233 2192/2/5233
f 2175/6/5234 2219/6/5234 2218/6/5234
f 2242/1/5235 2241/1/5235 2235/1/5235
f 2241/1/5236 2243/1/5236 2234/1/5236
f 2183/2/5237 2182/2/5237 2178/2/5237
f 2141/2/5238 2178/2/5238 2179/2/5238
f 2180/2/5239 2181/2/5239 2143/2/5239
f 2181/2/5240 2171/2/5240 2136/2/5240
f 2169/2/5241 2179/2/5241 2180/2/5241
f 2173/2/5242 2174/2/5242 2138/2/5242
f 2177/6/5243 2182/6/5243 2183/6/5243
f 2140/6/5244 2183/6/5244 2184/6/5244
f 2146/6/5245 2184/6/5245 2185/6/5245
f 2132/6/5246 2154/6/5246 2185/6/5246
f 2164/6/5247 2132/6/5247 2186/6/5247
f 2161/6/5248 2188/6/5248 2189/6/5248
f 2190/6/5249 2155/6/5249 2131/6/5249
f 2147/6/5250 2155/6/5250 2190/6/5250
f 2139/6/5251 2147/6/5251 2191/6/5251
f 2175/6/5252 2139/6/5252 2192/6/5252
f 2206/7/5253 2209/7/5253 2208/7/5253
f 2129/7/5254 2195/7/5254 2196/7/5254
f 2213/7/5255 2212/7/5255 2211/7/5255
f 2201/7/5256 2198/7/5256 2134/7/5256
f 2211/7/5257 2212/7/5257 2209/7/5257
f 2157/2/5258 2196/2/5258 2202/2/5258
f 2202/2/2297 2203/2/2297 2150/2/2297
f 2203/2/2298 2204/2/2298 2151/2/2298
f 2151/2/2299 2204/2/2299 2205/2/2299
f 2205/2/5259 2201/2/5259 2152/2/5259
f 2207/7/2302 2208/7/2302 2195/7/2302
f 2208/7/5260 2209/7/5260 2194/7/5260
f 2199/7/5261 2212/7/5261 2213/7/5261
f 2198/7/2306 2213/7/2306 2210/7/2306
f 2135/7/2307 2211/7/2307 2206/7/2307
f 2209/7/2308 2212/7/2308 2199/7/2308
f 2238/1/5262 2245/1/5262 2244/1/5262
f 2246/1/5263 2229/1/5263 2226/1/5263
f 2236/1/5264 2229/1/5264 2246/1/5264
f 2237/1/5265 2236/1/5265 2247/1/5265
f 2242/1/5266 2237/1/5266 2248/1/5266
f 2164/6/5267 2220/6/5267 2221/6/5267
f 2154/6/5268 2132/6/5268 2221/6/5268
f 2146/6/5269 2154/6/5269 2222/6/5269
f 2140/6/5270 2146/6/5270 2223/6/5270
f 2177/6/5271 2140/6/5271 2224/6/5271
f 2221/6/5272 2230/6/5272 2231/6/5272
f 2223/6/5273 2232/6/5273 2234/6/5273
f 2231/6/5274 2232/6/5274 2223/6/5274
f 2162/1/5275 2238/1/5275 2239/1/5275
f 2220/6/5276 2240/6/5276 2230/6/5276
f 2234/6/5277 2243/6/5277 2225/6/5277
f 2244/6/5278 2245/6/5278 2214/6/5278
f 2246/6/5279 2244/6/5279 2215/6/5279
f 2217/6/5280 2247/6/5280 2246/6/5280
f 2248/6/5281 2247/6/5281 2217/6/5281
f 2219/6/5282 2249/6/5282 2248/6/5282
f 2262/7/5283 2264/7/5283 2265/7/5283
f 2267/7/5284 2266/7/5284 2268/7/5284
f 2270/7/5285 2267/7/5285 2269/7/5285
f 2272/7/5286 2270/7/5286 2271/7/5286
f 2272/7/5287 2273/7/5287 2264/7/5287
f 2251/7/5288 2250/7/5288 2256/7/5288
f 2259/7/5289 2253/7/5289 2252/7/5289
f 2260/7/5290 2254/7/5290 2253/7/5290
f 2261/7/5291 2255/7/5291 2254/7/5291
f 2250/7/5292 2255/7/5292 2261/7/5292
f 2257/7/5293 2256/7/5293 2262/7/5293
f 2251/7/5294 2265/7/5294 2264/7/5294
f 2251/7/2355 2257/7/2355 2263/7/2355
f 2258/7/5295 2266/7/5295 2267/7/5295
f 2252/7/2357 2268/7/2357 2266/7/2357
f 2252/7/5296 2253/7/5296 2269/7/5296
f 2259/7/5297 2267/7/5297 2270/7/5297
f 2253/7/5298 2254/7/5298 2271/7/5298
f 2261/7/5299 2260/7/5299 2270/7/5299
f 2255/7/5300 2273/7/5300 2271/7/5300
f 2256/7/5301 2261/7/5301 2272/7/5301
f 2250/7/5302 2264/7/5302 2273/7/5302
f 2274/2/5303 2287/2/5303 2286/2/5303
f 2275/2/2366 2276/2/2366 2279/2/2366
f 2277/2/5304 2280/2/5304 2289/2/5304
f 2274/2/2368 2281/2/2368 2280/2/2368
f 2277/2/2369 2288/2/2369 2287/2/2369
f 2275/2/5305 2278/2/5305 2282/2/5305
f 2276/2/2371 2275/2/2371 2283/2/2371
f 2276/2/5306 2284/2/5306 2285/2/5306
f 2301/1/5307 2300/1/5307 2298/1/5307
f 2303/1/5308 2301/1/5308 2299/1/5308
f 2302/1/5309 2305/1/5309 2304/1/5309
f 2287/2/5310 2291/2/5310 2290/2/5310
f 2286/2/5311 2290/2/5311 2292/2/5311
f 2292/2/5312 2293/2/5312 2283/2/5312
f 2288/2/2379 2294/2/2379 2291/2/2379
f 2283/2/2380 2293/2/2380 2295/2/2380
f 2284/2/5313 2295/2/5313 2296/2/5313
f 2296/2/5314 2297/2/5314 2289/2/5314
f 2297/2/5315 2294/2/5315 2288/2/5315
f 2291/2/5316 2299/2/5316 2298/2/5316
f 2298/2/5317 2300/2/5317 2292/2/5317
f 2300/2/5318 2301/2/5318 2293/2/5318
f 2302/2/5319 2299/2/5319 2291/2/5319
f 2293/2/5320 2301/2/5320 2303/2/5320
f 2295/2/5321 2303/2/5321 2304/2/5321
f 2296/2/5322 2304/2/5322 2305/2/5322
f 2305/2/5323 2302/2/5323 2294/2/5323
f 2312/2/5324 2286/2/5324 2282/2/5324
f 2281/2/5325 2286/2/5325 2312/2/5325
f 2310/2/2394 2280/2/2394 2281/2/2394
f 2309/2/5326 2289/2/5326 2280/2/5326
f 2285/2/5327 2289/2/5327 2309/2/5327
f 2279/2/5328 2285/2/5328 2308/2/5328
f 2278/2/2398 2279/2/2398 2307/2/2398
f 2313/2/5329 2282/2/5329 2278/2/5329
f 2315/2/5330 2314/2/5330 2306/2/5330
f 2316/2/5331 2315/2/5331 2307/2/5331
f 2317/2/5332 2316/2/5332 2308/2/5332
f 2318/2/5333 2317/2/5333 2309/2/5333
f 2311/2/2404 2319/2/2404 2318/2/2404
f 2312/2/5334 2320/2/5334 2319/2/5334
f 2313/2/5335 2321/2/5335 2320/2/5335
f 2306/2/5336 2314/2/5336 2321/2/5336
f 2337/1/2408 2354/1/2408 2355/1/2408
f 2356/1/5337 2357/1/5337 2328/1/5337
f 2334/1/2410 2329/1/2410 2325/1/2410
f 2350/1/2411 2351/1/2411 2333/1/2411
f 2353/1/5338 2338/1/5338 2332/1/5338
f 2323/1/2413 2322/1/2413 2355/1/2413
f 2324/1/2414 2340/1/2414 2339/1/2414
f 2326/1/2415 2325/1/2415 2329/1/2415
f 2327/1/5339 2328/1/5339 2357/1/5339
f 2330/1/2417 2329/1/2417 2334/1/2417
f 2333/1/5340 2351/1/5340 2352/1/5340
f 2335/1/2419 2334/1/2419 2339/1/2419
f 2338/1/2420 2353/1/2420 2354/1/2420
f 2336/1/2425 2343/1/2425 2342/1/2425
f 2343/1/2426 2336/1/2426 2335/1/2426
f 2335/1/2427 2341/1/2427 2345/1/2427
f 2346/1/2428 2345/1/2428 2341/1/2428
f 2347/1/2429 2346/1/2429 2340/1/2429
f 2348/1/2430 2347/1/2430 2324/1/2430
f 2326/1/2431 2331/1/2431 2349/1/2431
f 2349/1/5341 2331/1/5341 2330/1/5341
f 2343/1/5342 2351/1/5342 2350/1/5342
f 2352/1/5343 2351/1/5343 2343/1/5343
f 2345/1/2435 2353/1/2435 2352/1/2435
f 2353/1/5344 2345/1/5344 2346/1/5344
f 2355/1/2437 2354/1/2437 2346/1/2437
f 2356/1/5345 2355/1/5345 2347/1/5345
f 2349/1/2439 2357/1/2439 2356/1/2439
f 2357/1/5346 2349/1/5346 2342/1/5346
f 2396/2/5347 2395/2/5347 2359/2/5347
f 2429/2/5348 2360/2/5348 2394/2/5348
f 2394/2/5349 2430/2/5349 2436/2/5349
f 2362/6/5350 2361/6/5350 2437/6/5350
f 2437/6/5351 2393/6/5351 2392/6/5351
f 2362/6/5352 2392/6/5352 2391/6/5352
f 2364/6/5353 2363/6/5353 2391/6/5353
f 2391/6/5354 2390/6/5354 2435/6/5354
f 2365/2/5355 2428/2/5355 2434/2/5355
f 2434/2/5356 2427/2/5356 2389/2/5356
f 2366/2/5357 2388/2/5357 2397/2/5357
f 2397/2/5358 2396/2/5358 2358/2/5358
f 2409/2/5359 2376/2/5359 2378/2/5359
f 2426/2/5360 2425/2/5360 2375/2/5360
f 2381/6/5361 2373/6/5361 2374/6/5361
f 2382/6/5362 2372/6/5362 2373/6/5362
f 2371/6/5363 2372/6/5363 2382/6/5363
f 2370/2/5364 2432/2/5364 2431/2/5364
f 2369/2/5365 2410/2/5365 2384/2/5365
f 2386/2/5366 2368/2/5366 2369/2/5366
f 2377/2/5367 2368/2/5367 2386/2/5367
f 2376/2/5368 2377/2/5368 2387/2/5368
f 2443/2/5369 2440/2/5369 2379/2/5369
f 2439/2/5370 2426/2/5370 2379/2/5370
f 2391/6/5371 2381/6/5371 2380/6/5371
f 2392/6/5372 2382/6/5372 2381/6/5372
f 2383/6/5373 2382/6/5373 2392/6/5373
f 2447/2/5374 2445/2/5374 2430/2/5374
f 2385/2/5375 2450/2/5375 2449/2/5375
f 2386/2/5376 2385/2/5376 2395/2/5376
f 2387/2/5377 2386/2/5377 2396/2/5377
f 2378/2/5378 2387/2/5378 2397/2/5378
f 2399/2/5379 2398/2/5379 2358/2/5379
f 2400/2/5380 2399/2/5380 2359/2/5380
f 2362/6/5381 2402/6/5381 2401/6/5381
f 2403/6/5382 2402/6/5382 2362/6/5382
f 2404/6/5383 2403/6/5383 2363/6/5383
f 2366/2/5384 2406/2/5384 2405/2/5384
f 2367/2/5385 2407/2/5385 2406/2/5385
f 2398/2/5386 2407/2/5386 2367/2/5386
f 2368/2/5387 2411/2/5387 2412/2/5387
f 2412/2/2489 2413/2/2489 2410/2/2489
f 2414/2/5388 2433/2/5388 2432/2/5388
f 2371/6/5389 2415/6/5389 2416/6/5389
f 2372/6/2492 2416/6/2492 2417/6/2492
f 2373/6/2493 2417/6/2493 2418/6/2493
f 2425/2/5390 2424/2/5390 2419/2/5390
f 2419/2/5391 2420/2/5391 2409/2/5391
f 2376/2/2496 2421/2/2496 2422/2/2496
f 2422/2/2497 2411/2/2497 2368/2/2497
f 2420/2/5392 2421/2/5392 2376/2/5392
f 2410/2/5393 2413/2/5393 2414/2/5393
f 2418/6/5394 2424/6/5394 2425/6/5394
f 2380/6/5395 2374/6/5395 2425/6/5395
f 2430/6/5396 2393/6/5396 2437/6/5396
f 2432/6/5397 2371/6/5397 2383/6/5397
f 2415/6/5398 2371/6/5398 2432/6/5398
f 2435/6/5399 2390/6/5399 2427/6/5399
f 2436/6/5400 2437/6/5400 2435/6/5400
f 2437/6/5401 2361/6/5401 2364/6/5401
f 2361/6/5402 2401/6/5402 2404/6/5402
f 2404/6/5403 2401/6/5403 2402/6/5403
f 2438/2/5404 2408/2/5404 2400/2/5404
f 2405/2/5405 2408/2/5405 2438/2/5405
f 2451/6/5406 2454/6/5406 2453/6/5406
f 2427/2/5407 2441/2/5407 2442/2/5407
f 2453/6/5408 2456/6/5408 2455/6/5408
f 2389/2/5409 2442/2/5409 2444/2/5409
f 2444/2/5410 2443/2/5410 2378/2/5410
f 2384/2/5411 2431/2/5411 2446/2/5411
f 2460/6/5412 2459/6/5412 2457/6/5412
f 2458/6/5413 2462/6/5413 2461/6/5413
f 2385/2/5414 2384/2/5414 2448/2/5414
f 2449/2/5415 2447/2/5415 2394/2/5415
f 2441/2/5416 2451/2/5416 2452/2/5416
f 2440/2/5417 2453/2/5417 2454/2/5417
f 2454/6/5418 2451/6/5418 2441/6/5418
f 2452/2/5419 2455/2/5419 2444/2/5419
f 2444/2/5420 2455/2/5420 2456/2/5420
f 2443/2/5421 2456/2/5421 2453/2/5421
f 2458/2/5422 2457/2/5422 2450/2/5422
f 2457/2/5423 2459/2/5423 2449/2/5423
f 2449/2/5424 2459/2/5424 2460/2/5424
f 2460/2/5425 2461/2/5425 2445/2/5425
f 2445/2/5426 2461/2/5426 2462/2/5426
f 2462/2/5427 2458/2/5427 2448/2/5427
f 2390/6/5428 2380/6/5428 2439/6/5428
f 2393/6/5429 2445/6/5429 2446/6/5429
f 2463/7/5430 2520/7/5430 2519/7/5430
f 2488/7/5431 2487/7/5431 2492/7/5431
f 2469/7/5432 2494/7/5432 2508/7/5432
f 2485/7/5433 2463/7/5433 2491/7/5433
f 2516/7/5434 2515/7/5434 2490/7/5434
f 2504/7/5435 2503/7/5435 2472/7/5435
f 2485/7/5436 2484/7/5436 2472/7/5436
f 2472/7/5437 2503/7/5437 2520/7/5437
f 2507/7/5438 2506/7/5438 2471/7/5438
f 2480/7/5439 2467/7/5439 2493/7/5439
f 2471/7/5440 2506/7/5440 2505/7/5440
f 2471/7/5441 2476/7/5441 2477/7/5441
f 2477/7/5442 2478/7/5442 2494/7/5442
f 2511/7/2574 2470/7/2574 2478/7/2574
f 2513/7/5443 2512/7/5443 2478/7/5443
f 2488/7/2578 2480/7/2578 2479/7/2578
f 2481/7/2579 2480/7/2579 2488/7/2579
f 2505/7/2580 2504/7/2580 2484/7/2580
f 2477/7/2581 2476/7/2581 2484/7/2581
f 2485/7/2582 2486/7/2582 2482/7/2582
f 2514/7/2583 2513/7/2583 2482/7/2583
f 2514/7/2586 2486/7/2586 2490/7/2586
f 2518/7/5444 2517/7/5444 2497/7/5444
f 2502/7/5445 2510/7/5445 2509/7/5445
f 2518/7/2593 2495/7/2593 2491/7/2593
f 2495/7/2594 2497/7/2594 2464/7/2594
f 2497/7/2595 2517/7/2595 2516/7/2595
f 2466/7/2596 2498/7/2596 2496/7/2596
f 2494/7/2597 2500/7/2597 2509/7/2597
f 2499/7/2598 2501/7/2598 2468/7/2598
f 2511/7/2599 2510/7/2599 2502/7/2599
f 2470/7/2600 2502/7/2600 2500/7/2600
f 2504/7/5446 2489/7/5446 2473/7/5446
f 2481/7/2604 2489/7/2604 2504/7/2604
f 2474/7/5447 2481/7/5447 2505/7/5447
f 2474/7/5448 2506/7/5448 2507/7/5448
f 2467/7/5449 2507/7/5449 2508/7/5449
f 2499/7/2608 2493/7/2608 2508/7/2608
f 2501/7/5450 2499/7/5450 2509/7/5450
f 2501/7/2610 2510/7/2610 2511/7/2610
f 2468/7/5451 2511/7/5451 2512/7/5451
f 2475/7/2612 2512/7/2612 2513/7/2612
f 2479/7/2613 2513/7/2613 2514/7/2613
f 2487/7/5452 2483/7/5452 2514/7/5452
f 2466/7/2615 2487/7/2615 2515/7/2615
f 2498/7/2616 2466/7/2616 2516/7/2616
f 2498/7/5453 2517/7/5453 2518/7/5453
f 2496/7/5454 2518/7/5454 2519/7/5454
f 2465/7/5455 2492/7/5455 2519/7/5455
f 2473/7/2620 2465/7/2620 2520/7/2620
f 2521/2/5456 2522/2/5456 2542/2/5456
f 2543/2/5457 2544/2/5457 2525/2/5457
f 2525/2/5458 2544/2/5458 2539/2/5458
f 2526/2/5459 2539/2/5459 2540/2/5459
f 2524/2/5460 2540/2/5460 2541/2/5460
f 2522/2/5461 2523/2/5461 2541/2/5461
f 2549/8/5462 2578/8/5462 2534/8/5462
f 2527/8/5463 2545/8/5463 2546/8/5463
f 2591/8/5464 2580/8/5464 2581/8/5464
f 2596/2/5465 2598/2/5465 2597/2/5465
f 2596/2/5466 2595/2/5466 2599/2/5466
f 2543/2/5467 2542/2/5467 2545/2/5467
f 2539/2/5468 2544/2/5468 2529/2/5468
f 2536/8/5469 2547/8/5469 2548/8/5469
f 2532/2/5470 2549/2/5470 2548/2/5470
f 2545/8/5471 2531/8/5471 2551/8/5471
f 2551/8/5472 2531/8/5472 2552/8/5472
f 2594/8/5473 2530/8/5473 2554/8/5473
f 2554/8/5474 2530/8/5474 2529/8/5474
f 2603/2/5475 2605/2/5475 2604/2/5475
f 2609/2/5476 2608/2/5476 2606/2/5476
f 2551/2/5477 2567/2/5477 2568/2/5477
f 2553/2/5478 2570/2/5478 2567/2/5478
f 2593/2/5479 2554/2/5479 2571/2/5479
f 2554/2/5480 2538/2/5480 2574/2/5480
f 2578/8/5481 2547/8/5481 2536/8/5481
f 2553/2/5482 2537/2/5482 2569/2/5482
f 2527/8/5483 2552/8/5483 2566/8/5483
f 2566/2/5484 2572/2/5484 2573/2/5484
f 2537/8/5485 2553/8/5485 2552/8/5485
f 2568/8/5486 2567/8/5486 2575/8/5486
f 2569/8/5487 2568/8/5487 2556/8/5487
f 2570/8/5488 2569/8/5488 2555/8/5488
f 2570/8/5489 2559/8/5489 2558/8/5489
f 2592/8/5490 2571/8/5490 2560/8/5490
f 2572/8/5491 2565/8/5491 2564/8/5491
f 2587/8/5492 2589/8/5492 2582/8/5492
f 2571/8/5493 2574/8/5493 2557/8/5493
f 2547/2/5494 2577/2/5494 2528/2/5494
f 2550/2/5495 2577/2/5495 2547/2/5495
f 2578/2/5496 2549/2/5496 2532/2/5496
f 2544/2/5497 2543/2/5497 2580/2/5497
f 2580/8/5498 2527/8/5498 2563/8/5498
f 2608/2/5499 2611/2/5499 2610/2/5499
f 2583/8/5500 2582/8/5500 2573/8/5500
f 2572/8/5501 2585/8/5501 2584/8/5501
f 2572/2/5502 2566/2/5502 2586/2/5502
f 2589/8/5503 2587/8/5503 2557/8/5503
f 2609/2/5504 2607/2/5504 2613/2/5504
f 2529/8/5505 2591/8/5505 2590/8/5505
f 2585/8/5506 2592/8/5506 2588/8/5506
f 2586/2/5507 2593/2/5507 2592/2/5507
f 2595/2/5508 2597/2/5508 2550/2/5508
f 2550/2/5509 2597/2/5509 2598/2/5509
f 2598/2/5510 2596/2/5510 2541/2/5510
f 2528/2/5511 2599/2/5511 2595/2/5511
f 2541/2/5512 2596/2/5512 2600/2/5512
f 2542/2/5513 2600/2/5513 2601/2/5513
f 2561/2/5514 2601/2/5514 2599/2/5514
f 2537/2/5515 2603/2/5515 2602/2/5515
f 2602/2/5516 2604/2/5516 2568/2/5516
f 2568/2/5517 2604/2/5517 2605/2/5517
f 2605/2/5518 2603/2/5518 2537/2/5518
f 2589/2/5519 2607/2/5519 2606/2/5519
f 2581/2/5520 2608/2/5520 2609/2/5520
f 2582/2/5521 2606/2/5521 2610/2/5521
f 2573/2/5522 2610/2/5522 2611/2/5522
f 2611/2/5523 2608/2/5523 2581/2/5523
f 2612/2/5524 2613/2/5524 2574/2/5524
f 2613/2/5525 2607/2/5525 2589/2/5525
f 2590/2/5526 2609/2/5526 2612/2/5526
f 2565/8/5527 2584/8/5527 2583/8/5527
f 2587/8/5528 2583/8/5528 2584/8/5528
f 2557/8/5529 2587/8/5529 2588/8/5529
f 2555/8/5530 2556/8/5530 2575/8/5530
f 2576/8/5531 2575/8/5531 2558/8/5531
f 2562/8/5532 2534/8/5532 2536/8/5532
f 2615/2/5533 2614/2/5533 2522/2/5533
f 2617/2/5534 2616/2/5534 2524/2/5534
f 2618/2/5535 2615/2/5535 2521/2/5535
f 2524/2/5536 2616/2/5536 2619/2/5536
f 2522/2/5537 2614/2/5537 2617/2/5537
f 2526/2/5538 2619/2/5538 2618/2/5538
f 2621/2/5539 2620/2/5539 2614/2/5539
f 2617/2/5540 2624/2/5540 2623/2/5540
f 2625/2/5541 2621/2/5541 2615/2/5541
f 2623/2/5542 2626/2/5542 2619/2/5542
f 2620/2/5543 2624/2/5543 2617/2/5543
f 2619/2/5544 2626/2/5544 2625/2/5544
f 1076/2/1106 1068/2/1106 1069/2/1106
f 2628/2/1107 1081/2/1107 1080/2/1107
f 2630/2/1109 2629/2/1109 1069/2/1109
f 2632/2/5545 2634/2/5545 2633/2/5545
f 2638/2/5546 2637/2/5546 2635/2/5546
f 1077/2/1119 1085/2/1119 1083/2/1119
f 2630/2/5547 2632/2/5547 2631/2/5547
f 2631/2/5548 2633/2/5548 2627/2/5548
f 2633/2/5549 2634/2/5549 2628/2/5549
f 2628/2/5550 2634/2/5550 2632/2/5550
f 2636/2/5551 2635/2/5551 1077/2/5551
f 2635/2/5552 2637/2/5552 1072/2/5552
f 1072/2/5553 2637/2/5553 2638/2/5553
f 1070/2/5554 2638/2/5554 2636/2/5554
f 1100/6/1136 1101/6/1136 2663/6/1136
f 2639/2/1137 2641/2/1137 2654/2/1137
f 1106/6/1138 2665/6/1138 2664/6/1138
f 1100/6/5555 2666/6/5555 2665/6/5555
f 2664/6/5556 2663/6/5556 1101/6/5556
f 2658/2/5557 2657/2/5557 2655/2/5557
f 2660/2/5558 2662/2/5558 2661/2/5558
f 2647/2/1137 2648/2/1137 2642/2/1137
f 2650/2/1151 2648/2/1151 2647/2/1151
f 2652/2/1148 2650/2/1148 2649/2/1148
f 2644/2/1149 2645/2/1149 2650/2/1149
f 2649/2/1150 2646/2/1150 2643/2/1150
f 2653/2/4399 2654/2/4399 2652/2/4399
f 2644/2/5559 2656/2/5559 2655/2/5559
f 2655/2/5560 2657/2/5560 2639/2/5560
f 2657/2/2758 2658/2/2758 2641/2/2758
f 2641/2/5561 2658/2/5561 2656/2/5561
f 2660/2/5562 2659/2/5562 2645/2/5562
f 2659/2/5563 2661/2/5563 2642/2/5563
f 2642/2/2762 2661/2/2762 2662/2/2762
f 2640/2/5564 2662/2/5564 2660/2/5564
f 2664/2/5565 2644/2/5565 2643/2/5565
f 2665/2/1165 2645/2/1165 2644/2/1165
f 2646/2/5566 2645/2/5566 2665/2/5566
f 2666/6/1167 2663/6/1167 2667/6/1167
f 2646/2/1167 2668/2/1167 2667/2/1167
f 2680/2/2766 2679/2/2766 2678/2/2766
f 2682/2/2767 2681/2/2767 2678/2/2767
f 2681/2/2768 2682/2/2768 2684/2/2768
f 2669/2/2769 2670/2/2769 2674/2/2769
f 2675/2/2770 2674/2/2770 2670/2/2770
f 2671/2/2771 2672/2/2771 2676/2/2771
f 2669/2/5567 2677/2/5567 2678/2/5567
f 2679/2/5568 2680/2/5568 2673/2/5568
f 2692/2/5569 2691/2/5569 2689/2/5569
f 2678/2/5570 2681/2/5570 2671/2/5570
f 2679/2/5571 2674/2/5571 2675/2/5571
f 2681/2/5572 2683/2/5572 2672/2/5572
f 2688/2/5573 2687/2/5573 2686/2/5573
f 2676/2/5574 2684/2/5574 2682/2/5574
f 2672/2/2780 2685/2/2780 2686/2/2780
f 2686/2/5575 2687/2/5575 2684/2/5575
f 2687/2/2782 2688/2/2782 2683/2/2782
f 2683/2/5576 2688/2/5576 2685/2/5576
f 2673/2/2784 2690/2/2784 2689/2/2784
f 2689/2/2785 2691/2/2785 2677/2/2785
f 2691/2/2786 2692/2/2786 2680/2/2786
f 2680/2/2787 2692/2/2787 2690/2/2787
f 2714/7/2788 2768/7/2788 2769/7/2788
f 2769/7/2789 2770/7/2789 2716/7/2789
f 2790/7/2790 2768/7/2790 2714/7/2790
f 2718/7/2791 2772/7/2791 2771/7/2791
f 2715/7/5577 2720/7/5577 2719/7/5577
f 2716/7/5578 2721/7/5578 2720/7/5578
f 2722/7/2794 2776/7/2794 2777/7/2794
f 2719/7/5579 2737/7/5579 2736/7/5579
f 2717/7/5580 2724/7/5580 2725/7/5580
f 2727/7/2797 2781/7/2797 2780/7/2797
f 2694/2/2849 2744/2/2849 2746/2/2849
f 2693/2/5581 2698/2/5581 2739/2/5581
f 2764/2/2802 2765/2/2802 2711/2/2802
f 2731/2/5582 2698/2/5582 2728/2/5582
f 2734/2/5583 2733/2/5583 2699/2/5583
f 2698/2/5584 2731/2/5584 2740/2/5584
f 2726/7/2808 2780/7/2808 2772/7/2808
f 2727/7/5585 2726/7/5585 2718/7/5585
f 2716/7/2810 2770/7/2810 2776/7/2810
f 2722/7/5586 2723/7/5586 2721/7/5586
f 2765/2/2812 2756/2/2812 2702/2/2812
f 2710/2/5587 2712/2/5587 2700/2/5587
f 2700/2/5588 2712/2/5588 2735/2/5588
f 2713/2/5589 2711/2/5589 2702/2/5589
f 2719/7/5590 2720/7/5590 2694/7/5590
f 2723/7/2818 2777/7/2818 2764/7/2818
f 2737/7/5591 2719/7/5591 2693/7/5591
f 2697/7/5592 2725/7/5592 2724/7/5592
f 2762/7/2821 2781/7/2821 2727/7/2821
f 2708/7/5593 2727/7/5593 2725/7/5593
f 2721/7/5594 2723/7/5594 2710/7/5594
f 2761/1/2824 2757/1/2824 2703/1/2824
f 2757/1/2825 2763/1/2825 2709/1/2825
f 2758/1/2826 2795/1/2826 2741/1/2826
f 2783/1/2827 2758/1/2827 2704/1/2827
f 2702/1/2828 2756/1/2828 2760/1/2828
f 2760/1/2829 2759/1/2829 2705/1/2829
f 2705/1/2831 2759/1/2831 2783/1/2831
f 2733/7/5595 2732/7/5595 2728/7/5595
f 2709/2/2833 2763/2/2833 2762/2/2833
f 2709/2/2834 2708/2/2834 2697/2/2834
f 2730/2/5596 2707/2/5596 2703/2/5596
f 2731/2/5597 2704/2/5597 2741/2/5597
f 2704/2/5598 2731/2/5598 2732/2/5598
f 2705/7/5599 2729/7/5599 2732/7/5599
f 2706/2/5600 2705/2/5600 2733/2/5600
f 2713/2/5601 2706/2/5601 2734/2/5601
f 2737/7/5602 2724/7/5602 2717/7/5602
f 2724/7/5603 2737/7/5603 2738/7/5603
f 2701/2/5604 2696/2/5604 2738/2/5604
f 2730/2/5605 2701/2/5605 2739/2/5605
f 2707/2/5606 2730/2/5606 2740/2/5606
f 2741/1/2826 2795/1/2826 2761/1/2826
f 2771/7/2846 2790/7/2846 2736/7/2846
f 2695/2/5607 2700/2/5607 2699/2/5607
f 2744/7/2849 2743/7/2849 2745/7/2849
f 2745/2/5608 2743/2/5608 2728/2/5608
f 2746/2/2849 2745/2/2849 2698/2/2849
f 2743/7/2851 2744/7/2851 2742/7/2851
f 2721/7/5609 2695/7/5609 2742/7/5609
f 2773/7/5610 2774/7/5610 2769/7/5610
f 2770/7/5611 2769/7/5611 2774/7/5611
f 2790/7/5612 2791/7/5612 2773/7/5612
f 2771/7/5613 2772/7/5613 2779/7/5613
f 2748/2/5614 2747/2/5614 2800/2/5614
f 2747/2/5615 2792/2/5615 2793/2/5615
f 2782/2/5616 2752/2/5616 2785/2/5616
f 2753/2/5617 2787/2/5617 2788/2/5617
f 2752/2/5618 2793/2/5618 2794/2/5618
f 2772/7/5619 2780/7/5619 2781/7/5619
f 2775/7/5620 2777/7/5620 2776/7/5620
f 2754/2/5621 2766/2/5621 2764/2/5621
f 2754/2/5622 2788/2/5622 2789/2/5622
f 2756/2/5623 2765/2/5623 2767/2/5623
f 2773/7/5624 2747/7/5624 2748/7/5624
f 2747/7/5625 2773/7/5625 2791/7/5625
f 2751/7/5626 2750/7/5626 2778/7/5626
f 2762/7/5627 2751/7/5627 2779/7/5627
f 2764/7/5628 2777/7/5628 2775/7/5628
f 2782/7/5629 2786/7/5629 2787/7/5629
f 2751/2/2880 2762/2/2880 2763/2/2880
f 2784/2/5630 2751/2/5630 2757/2/5630
f 2785/2/5631 2794/2/5631 2795/2/5631
f 2786/2/5632 2785/2/5632 2758/2/5632
f 2786/7/5633 2783/7/5633 2759/7/5633
f 2787/2/5634 2759/2/5634 2760/2/5634
f 2788/2/5635 2760/2/5635 2767/2/5635
f 2771/7/5636 2778/7/5636 2791/7/5636
f 2792/7/5637 2791/7/5637 2778/7/5637
f 2792/2/5638 2750/2/5638 2755/2/5638
f 2793/2/5639 2755/2/5639 2784/2/5639
f 2794/2/5640 2784/2/5640 2761/2/5640
f 2749/2/5641 2796/2/5641 2753/2/5641
f 2798/7/5642 2800/7/5642 2799/7/5642
f 2799/2/2894 2752/2/2894 2782/2/2894
f 2800/2/5643 2747/2/5643 2752/2/5643
f 2796/7/2895 2798/7/2895 2797/7/2895
f 2796/7/5644 2749/7/5644 2775/7/5644
f 2895/2/5645 2894/2/5645 2832/2/5645
f 2901/1/5646 2856/1/5646 2855/1/5646
f 2810/2/5647 2832/2/5647 2831/2/5647
f 2817/2/5648 2818/2/5648 2813/2/5648
f 2809/2/5649 2814/2/5649 2899/2/5649
f 2860/1/5650 2859/1/5650 2862/1/5650
f 2904/2/5651 2813/2/5651 2812/2/5651
f 2817/2/5652 2814/2/5652 2809/2/5652
f 2812/2/5653 2813/2/5653 2818/2/5653
f 2817/2/5654 2807/2/5654 2805/2/5654
f 2918/2/5655 2920/2/5655 2919/2/5655
f 2822/2/5656 2821/2/5656 2897/2/5656
f 2822/2/5657 2828/2/5657 2827/2/5657
f 2906/2/5658 2826/2/5658 2825/2/5658
f 2830/2/5659 2829/2/5659 2825/2/5659
f 2821/2/5660 2809/2/5660 2898/2/5660
f 2811/2/5661 2908/2/5661 2907/2/5661
f 2810/2/5662 2822/2/5662 2896/2/5662
f 2826/2/5663 2906/2/5663 2905/2/5663
f 2827/2/5664 2807/2/5664 2809/2/5664
f 2801/2/5665 2828/2/5665 2822/2/5665
f 2825/2/5666 2829/2/5666 2802/2/5666
f 2830/2/5667 2826/2/5667 2812/2/5667
f 2811/2/5668 2802/2/5668 2834/2/5668
f 2909/2/5669 2908/2/5669 2811/2/5669
f 2838/2/5670 2839/2/5670 2820/2/5670
f 2839/2/5671 2840/2/5671 2819/2/5671
f 2819/2/2926 2840/2/2926 2837/2/2926
f 2842/2/2928 2843/2/2928 2824/2/2928
f 2824/2/2929 2843/2/2929 2844/2/2929
f 2823/2/5672 2844/2/5672 2841/2/5672
f 2806/2/5673 2841/2/5673 2845/2/5673
f 2861/1/5674 2862/1/5674 2857/1/5674
f 2846/2/5675 2838/2/5675 2808/2/5675
f 2834/2/5655 2802/2/5655 2829/2/5655
f 2848/2/5676 2814/2/5676 2813/2/5676
f 2848/2/5677 2900/2/5677 2899/2/5677
f 2904/2/5678 2903/2/5678 2847/2/5678
f 2838/2/5679 2851/2/5679 2852/2/5679
f 2852/2/5680 2853/2/5680 2845/2/5680
f 2846/2/5681 2854/2/5681 2851/2/5681
f 2815/2/5682 2849/2/5682 2854/2/5682
f 2853/2/5683 2850/2/5683 2816/2/5683
f 2855/2/5684 2856/2/5684 2848/2/5684
f 2848/2/5685 2856/2/5685 2901/2/5685
f 2902/2/5686 2855/2/5686 2847/2/5686
f 2851/2/5687 2859/2/5687 2860/2/5687
f 2852/2/5688 2860/2/5688 2861/2/5688
f 2862/2/5689 2859/2/5689 2851/2/5689
f 2849/2/5690 2857/2/5690 2862/2/5690
f 2861/2/5691 2858/2/5691 2850/2/5691
f 2884/6/5692 2883/6/5692 2882/6/5692
f 2890/6/5693 2889/6/5693 2882/6/5693
f 2863/2/5694 2864/2/5694 2835/2/5694
f 2832/2/5695 2865/2/5695 2866/2/5695
f 2894/3/5696 2893/3/5696 2865/3/5696
f 2864/6/5697 2910/6/5697 2909/6/5697
f 2863/2/5698 2869/2/5698 2870/2/5698
f 2871/2/5699 2872/2/5699 2866/2/5699
f 2893/3/5700 2892/3/5700 2871/3/5700
f 2870/6/5701 2887/6/5701 2910/6/5701
f 2834/6/5702 2830/6/5702 2869/6/5702
f 2922/6/5703 2917/6/5703 2919/6/5703
f 2911/6/5704 2914/6/5704 2913/6/5704
f 2916/6/5705 2914/6/5705 2911/6/5705
f 2836/6/5706 2868/6/5706 2874/6/5706
f 2833/6/5707 2837/6/5707 2873/6/5707
f 2838/6/5708 2841/6/5708 2874/6/5708
f 2875/6/5709 2876/6/5709 2870/6/5709
f 2871/6/5710 2877/6/5710 2878/6/5710
f 2872/6/2975 2878/6/2975 2875/6/2975
f 2892/6/5711 2891/6/5711 2877/6/5711
f 2870/6/5712 2876/6/5712 2888/6/5712
f 2880/6/5713 2879/6/5713 2873/6/5713
f 2881/6/5714 2882/6/5714 2876/6/5714
f 2877/6/5715 2883/6/5715 2884/6/5715
f 2878/6/2981 2884/6/2981 2881/6/2981
f 2890/6/5716 2883/6/5716 2877/6/5716
f 2876/6/5717 2882/6/5717 2889/6/5717
f 2886/6/2984 2885/6/2984 2879/6/2984
f 2887/6/5718 2888/6/5718 2880/6/5718
f 2886/6/5719 2880/6/5719 2888/6/5719
f 2885/6/5720 2886/6/5720 2889/6/5720
f 2885/6/5721 2890/6/5721 2891/6/5721
f 2879/6/5722 2891/6/5722 2892/6/5722
f 2867/3/5723 2873/3/5723 2892/3/5723
f 2833/3/5724 2867/3/5724 2893/3/5724
f 2895/2/5725 2803/2/5725 2833/2/5725
f 2895/2/5726 2896/2/5726 2819/2/5726
f 2896/2/5727 2897/2/5727 2820/2/5727
f 2808/2/5728 2820/2/5728 2897/2/5728
f 2815/2/5729 2808/2/5729 2898/2/5729
f 2900/2/5730 2849/2/5730 2815/2/5730
f 2857/2/5731 2849/2/5731 2900/2/5731
f 2857/1/5732 2901/1/5732 2902/1/5732
f 2858/2/5733 2902/2/5733 2903/2/5733
f 2816/2/5734 2850/2/5734 2903/2/5734
f 2816/2/5735 2904/2/5735 2905/2/5735
f 2906/2/5736 2823/2/5736 2806/2/5736
f 2823/2/5737 2906/2/5737 2907/2/5737
f 2908/2/5738 2804/2/5738 2824/2/5738
f 2836/2/5739 2804/2/5739 2908/2/5739
f 2910/6/5740 2868/6/5740 2836/6/5740
f 2887/6/3008 2874/6/3008 2868/6/3008
f 2911/6/5741 2912/6/5741 2807/6/5741
f 2807/6/3010 2912/6/3010 2913/6/3010
f 2805/6/3011 2913/6/3011 2914/6/3011
f 2916/6/5742 2915/6/5742 2872/6/5742
f 2915/6/3013 2911/6/3013 2917/6/3013
f 2914/6/3014 2916/6/3014 2869/6/3014
f 2828/2/3015 2918/2/3015 2917/2/3015
f 2919/2/5743 2920/2/5743 2801/2/5743
f 2920/2/3017 2918/2/3017 2828/2/3017
f 2872/6/3018 2922/6/3018 2921/6/3018
f 2866/6/3019 2921/6/3019 2919/6/3019
f 2931/7/5744 2934/7/5744 2924/7/5744
f 2933/7/5745 2932/7/5745 2929/7/5745
f 2929/7/5746 2937/7/5746 2938/7/5746
f 2938/7/5747 2930/7/5747 2933/7/5747
f 2934/7/5748 2933/7/5748 2930/7/5748
f 2929/7/5749 2932/7/5749 2931/7/5749
f 2935/7/3029 2927/7/3029 2932/7/3029
f 2932/7/3029 2933/7/3029 2928/7/3029
f 2928/7/3029 2936/7/3029 2935/7/3029
f 2925/7/3031 2926/7/3031 2934/7/3031
f 2925/7/3032 2935/7/3032 2936/7/3032
f 2923/7/3035 2924/7/3035 2938/7/3035
f 2939/6/5750 2941/6/5750 2942/6/5750
f 2942/6/5751 2944/6/5751 2943/6/5751
f 2943/6/5752 2946/6/5752 2945/6/5752
f 2939/2/5753 2948/2/5753 2949/2/5753
f 2947/2/5754 2941/2/5754 2949/2/5754
f 2952/2/5755 2951/2/5755 2948/2/5755
f 2949/2/5756 2948/2/5756 2953/2/5756
f 2949/2/5757 2954/2/5757 2955/2/5757
f 2951/2/5758 2956/2/5758 2953/2/5758
f 2951/2/5759 2952/2/5759 2957/2/5759
f 2954/2/5760 2958/2/5760 2959/2/5760
f 2958/2/5761 2960/2/5761 2961/2/5761
f 2963/2/5762 2965/2/5762 2964/2/5762
f 3000/2/5763 3001/2/5763 3002/2/5763
f 2967/2/5764 2966/2/5764 2957/2/5764
f 2939/2/5765 2968/2/5765 2967/2/5765
f 2969/6/5766 2968/6/5766 2939/6/5766
f 2969/6/5767 2940/6/5767 2945/6/5767
f 2944/6/3058 2972/6/3058 2971/6/3058
f 2943/6/5768 2971/6/5768 2973/6/5768
f 2955/2/5769 2976/2/5769 2975/2/5769
f 2959/2/5770 2977/2/5770 2976/2/5770
f 2961/2/5771 2978/2/5771 2977/2/5771
f 2964/2/5772 2979/2/5772 2974/2/5772
f 3152/6/5773 3155/6/5773 3154/6/5773
f 3157/6/5774 3156/6/5774 3154/6/5774
f 2971/6/3067 2972/6/3067 2982/6/3067
f 2973/6/5775 2971/6/5775 2981/6/5775
f 3039/6/5776 3040/6/5776 2982/6/5776
f 3132/6/5777 3131/6/5777 3130/6/5777
f 3134/6/5778 3133/6/5778 3131/6/5778
f 2980/2/5779 2975/2/5779 2985/2/5779
f 2981/6/5780 2982/6/5780 2989/6/5780
f 2983/6/5781 2981/6/5781 2988/6/5781
f 3040/6/5782 3041/6/5782 2989/6/5782
f 3130/6/5783 3137/6/5783 3136/6/5783
f 3131/6/5784 3138/6/5784 3137/6/5784
f 3139/2/5785 3142/2/5785 3141/2/5785
f 2984/2/5786 2986/2/5786 2993/2/5786
f 2987/2/5787 2985/2/5787 2992/2/5787
f 2947/2/5788 2996/2/5788 2995/2/5788
f 2950/2/5789 2997/2/5789 2996/2/5789
f 2965/2/5790 2998/2/5790 2997/2/5790
f 2965/2/5791 2963/2/5791 2995/2/5791
f 2996/2/5792 3000/2/5792 2999/2/5792
f 2997/2/5793 3001/2/5793 3000/2/5793
f 2997/2/5794 2998/2/5794 3002/2/5794
f 2998/2/5795 2995/2/5795 2999/2/5795
f 2945/6/5796 2946/6/5796 3004/6/5796
f 2970/6/5797 2945/6/5797 3003/6/5797
f 2973/6/3094 3006/6/3094 3004/6/3094
f 2983/6/3095 3007/6/3095 3006/6/3095
f 2990/6/5798 3008/6/5798 3007/6/5798
f 3015/6/5799 3016/6/5799 3017/6/5799
f 3016/6/5800 3019/6/5800 3020/6/5800
f 3021/6/5801 3022/6/5801 3020/6/5801
f 3004/6/5802 3010/6/5802 3009/6/5802
f 3005/6/5803 3003/6/5803 3009/6/5803
f 3004/6/5804 3006/6/5804 3012/6/5804
f 3006/6/5805 3007/6/5805 3013/6/5805
f 3008/6/5806 3014/6/5806 3013/6/5806
f 3010/6/5807 3026/6/5807 3027/6/5807
f 3009/6/5808 3027/6/5808 3028/6/5808
f 3012/6/5809 3025/6/5809 3026/6/5809
f 3013/6/5810 3024/6/5810 3025/6/5810
f 3014/6/3110 3023/6/3110 3024/6/3110
f 3023/6/3110 3022/6/3110 3021/6/3110
f 3024/6/5811 3021/6/5811 3019/6/5811
f 3025/6/5812 3019/6/5812 3016/6/5812
f 3026/6/5813 3016/6/5813 3015/6/5813
f 3027/6/5814 3015/6/5814 3018/6/5814
f 2953/2/5815 2956/2/5815 2957/2/5815
f 2958/2/5816 2954/2/5816 3029/2/5816
f 2960/2/3117 2958/2/3117 3030/2/3117
f 2957/2/5817 2966/2/5817 3032/2/5817
f 2957/2/5818 3033/2/5818 3029/2/5818
f 3030/2/3120 3029/2/3120 3034/2/3120
f 3031/2/3121 3030/2/3121 3035/2/3121
f 3033/2/3122 3032/2/3122 3037/2/3122
f 3029/2/3123 3033/2/3123 3038/2/3123
f 2942/6/5819 2963/6/5819 2962/6/5819
f 3039/6/5820 2944/6/5820 2962/6/5820
f 3039/6/5821 2974/6/5821 2984/6/5821
f 3040/6/5822 2984/6/5822 2991/6/5822
f 2975/2/5823 2976/2/5823 3043/2/5823
f 2977/2/5824 3044/2/5824 3043/2/5824
f 2977/2/5825 2978/2/5825 3045/2/5825
f 2992/2/5826 2985/2/5826 3042/2/5826
f 3133/2/5827 3142/2/5827 3139/2/5827
f 3138/2/5828 3131/2/5828 3139/2/5828
f 3050/6/5829 3049/6/5829 3047/6/5829
f 3051/6/5830 3052/6/5830 3050/6/5830
f 3053/6/5831 3054/6/5831 3051/6/5831
f 3057/2/5832 3056/2/5832 3047/2/5832
f 3058/2/5833 3057/2/5833 3049/2/5833
f 3056/2/5834 3059/2/5834 3060/2/5834
f 3057/2/5835 3062/2/5835 3061/2/5835
f 3063/2/5836 3062/2/5836 3057/2/5836
f 3056/2/5837 3061/2/5837 3064/2/5837
f 3059/2/5838 3064/2/5838 3065/2/5838
f 3067/2/5839 3066/2/5839 3062/2/5839
f 3069/2/5840 3068/2/5840 3066/2/5840
f 3072/2/5841 3073/2/5841 3071/2/5841
f 3098/2/5842 3097/2/5842 3096/2/5842
f 3060/2/5843 3065/2/5843 2966/2/5843
f 3060/2/5844 2967/2/5844 2968/2/5844
f 2969/6/5845 3048/6/5845 3047/6/5845
f 3053/6/5846 3048/6/5846 2969/6/5846
f 3074/6/3158 3075/6/3158 3052/6/3158
f 3076/6/3159 3074/6/3159 3051/6/3159
f 3058/2/5847 3078/2/5847 3079/2/5847
f 3063/2/5848 3079/2/5848 3080/2/5848
f 3080/2/5849 3081/2/5849 3069/2/5849
f 3077/2/5850 3082/2/5850 3072/2/5850
f 3158/6/5851 3161/6/5851 3160/6/5851
f 3159/6/5852 3160/6/5852 3163/6/5852
f 3074/6/3167 3084/6/3167 3085/6/3167
f 3076/6/5853 3086/6/5853 3084/6/5853
f 3085/6/5854 3124/6/5854 3123/6/5854
f 3143/6/5855 3146/6/5855 3145/6/5855
f 3145/6/5856 3148/6/5856 3147/6/5856
f 3083/2/5857 3090/2/5857 3088/2/5857
f 3084/6/5858 2988/6/5858 2989/6/5858
f 3086/6/5859 2990/6/5859 2988/6/5859
f 2989/6/5860 3041/6/5860 3124/6/5860
f 3149/6/5861 3136/6/5861 3137/6/5861
f 3146/6/5862 3137/6/5862 3138/6/5862
f 3150/2/5863 3140/2/5863 3141/2/5863
f 2991/2/5864 2993/2/5864 3089/2/5864
f 3090/2/5865 2994/2/5865 2992/2/5865
f 3091/2/5866 3092/2/5866 3055/2/5866
f 3092/2/5867 3093/2/5867 3058/2/5867
f 3093/2/5868 3094/2/5868 3073/2/5868
f 3073/2/5869 3094/2/5869 3091/2/5869
f 3095/2/5870 3096/2/5870 3092/2/5870
f 3096/2/5871 3097/2/5871 3093/2/5871
f 3093/2/5872 3097/2/5872 3098/2/5872
f 3094/2/5873 3098/2/5873 3095/2/5873
f 3053/6/5874 3099/6/5874 3100/6/5874
f 2970/6/5875 3005/6/5875 3099/6/5875
f 3100/6/3194 3101/6/3194 3076/6/3194
f 3101/6/5876 3102/6/5876 3086/6/5876
f 3086/6/5877 3102/6/5877 3008/6/5877
f 3107/6/3097 3018/6/3097 3017/6/3097
f 3108/6/5878 3017/6/5878 3020/6/5878
f 3020/6/5879 3022/6/5879 3110/6/5879
f 3103/6/5880 3104/6/5880 3100/6/5880
f 3005/6/5881 3011/6/5881 3103/6/5881
f 3100/6/5882 3104/6/5882 3105/6/5882
f 3101/6/5883 3105/6/5883 3106/6/5883
f 3106/6/5884 3014/6/5884 3008/6/5884
f 3114/6/5885 3113/6/5885 3104/6/5885
f 3028/6/5886 3114/6/5886 3103/6/5886
f 3113/6/5887 3112/6/5887 3105/6/5887
f 3112/6/5888 3111/6/5888 3106/6/5888
f 3111/6/3210 3023/6/3210 3014/6/3210
f 3110/6/3210 3022/6/3210 3023/6/3210
f 3109/6/5889 3110/6/5889 3111/6/5889
f 3108/6/5890 3109/6/5890 3112/6/5890
f 3107/6/5891 3108/6/5891 3113/6/5891
f 3018/6/5892 3107/6/5892 3114/6/5892
f 3065/2/5893 3064/2/5893 3061/2/5893
f 3066/2/5894 3116/2/5894 3115/2/5894
f 3068/2/3217 3117/2/3217 3116/2/3217
f 3065/2/5895 3118/2/5895 3032/2/5895
f 3115/2/5896 3118/2/5896 3065/2/5896
f 3116/2/5897 3120/2/5897 3119/2/5897
f 3117/2/5898 3121/2/5898 3120/2/5898
f 3118/2/3222 3122/2/3222 3037/2/3222
f 3115/2/3223 3119/2/3223 3122/2/3223
f 3070/6/5899 3071/6/5899 3050/6/5899
f 3123/6/5900 3077/6/5900 3070/6/5900
f 3087/6/5901 3077/6/5901 3123/6/5901
f 2991/6/5902 3087/6/5902 3124/6/5902
f 3078/2/5903 3125/2/5903 3126/2/5903
f 3079/2/5904 3126/2/5904 3127/2/5904
f 3080/2/5905 3127/2/5905 3128/2/5905
f 3046/2/5906 3125/2/5906 3088/2/5906
f 3150/2/5907 3151/2/5907 3148/2/5907
f 3138/2/5908 3140/2/5908 3150/2/5908
f 3044/2/5909 3132/2/5909 3129/2/5909
f 3134/2/5910 3132/2/5910 3044/2/5910
f 3042/2/5911 3135/2/5911 3136/2/5911
f 3143/2/5912 3144/2/5912 3127/2/5912
f 3127/2/5913 3144/2/5913 3147/2/5913
f 3136/2/5914 3149/2/5914 3125/2/5914
f 3125/2/5915 3149/2/5915 3143/2/5915
f 3129/2/5916 3135/2/5916 3042/2/5916
f 2964/2/5917 3152/2/5917 3153/2/5917
f 2979/2/5918 3153/2/5918 3154/2/5918
f 3155/2/5919 3152/2/5919 2964/2/5919
f 3154/2/5920 3156/2/5920 2975/2/5920
f 2975/2/5921 3156/2/5921 3157/2/5921
f 2950/2/5922 3157/2/5922 3155/2/5922
f 3072/2/5923 3158/2/5923 3159/2/5923
f 3160/2/5924 3161/2/5924 3082/2/5924
f 3161/2/5925 3158/2/5925 3072/2/5925
f 3159/2/5926 3162/2/5926 3058/2/5926
f 3162/2/5927 3163/2/5927 3078/2/5927
f 3078/2/5928 3163/2/5928 3160/2/5928
f 3165/6/5929 3176/6/5929 3175/6/5929
f 3173/6/5930 3167/6/5930 3169/6/5930
f 3173/6/5931 3174/6/5931 3171/6/5931
f 3171/6/5932 3174/6/5932 3175/6/5932
f 3176/6/5933 3164/6/5933 3172/6/5933
f 3167/6/5934 3177/6/5934 3178/6/5934
f 3178/6/5935 3179/6/5935 3168/6/5935
f 3170/6/5936 3168/6/5936 3179/6/5936
f 3165/6/5937 3170/6/5937 3180/6/5937
f 3176/6/5938 3165/6/5938 3181/6/5938
f 3164/6/5939 3176/6/5939 3182/6/5939
f 3183/6/3274 3184/6/3274 3166/6/3274
f 3166/6/3274 3171/6/3274 3172/6/3274
f 3172/6/3274 3164/6/3274 3183/6/3274
f 3166/6/5940 3184/6/5940 3185/6/5940
f 3177/6/5941 3167/6/5941 3173/6/5941
f 3193/6/5942 3194/6/5942 3195/6/5942
f 3194/6/5943 3193/6/5943 3200/6/5943
f 3189/6/5944 3188/6/5944 3187/6/5944
f 3201/6/5945 3187/6/5945 3188/6/5945
f 3186/6/5946 3187/6/5946 3193/6/5946
f 3189/6/5947 3195/6/5947 3194/6/5947
f 3202/6/5948 3205/6/5948 3204/6/5948
f 3198/6/5949 3188/6/5949 3194/6/5949
f 3201/6/5950 3200/6/5950 3193/6/5950
f 3191/6/5951 3190/6/5951 3196/6/5951
f 3190/6/5952 3198/6/5952 3199/6/5952
f 3196/6/5953 3199/6/5953 3200/6/5953
f 3191/6/5954 3197/6/5954 3200/6/5954
f 3190/6/5955 3191/6/5955 3201/6/5955
f 3202/6/3291 3203/6/3291 3195/6/3291
f 3195/6/5956 3203/6/5956 3204/6/5956
f 3192/6/3293 3204/6/3293 3205/6/3293
f 3205/6/5957 3202/6/5957 3189/6/5957
f 3206/1/3295 3216/1/3295 3217/1/3295
f 3217/1/3296 3218/1/3296 3208/1/3296
f 3218/1/5958 3219/1/5958 3209/1/5958
f 3209/1/3298 3219/1/3298 3220/1/3298
f 3220/1/3299 3221/1/3299 3211/1/3299
f 3211/1/3300 3221/1/3300 3222/1/3300
f 3212/1/3301 3222/1/3301 3223/1/3301
f 3223/1/5959 3224/1/5959 3214/1/5959
f 3214/1/5960 3224/1/5960 3225/1/5960
f 3225/1/3304 3216/1/3304 3206/1/3304
f 3216/1/5961 3226/1/5961 3227/1/5961
f 3227/1/3306 3228/1/3306 3218/1/3306
f 3218/1/3307 3228/1/3307 3229/1/3307
f 3219/1/3308 3229/1/3308 3230/1/3308
f 3230/1/3309 3231/1/3309 3221/1/3309
f 3231/1/3310 3232/1/3310 3222/1/3310
f 3222/1/3311 3232/1/3311 3233/1/3311
f 3233/1/3312 3234/1/3312 3224/1/3312
f 3224/1/3313 3234/1/3313 3235/1/3313
f 3235/1/3314 3226/1/3314 3216/1/3314
f 3236/1/3315 3237/1/3315 3227/1/3315
f 3237/1/3316 3238/1/3316 3228/1/3316
f 3238/1/3317 3239/1/3317 3229/1/3317
f 3229/1/3318 3239/1/3318 3240/1/3318
f 3240/1/3319 3241/1/3319 3231/1/3319
f 3231/1/3320 3241/1/3320 3242/1/3320
f 3232/1/3321 3242/1/3321 3243/1/3321
f 3243/1/3322 3244/1/3322 3234/1/3322
f 3244/1/3323 3245/1/3323 3235/1/3323
f 3235/1/3324 3245/1/3324 3236/1/3324
f 3246/1/3325 3247/1/3325 3237/1/3325
f 3237/1/5962 3247/1/5962 3248/1/5962
f 3248/1/3327 3249/1/3327 3239/1/3327
f 3249/1/5963 3250/1/5963 3240/1/5963
f 3240/1/3329 3250/1/3329 3251/1/3329
f 3241/1/3330 3251/1/3330 3252/1/3330
f 3252/1/3331 3253/1/3331 3243/1/3331
f 3243/1/3332 3253/1/3332 3254/1/3332
f 3254/1/3333 3255/1/3333 3245/1/3333
f 3245/1/3334 3255/1/3334 3246/1/3334
f 3036/6/5964 2961/6/5964 2960/6/5964
f 3121/6/5965 3117/6/5965 3068/6/5965
f 3036/6/3357 3121/6/3357 3069/6/3357
f 3120/6/3358 3121/6/3358 3036/6/3358
f 3120/6/3359 3035/6/3359 3034/6/3359
f 3034/6/5966 3038/6/5966 3037/6/5966
f 3134/6/5967 3045/6/5967 2978/6/5967
f 3147/6/5968 3069/6/5968 3081/6/5968
f 3133/6/3368 3134/6/3368 3147/6/3368
f 3183/6/3369 3182/6/3369 3185/6/3369
f 1599/6/5969 1426/6/5969 1443/6/5969
f 1612/6/5970 1593/6/5970 1546/6/5970
f 1648/6/5971 1649/6/5971 1650/6/5971
f 1642/6/5972 1646/6/5972 1647/6/5972
f 1598/6/3382 1613/6/3382 1612/6/3382
f 1501/6/5973 1599/6/5973 1612/6/5973
f 1500/6/3385 1501/6/3385 1586/6/3385
f 1584/6/3386 1499/6/3386 1500/6/3386
f 1502/6/5974 1503/6/5974 1499/6/5974
f 3270/9/5975 3274/9/5975 3273/9/5975
f 3271/9/5976 3270/9/5976 3272/9/5976
f 3272/9/5977 3269/9/5977 3289/9/5977
f 3289/9/5978 3268/9/5978 3276/9/5978
f 3276/9/5979 3271/9/5979 3272/9/5979
f 3274/9/5980 3270/9/5980 3271/9/5980
f 3271/9/5981 3276/9/5981 3277/9/5981
f 3282/9/5982 3280/9/5982 3262/9/5982
f 3280/9/5983 3281/9/5983 3263/9/5983
f 3278/10/5984 3258/10/5984 3264/10/5984
f 3282/9/5985 3261/9/5985 3260/9/5985
f 3279/9/5986 3283/9/5986 3260/9/5986
f 3279/9/5987 3259/9/5987 3267/9/5987
f 3290/9/5988 3286/9/5988 3285/9/5988
f 3285/9/5989 3265/9/5989 3263/9/5989
f 3264/10/5990 3266/10/5990 3286/10/5990
f 3283/9/5991 3269/9/5991 3273/9/5991
f 3273/9/5992 3274/9/5992 3280/9/5992
f 3274/9/5993 3275/9/5993 3281/9/5993
f 3290/9/5994 3281/9/5994 3275/9/5994
f 3277/9/5995 3268/9/5995 3290/9/5995
f 3288/10/5996 3278/10/5996 3284/10/5996
f 3291/9/3411 3292/9/3411 3294/9/3411
f 3268/10/5997 3289/10/5997 3287/10/5997
f 3294/10/3411 3292/10/3411 3258/10/3411
f 3267/10/3411 3291/10/3411 3293/10/3411
f 3278/10/3411 3288/10/3411 3293/10/3411
f 3289/9/5998 3269/9/5998 3295/9/5998
f 3288/9/5999 3287/9/5999 3295/9/5999
f 3301/9/6000 3302/9/6000 3298/9/6000
f 3300/9/6001 3298/9/6001 3299/9/6001
f 3299/9/6002 3304/9/6002 3296/9/6002
f 3317/9/6003 3297/9/6003 3300/9/6003
f 3299/9/6004 3296/9/6004 3317/9/6004
f 3302/9/6005 3303/9/6005 3299/9/6005
f 3299/9/6006 3303/9/6006 3305/9/6006
f 3310/9/6007 3261/9/6007 3262/9/6007
f 3308/9/6008 3262/9/6008 3263/9/6008
f 3264/10/6009 3258/10/6009 3306/10/6009
f 3260/9/6010 3261/9/6010 3310/9/6010
f 3307/9/6011 3259/9/6011 3260/9/6011
f 3267/9/6012 3259/9/6012 3307/9/6012
f 3313/9/6013 3314/9/6013 3318/9/6013
f 3263/9/6014 3265/9/6014 3313/9/6014
f 3314/10/6015 3266/10/6015 3264/10/6015
f 3311/9/6016 3310/9/6016 3301/9/6016
f 3308/9/6017 3302/9/6017 3301/9/6017
f 3309/9/6018 3303/9/6018 3302/9/6018
f 3303/9/6019 3309/9/6019 3318/9/6019
f 3318/9/6020 3296/9/6020 3305/9/6020
f 3316/10/6021 3315/10/6021 3312/10/6021
f 3291/9/3439 3319/9/3439 3320/9/3439
f 3315/10/6022 3317/10/6022 3296/10/6022
f 3258/10/3439 3292/10/3439 3320/10/3439
f 3319/10/3439 3291/10/3439 3267/10/3439
f 3306/10/3439 3320/10/3439 3319/10/3439
f 3317/9/6023 3315/9/6023 3321/9/6023
f 3321/9/6024 3315/9/6024 3316/9/6024
f 3322/11/6025 3324/11/6025 3325/11/6025
f 3324/11/3446 3326/11/3446 3327/11/3446
f 3322/11/3447 3323/11/3447 3329/11/3447
f 3325/11/3448 3327/11/3448 3329/11/3448
f 3328/11/3449 3326/11/3449 3324/11/3449
f 3330/11/6026 3331/11/6026 3333/11/6026
f 3332/11/3451 3333/11/3451 3335/11/3451
f 3337/11/3452 3331/11/3452 3330/11/3452
f 3337/11/3453 3335/11/3453 3333/11/3453
f 3336/11/6027 3330/11/6027 3332/11/6027
f 3344/5/6028 3339/5/6028 3341/5/6028
f 3338/5/6029 3342/5/6029 3343/5/6029
f 3338/5/6030 3344/5/6030 3345/5/6030
f 3346/5/6031 3342/5/6031 3338/5/6031
f 3351/5/6032 3345/5/6032 3341/5/6032
f 3347/5/6033 3351/5/6033 3350/5/6033
f 3347/5/6034 3340/5/6034 3345/5/6034
f 3347/5/6035 3349/5/6035 3346/5/6035
f 3346/5/6036 3341/5/6036 3339/5/6036
f 3346/5/6037 3349/5/6037 3348/5/6037
f 3520/12/3469 3361/12/3469 3362/12/3469
f 3356/12/3470 3355/12/3470 3362/12/3470
f 3356/12/3471 3363/12/3471 3364/12/3471
f 3353/12/3473 3358/12/3473 3359/12/3473
f 3519/12/6038 3359/12/6038 3360/12/6038
f 3354/12/3475 3360/12/3475 3361/12/3475
f 3363/12/3476 3362/12/3476 3369/12/3476
f 3363/12/3477 3370/12/3477 3371/12/3477
f 3359/12/6039 3358/12/6039 3365/12/6039
f 3360/12/3480 3359/12/3480 3366/12/3480
f 3361/12/6040 3360/12/6040 3367/12/6040
f 3361/12/3482 3368/12/3482 3369/12/3482
f 3370/12/3483 3377/12/3483 3378/12/3483
f 3365/12/3485 3372/12/3485 3373/12/3485
f 3366/12/3486 3373/12/3486 3374/12/3486
f 3368/12/3487 3367/12/3487 3374/12/3487
f 3368/12/3488 3375/12/3488 3376/12/3488
f 3370/12/3489 3369/12/3489 3376/12/3489
f 3378/12/6041 3377/12/6041 3384/12/6041
f 3372/12/6042 3379/12/6042 3380/12/6042
f 3373/12/3493 3380/12/3493 3381/12/3493
f 3374/12/6043 3381/12/6043 3382/12/6043
f 3376/12/6044 3375/12/6044 3382/12/6044
f 3376/12/3496 3383/12/3496 3384/12/3496
f 3380/12/6045 3379/12/6045 3386/12/6045
f 3381/12/3499 3380/12/3499 3387/12/3499
f 3381/12/3500 3388/12/3500 3389/12/3500
f 3383/12/3501 3382/12/3501 3389/12/3501
f 3383/12/3502 3390/12/3502 3391/12/3502
f 3384/12/3503 3391/12/3503 3392/12/3503
f 3387/12/3505 3386/12/3505 3393/12/3505
f 3387/12/3506 3394/12/3506 3395/12/3506
f 3389/12/3507 3388/12/3507 3395/12/3507
f 3390/12/3508 3389/12/3508 3396/12/3508
f 3390/12/3509 3397/12/3509 3398/12/3509
f 3392/12/3510 3391/12/3510 3398/12/3510
f 3393/12/3511 3400/12/3511 3401/12/3511
f 3394/12/3512 3401/12/3512 3402/12/3512
f 3395/12/3513 3402/12/3513 3403/12/3513
f 3396/12/3514 3403/12/3514 3404/12/3514
f 3397/12/3515 3404/12/3515 3405/12/3515
f 3398/12/3516 3405/12/3516 3406/12/3516
f 3400/12/3518 3407/12/3518 3408/12/3518
f 3402/12/3519 3401/12/3519 3408/12/3519
f 3403/12/3520 3402/12/3520 3409/12/3520
f 3404/12/3521 3403/12/3521 3410/12/3521
f 3404/12/3522 3411/12/3522 3412/12/3522
f 3405/12/3523 3412/12/3523 3413/12/3523
f 3409/12/3525 3408/12/3525 3415/12/3525
f 3409/12/3526 3416/12/3526 3417/12/3526
f 3411/12/3527 3410/12/3527 3417/12/3527
f 3411/12/3528 3418/12/3528 3419/12/3528
f 3413/12/3529 3412/12/3529 3419/12/3529
f 3407/12/3531 3414/12/3531 3415/12/3531
f 3416/12/3532 3415/12/3532 3422/12/3532
f 3416/12/3533 3423/12/3533 3424/12/3533
f 3417/12/3534 3424/12/3534 3425/12/3534
f 3418/12/3535 3425/12/3535 3426/12/3535
f 3420/12/3536 3419/12/3536 3426/12/3536
f 3415/12/3538 3414/12/3538 3421/12/3538
f 3424/12/3539 3423/12/3539 3430/12/3539
f 3425/12/3540 3424/12/3540 3431/12/3540
f 3425/12/3541 3432/12/3541 3433/12/3541
f 3427/12/3542 3426/12/3542 3433/12/3542
f 3422/12/3544 3421/12/3544 3428/12/3544
f 3423/12/3545 3422/12/3545 3429/12/3545
f 3431/12/3546 3438/12/3546 3439/12/3546
f 3432/12/3547 3439/12/3547 3440/12/3547
f 3434/12/3548 3433/12/3548 3440/12/3548
f 3429/12/3550 3428/12/3550 3435/12/3550
f 3429/12/3551 3436/12/3551 3437/12/3551
f 3430/12/3552 3437/12/3552 3438/12/3552
f 3439/12/3553 3438/12/3553 3445/12/3553
f 3439/12/3554 3446/12/3554 3447/12/3554
f 3440/12/3555 3447/12/3555 3448/12/3555
f 3435/12/3557 3442/12/3557 3443/12/3557
f 3436/12/3558 3443/12/3558 3444/12/3558
f 3437/12/3559 3444/12/3559 3445/12/3559
f 3446/12/3560 3453/12/3560 3454/12/3560
f 3447/12/3561 3454/12/3561 3455/12/3561
f 3442/12/3563 3449/12/3563 3450/12/3563
f 3444/12/3564 3443/12/3564 3450/12/3564
f 3444/12/3565 3451/12/3565 3452/12/3565
f 3446/12/3566 3445/12/3566 3452/12/3566
f 3453/12/3567 3460/12/3567 3461/12/3567
f 3454/12/3568 3461/12/3568 3462/12/3568
f 3449/12/3570 3456/12/3570 3457/12/3570
f 3450/12/3571 3457/12/3571 3458/12/3571
f 3451/12/3572 3458/12/3572 3459/12/3572
f 3452/12/3573 3459/12/3573 3460/12/3573
f 3462/12/6046 3461/12/6046 3468/12/6046
f 3457/12/3576 3456/12/3576 3463/12/3576
f 3457/12/3577 3464/12/3577 3465/12/3577
f 3458/12/3578 3465/12/3578 3466/12/3578
f 3459/12/3579 3466/12/3579 3467/12/3579
f 3460/12/3580 3467/12/3580 3468/12/3580
f 3464/12/3582 3463/12/3582 3470/12/3582
f 3464/12/3583 3471/12/3583 3472/12/3583
f 3465/12/3584 3472/12/3584 3473/12/3584
f 3466/12/3585 3473/12/3585 3474/12/3585
f 3467/12/3586 3474/12/3586 3475/12/3586
f 3469/12/3587 3468/12/3587 3475/12/3587
f 3471/12/3589 3470/12/3589 3477/12/3589
f 3472/12/3590 3471/12/3590 3478/12/3590
f 3473/12/3591 3472/12/3591 3479/12/3591
f 3473/12/3592 3480/12/3592 3481/12/3592
f 3474/12/3593 3481/12/3593 3482/12/3593
f 3476/12/3594 3475/12/3594 3482/12/3594
f 3478/12/3596 3477/12/3596 3484/12/3596
f 3478/12/3597 3485/12/3597 3486/12/3597
f 3479/12/3598 3486/12/3598 3487/12/3598
f 3481/12/3599 3480/12/3599 3487/12/3599
f 3481/12/3600 3488/12/3600 3489/12/3600
f 3482/12/3601 3489/12/3601 3490/12/3601
f 3484/12/3602 3491/12/3602 3492/12/3602
f 3485/12/3603 3492/12/3603 3493/12/3603
f 3486/12/3604 3493/12/3604 3494/12/3604
f 3487/12/3605 3494/12/3605 3495/12/3605
f 3489/12/3606 3488/12/3606 3495/12/3606
f 3489/12/3607 3496/12/3607 3497/12/3607
f 3492/12/3609 3499/12/3609 3500/12/3609
f 3494/12/3610 3493/12/3610 3500/12/3610
f 3495/12/3611 3494/12/3611 3501/12/3611
f 3496/12/3612 3495/12/3612 3502/12/3612
f 3496/12/3613 3503/12/3613 3504/12/3613
f 3492/12/3615 3491/12/3615 3498/12/3615
f 3500/12/3616 3499/12/3616 3506/12/3616
f 3500/12/3617 3507/12/3617 3508/12/3617
f 3501/12/3618 3508/12/3618 3509/12/3618
f 3502/12/3619 3509/12/3619 3510/12/3619
f 3503/12/3620 3510/12/3620 3511/12/3620
f 3498/12/3622 3505/12/3622 3506/12/3622
f 3507/12/3623 3514/12/3623 3515/12/3623
f 3509/12/3624 3508/12/3624 3515/12/3624
f 3510/12/3625 3509/12/3625 3516/12/3625
f 3510/12/3626 3517/12/3626 3518/12/3626
f 3505/12/3628 3512/12/3628 3513/12/3628
f 3506/12/6047 3513/12/6047 3514/12/6047
f 3514/12/3630 3354/12/3630 3520/12/3630
f 3516/12/3631 3515/12/3631 3520/12/3631
f 3517/12/3632 3516/12/3632 3355/12/3632
f 3518/12/3633 3517/12/3633 3356/12/3633
f 3513/12/3635 3512/12/3635 3353/12/3635
f 3514/12/6048 3513/12/6048 3519/12/6048
